Arrival_Date,State,District,Market,Commodity,Variety,Min_Price,Max_Price,Modal_Price,Distance_KM
2026-05-14,Uttar Pradesh,Agra,Agra Mandi,Onion,Local,1748.15,1971.31,1859.73,15
2026-05-15,Uttar Pradesh,Agra,Agra Mandi,Onion,Local,1741.25,1963.53,1852.39,15
2026-05-16,Uttar Pradesh,Agra,Agra Mandi,Onion,Local,1720.1,1939.68,1829.89,15
2026-05-17,Uttar Pradesh,Agra,Agra Mandi,Onion,Local,1727.56,1948.1,1837.83,15
2026-05-18,Uttar Pradesh,Agra,Agra Mandi,Onion,Local,1713.24,1931.96,1822.6,15
2026-05-19,Uttar Pradesh,Agra,Agra Mandi,Onion,Local,1704.02,1921.56,1812.79,15
2026-05-20,Uttar Pradesh,Agra,Agra Mandi,Onion,Local,1696.44,1913.0,1804.72,15
2026-05-21,Uttar Pradesh,Agra,Agra Mandi,Onion,Local,1693.95,1910.19,1802.07,15
2026-05-22,Uttar Pradesh,Agra,Agra Mandi,Onion,Local,1684.1,1899.1,1791.6,15
2026-05-23,Uttar Pradesh,Agra,Agra Mandi,Onion,Local,1684.63,1899.69,1792.16,15
2026-05-24,Uttar Pradesh,Agra,Agra Mandi,Onion,Local,1676.58,1890.62,1783.6,15
2026-05-25,Uttar Pradesh,Agra,Agra Mandi,Onion,Local,1685.84,1901.06,1793.45,15
2026-05-26,Uttar Pradesh,Agra,Agra Mandi,Onion,Local,1699.42,1916.36,1807.89,15
2026-05-27,Uttar Pradesh,Agra,Agra Mandi,Onion,Local,1700.92,1918.06,1809.49,15
2026-05-28,Uttar Pradesh,Agra,Agra Mandi,Onion,Local,1707.06,1924.98,1816.02,15
2026-05-29,Uttar Pradesh,Agra,Agra Mandi,Onion,Local,1734.85,1956.33,1845.59,15
2026-05-30,Uttar Pradesh,Agra,Agra Mandi,Onion,Local,1719.6,1939.12,1829.36,15
2026-05-31,Uttar Pradesh,Agra,Agra Mandi,Onion,Local,1703.55,1921.03,1812.29,15
2026-06-01,Uttar Pradesh,Agra,Agra Mandi,Onion,Local,1712.74,1931.38,1822.06,15
2026-06-02,Uttar Pradesh,Agra,Agra Mandi,Onion,Local,1738.29,1960.19,1849.24,15
2026-06-03,Uttar Pradesh,Agra,Agra Mandi,Onion,Local,1734.96,1956.44,1845.7,15
2026-06-04,Uttar Pradesh,Agra,Agra Mandi,Onion,Local,1757.64,1982.02,1869.83,15
2026-06-05,Uttar Pradesh,Agra,Agra Mandi,Onion,Local,1758.98,1983.54,1871.26,15
2026-06-06,Uttar Pradesh,Agra,Agra Mandi,Onion,Local,1750.17,1973.59,1861.88,15
2026-06-07,Uttar Pradesh,Agra,Agra Mandi,Onion,Local,1737.3,1959.08,1848.19,15
2026-06-08,Uttar Pradesh,Agra,Agra Mandi,Onion,Local,1745.62,1968.46,1857.04,15
2026-06-09,Uttar Pradesh,Agra,Agra Mandi,Onion,Local,1733.74,1955.06,1844.4,15
2026-06-10,Uttar Pradesh,Agra,Agra Mandi,Onion,Local,1734.88,1956.36,1845.62,15
2026-06-11,Uttar Pradesh,Agra,Agra Mandi,Onion,Local,1755.68,1979.82,1867.75,15
2026-06-12,Uttar Pradesh,Agra,Agra Mandi,Onion,Local,1751.76,1975.38,1863.57,15
2026-06-13,Uttar Pradesh,Agra,Agra Mandi,Onion,Local,1769.03,1994.87,1881.95,15
2026-06-14,Uttar Pradesh,Agra,Agra Mandi,Onion,Local,1753.23,1977.05,1865.14,15
2026-06-15,Uttar Pradesh,Agra,Agra Mandi,Onion,Local,1746.34,1969.28,1857.81,15
2026-06-16,Uttar Pradesh,Agra,Agra Mandi,Onion,Local,1728.02,1948.62,1838.32,15
2026-06-17,Uttar Pradesh,Agra,Agra Mandi,Onion,Local,1729.06,1949.8,1839.43,15
2026-06-18,Uttar Pradesh,Agra,Agra Mandi,Onion,Local,1739.35,1961.39,1850.37,15
2026-06-19,Uttar Pradesh,Agra,Agra Mandi,Onion,Local,1740.42,1962.6,1851.51,15
2026-06-20,Uttar Pradesh,Agra,Agra Mandi,Onion,Local,1756.56,1980.8,1868.68,15
2026-06-21,Uttar Pradesh,Agra,Agra Mandi,Onion,Local,1746.85,1969.85,1858.35,15
2026-06-22,Uttar Pradesh,Agra,Agra Mandi,Onion,Local,1749.89,1973.27,1861.58,15
2026-06-23,Uttar Pradesh,Agra,Agra Mandi,Onion,Local,1743.07,1965.59,1854.33,15
2026-06-24,Uttar Pradesh,Agra,Agra Mandi,Onion,Local,1747.89,1971.03,1859.46,15
2026-06-25,Uttar Pradesh,Agra,Agra Mandi,Onion,Local,1754.57,1978.55,1866.56,15
2026-06-26,Uttar Pradesh,Agra,Agra Mandi,Onion,Local,1762.27,1987.25,1874.76,15
2026-06-27,Uttar Pradesh,Agra,Agra Mandi,Onion,Local,1748.35,1971.55,1859.95,15
2026-06-28,Uttar Pradesh,Agra,Agra Mandi,Onion,Local,1736.8,1958.52,1847.66,15
2026-06-29,Uttar Pradesh,Agra,Agra Mandi,Onion,Local,1727.67,1948.23,1837.95,15
2026-06-30,Uttar Pradesh,Agra,Agra Mandi,Onion,Local,1724.64,1944.8,1834.72,15
2026-07-01,Uttar Pradesh,Agra,Agra Mandi,Onion,Local,1725.87,1946.19,1836.03,15
2026-07-02,Uttar Pradesh,Agra,Agra Mandi,Onion,Local,1735.21,1956.73,1845.97,15
2026-07-03,Uttar Pradesh,Agra,Agra Mandi,Onion,Local,1724.21,1944.33,1834.27,15
2026-07-04,Uttar Pradesh,Agra,Agra Mandi,Onion,Local,1703.36,1920.8,1812.08,15
2026-07-05,Uttar Pradesh,Agra,Agra Mandi,Onion,Local,1731.64,1952.7,1842.17,15
2026-07-06,Uttar Pradesh,Agra,Agra Mandi,Onion,Local,1716.93,1936.11,1826.52,15
2026-07-07,Uttar Pradesh,Agra,Agra Mandi,Onion,Local,1727.95,1948.55,1838.25,15
2026-07-08,Uttar Pradesh,Agra,Agra Mandi,Onion,Local,1728.45,1949.11,1838.78,15
2026-07-09,Uttar Pradesh,Agra,Agra Mandi,Onion,Local,1731.83,1952.91,1842.37,15
2026-07-10,Uttar Pradesh,Agra,Agra Mandi,Onion,Local,1731.89,1952.99,1842.44,15
2026-07-11,Uttar Pradesh,Agra,Agra Mandi,Onion,Local,1726.95,1947.41,1837.18,15
2026-07-12,Uttar Pradesh,Agra,Agra Mandi,Onion,Local,1733.1,1954.34,1843.72,15
2026-07-13,Uttar Pradesh,Agra,Agra Mandi,Onion,Local,1727.45,1947.97,1837.71,15
2026-07-14,Uttar Pradesh,Agra,Agra Mandi,Onion,Local,1742.8,1965.28,1854.04,15
2026-07-15,Uttar Pradesh,Agra,Agra Mandi,Onion,Local,1750.32,1973.76,1862.04,15
2026-07-16,Uttar Pradesh,Agra,Agra Mandi,Onion,Local,1758.25,1982.71,1870.48,15
2026-07-17,Uttar Pradesh,Agra,Agra Mandi,Onion,Local,1751.7,1975.32,1863.51,15
2026-07-18,Uttar Pradesh,Agra,Agra Mandi,Onion,Local,1748.7,1971.94,1860.32,15
2026-07-19,Uttar Pradesh,Agra,Agra Mandi,Onion,Local,1733.25,1954.51,1843.88,15
2026-07-20,Uttar Pradesh,Agra,Agra Mandi,Onion,Local,1728.72,1949.4,1839.06,15
2026-07-21,Uttar Pradesh,Agra,Agra Mandi,Onion,Local,1715.25,1934.21,1824.73,15
2026-07-22,Uttar Pradesh,Agra,Agra Mandi,Onion,Local,1732.5,1953.68,1843.09,15
2026-07-23,Uttar Pradesh,Agra,Agra Mandi,Onion,Local,1733.26,1954.52,1843.89,15
2026-07-24,Uttar Pradesh,Agra,Agra Mandi,Onion,Local,1735.57,1957.13,1846.35,15
2026-07-25,Uttar Pradesh,Agra,Agra Mandi,Onion,Local,1732.71,1953.91,1843.31,15
2026-07-26,Uttar Pradesh,Agra,Agra Mandi,Onion,Local,1735.38,1956.92,1846.15,15
2026-07-27,Uttar Pradesh,Agra,Agra Mandi,Onion,Local,1767.72,1993.38,1880.55,15
2026-07-28,Uttar Pradesh,Agra,Agra Mandi,Onion,Local,1763.87,1989.05,1876.46,15
2026-07-29,Uttar Pradesh,Agra,Agra Mandi,Onion,Local,1755.46,1979.56,1867.51,15
2026-07-30,Uttar Pradesh,Agra,Agra Mandi,Onion,Local,1762.47,1987.47,1874.97,15
2026-07-31,Uttar Pradesh,Agra,Agra Mandi,Onion,Local,1729.52,1950.32,1839.92,15
2026-08-01,Uttar Pradesh,Agra,Agra Mandi,Onion,Local,1730.45,1951.35,1840.9,15
2026-08-02,Uttar Pradesh,Agra,Agra Mandi,Onion,Local,1725.67,1945.97,1835.82,15
2026-08-03,Uttar Pradesh,Agra,Agra Mandi,Onion,Local,1712.77,1931.43,1822.1,15
2026-08-04,Uttar Pradesh,Agra,Agra Mandi,Onion,Local,1719.5,1939.02,1829.26,15
2026-08-05,Uttar Pradesh,Agra,Agra Mandi,Onion,Local,1720.3,1939.92,1830.11,15
2026-08-06,Uttar Pradesh,Agra,Agra Mandi,Onion,Local,1696.81,1913.43,1805.12,15
2026-08-07,Uttar Pradesh,Agra,Agra Mandi,Onion,Local,1688.44,1903.98,1796.21,15
2026-08-08,Uttar Pradesh,Agra,Agra Mandi,Onion,Local,1650.74,1861.48,1756.11,15
2026-08-09,Uttar Pradesh,Agra,Agra Mandi,Onion,Local,1654.67,1865.91,1760.29,15
2026-08-10,Uttar Pradesh,Agra,Agra Mandi,Onion,Local,1658.46,1870.18,1764.32,15
2026-08-11,Uttar Pradesh,Agra,Agra Mandi,Onion,Local,1648.18,1858.58,1753.38,15
2026-08-12,Uttar Pradesh,Agra,Agra Mandi,Onion,Local,1655.32,1866.64,1760.98,15
2026-08-13,Uttar Pradesh,Agra,Agra Mandi,Onion,Local,1638.64,1847.82,1743.23,15
2026-08-14,Uttar Pradesh,Agra,Agra Mandi,Onion,Local,1626.08,1833.66,1729.87,15
2026-08-15,Uttar Pradesh,Agra,Agra Mandi,Onion,Local,1631.62,1839.92,1735.77,15
2026-08-16,Uttar Pradesh,Agra,Agra Mandi,Onion,Local,1622.7,1829.86,1726.28,15
2026-08-17,Uttar Pradesh,Agra,Agra Mandi,Onion,Local,1621.97,1829.03,1725.5,15
2026-08-18,Uttar Pradesh,Agra,Agra Mandi,Onion,Local,1614.68,1820.82,1717.75,15
2026-08-19,Uttar Pradesh,Agra,Agra Mandi,Onion,Local,1609.4,1814.86,1712.13,15
2026-08-20,Uttar Pradesh,Agra,Agra Mandi,Onion,Local,1604.68,1809.54,1707.11,15
2026-08-21,Uttar Pradesh,Agra,Agra Mandi,Onion,Local,1595.53,1799.21,1697.37,15
2026-08-22,Uttar Pradesh,Agra,Agra Mandi,Onion,Local,1599.57,1803.77,1701.67,15
2026-08-23,Uttar Pradesh,Agra,Agra Mandi,Onion,Local,1591.44,1794.6,1693.02,15
2026-08-24,Uttar Pradesh,Agra,Agra Mandi,Onion,Local,1591.73,1794.93,1693.33,15
2026-08-25,Uttar Pradesh,Agra,Agra Mandi,Onion,Local,1582.28,1784.28,1683.28,15
2026-08-26,Uttar Pradesh,Agra,Agra Mandi,Onion,Local,1562.31,1761.75,1662.03,15
2026-08-27,Uttar Pradesh,Agra,Agra Mandi,Onion,Local,1574.33,1775.31,1674.82,15
2026-08-28,Uttar Pradesh,Agra,Agra Mandi,Onion,Local,1580.95,1782.77,1681.86,15
2026-08-29,Uttar Pradesh,Agra,Agra Mandi,Onion,Local,1610.97,1816.63,1713.8,15
2026-08-30,Uttar Pradesh,Agra,Agra Mandi,Onion,Local,1597.41,1801.33,1699.37,15
2026-08-31,Uttar Pradesh,Agra,Agra Mandi,Onion,Local,1594.76,1798.34,1696.55,15
2026-09-01,Uttar Pradesh,Agra,Agra Mandi,Onion,Local,1593.17,1796.55,1694.86,15
2026-09-02,Uttar Pradesh,Agra,Agra Mandi,Onion,Local,1606.2,1811.24,1708.72,15
2026-09-03,Uttar Pradesh,Agra,Agra Mandi,Onion,Local,1599.64,1803.86,1701.75,15
2026-09-04,Uttar Pradesh,Agra,Agra Mandi,Onion,Local,1584.42,1786.68,1685.55,15
2026-09-05,Uttar Pradesh,Agra,Agra Mandi,Onion,Local,1600.3,1804.6,1702.45,15
2026-09-06,Uttar Pradesh,Agra,Agra Mandi,Onion,Local,1596.25,1800.03,1698.14,15
2026-09-07,Uttar Pradesh,Agra,Agra Mandi,Onion,Local,1607.83,1813.09,1710.46,15
2026-09-08,Uttar Pradesh,Agra,Agra Mandi,Onion,Local,1617.89,1824.43,1721.16,15
2026-09-09,Uttar Pradesh,Agra,Agra Mandi,Onion,Local,1617.58,1824.08,1720.83,15
2026-09-10,Uttar Pradesh,Agra,Agra Mandi,Onion,Local,1615.39,1821.61,1718.5,15
2026-05-14,Delhi,North Delhi,Azadpur Mandi,Onion,Nashik Red,1726.59,1947.01,1836.8,60
2026-05-15,Delhi,North Delhi,Azadpur Mandi,Onion,Nashik Red,1740.26,1962.42,1851.34,60
2026-05-16,Delhi,North Delhi,Azadpur Mandi,Onion,Nashik Red,1754.64,1978.64,1866.64,60
2026-05-17,Delhi,North Delhi,Azadpur Mandi,Onion,Nashik Red,1770.08,1996.04,1883.06,60
2026-05-18,Delhi,North Delhi,Azadpur Mandi,Onion,Nashik Red,1778.41,2005.45,1891.93,60
2026-05-19,Delhi,North Delhi,Azadpur Mandi,Onion,Nashik Red,1763.72,1988.88,1876.3,60
2026-05-20,Delhi,North Delhi,Azadpur Mandi,Onion,Nashik Red,1784.93,2012.79,1898.86,60
2026-05-21,Delhi,North Delhi,Azadpur Mandi,Onion,Nashik Red,1770.2,1996.18,1883.19,60
2026-05-22,Delhi,North Delhi,Azadpur Mandi,Onion,Nashik Red,1774.19,2000.69,1887.44,60
2026-05-23,Delhi,North Delhi,Azadpur Mandi,Onion,Nashik Red,1764.53,1989.79,1877.16,60
2026-05-24,Delhi,North Delhi,Azadpur Mandi,Onion,Nashik Red,1763.79,1988.95,1876.37,60
2026-05-25,Delhi,North Delhi,Azadpur Mandi,Onion,Nashik Red,1768.12,1993.84,1880.98,60
2026-05-26,Delhi,North Delhi,Azadpur Mandi,Onion,Nashik Red,1772.36,1998.62,1885.49,60
2026-05-27,Delhi,North Delhi,Azadpur Mandi,Onion,Nashik Red,1777.91,2004.87,1891.39,60
2026-05-28,Delhi,North Delhi,Azadpur Mandi,Onion,Nashik Red,1798.86,2028.5,1913.68,60
2026-05-29,Delhi,North Delhi,Azadpur Mandi,Onion,Nashik Red,1804.81,2035.21,1920.01,60
2026-05-30,Delhi,North Delhi,Azadpur Mandi,Onion,Nashik Red,1801.74,2031.74,1916.74,60
2026-05-31,Delhi,North Delhi,Azadpur Mandi,Onion,Nashik Red,1814.28,2045.9,1930.09,60
2026-06-01,Delhi,North Delhi,Azadpur Mandi,Onion,Nashik Red,1829.75,2063.33,1946.54,60
2026-06-02,Delhi,North Delhi,Azadpur Mandi,Onion,Nashik Red,1813.96,2045.54,1929.75,60
2026-06-03,Delhi,North Delhi,Azadpur Mandi,Onion,Nashik Red,1821.78,2054.34,1938.06,60
2026-06-04,Delhi,North Delhi,Azadpur Mandi,Onion,Nashik Red,1830.93,2064.67,1947.8,60
2026-06-05,Delhi,North Delhi,Azadpur Mandi,Onion,Nashik Red,1827.16,2060.42,1943.79,60
2026-06-06,Delhi,North Delhi,Azadpur Mandi,Onion,Nashik Red,1845.04,2080.58,1962.81,60
2026-06-07,Delhi,North Delhi,Azadpur Mandi,Onion,Nashik Red,1843.19,2078.49,1960.84,60
2026-06-08,Delhi,North Delhi,Azadpur Mandi,Onion,Nashik Red,1844.89,2080.41,1962.65,60
2026-06-09,Delhi,North Delhi,Azadpur Mandi,Onion,Nashik Red,1842.75,2077.99,1960.37,60
2026-06-10,Delhi,North Delhi,Azadpur Mandi,Onion,Nashik Red,1843.03,2078.31,1960.67,60
2026-06-11,Delhi,North Delhi,Azadpur Mandi,Onion,Nashik Red,1828.95,2062.43,1945.69,60
2026-06-12,Delhi,North Delhi,Azadpur Mandi,Onion,Nashik Red,1810.41,2041.53,1925.97,60
2026-06-13,Delhi,North Delhi,Azadpur Mandi,Onion,Nashik Red,1831.11,2064.87,1947.99,60
2026-06-14,Delhi,North Delhi,Azadpur Mandi,Onion,Nashik Red,1820.25,2052.63,1936.44,60
2026-06-15,Delhi,North Delhi,Azadpur Mandi,Onion,Nashik Red,1807.52,2038.26,1922.89,60
2026-06-16,Delhi,North Delhi,Azadpur Mandi,Onion,Nashik Red,1779.76,2006.96,1893.36,60
2026-06-17,Delhi,North Delhi,Azadpur Mandi,Onion,Nashik Red,1771.59,1997.75,1884.67,60
2026-06-18,Delhi,North Delhi,Azadpur Mandi,Onion,Nashik Red,1754.57,1978.55,1866.56,60
2026-06-19,Delhi,North Delhi,Azadpur Mandi,Onion,Nashik Red,1775.89,2002.59,1889.24,60
2026-06-20,Delhi,North Delhi,Azadpur Mandi,Onion,Nashik Red,1789.03,2017.41,1903.22,60
2026-06-21,Delhi,North Delhi,Azadpur Mandi,Onion,Nashik Red,1780.21,2007.47,1893.84,60
2026-06-22,Delhi,North Delhi,Azadpur Mandi,Onion,Nashik Red,1809.42,2040.42,1924.92,60
2026-06-23,Delhi,North Delhi,Azadpur Mandi,Onion,Nashik Red,1822.2,2054.82,1938.51,60
2026-06-24,Delhi,North Delhi,Azadpur Mandi,Onion,Nashik Red,1818.09,2050.19,1934.14,60
2026-06-25,Delhi,North Delhi,Azadpur Mandi,Onion,Nashik Red,1785.86,2013.84,1899.85,60
2026-06-26,Delhi,North Delhi,Azadpur Mandi,Onion,Nashik Red,1815.56,2047.34,1931.45,60
2026-06-27,Delhi,North Delhi,Azadpur Mandi,Onion,Nashik Red,1797.68,2027.18,1912.43,60
2026-06-28,Delhi,North Delhi,Azadpur Mandi,Onion,Nashik Red,1776.5,2003.28,1889.89,60
2026-06-29,Delhi,North Delhi,Azadpur Mandi,Onion,Nashik Red,1789.81,2018.29,1904.05,60
2026-06-30,Delhi,North Delhi,Azadpur Mandi,Onion,Nashik Red,1821.44,2053.96,1937.7,60
2026-07-01,Delhi,North Delhi,Azadpur Mandi,Onion,Nashik Red,1839.42,2074.24,1956.83,60
2026-07-02,Delhi,North Delhi,Azadpur Mandi,Onion,Nashik Red,1846.8,2082.56,1964.68,60
2026-07-03,Delhi,North Delhi,Azadpur Mandi,Onion,Nashik Red,1854.57,2091.33,1972.95,60
2026-07-04,Delhi,North Delhi,Azadpur Mandi,Onion,Nashik Red,1865.69,2103.87,1984.78,60
2026-07-05,Delhi,North Delhi,Azadpur Mandi,Onion,Nashik Red,1875.59,2115.03,1995.31,60
2026-07-06,Delhi,North Delhi,Azadpur Mandi,Onion,Nashik Red,1879.31,2119.23,1999.27,60
2026-07-07,Delhi,North Delhi,Azadpur Mandi,Onion,Nashik Red,1880.74,2120.84,2000.79,60
2026-07-08,Delhi,North Delhi,Azadpur Mandi,Onion,Nashik Red,1880.02,2120.02,2000.02,60
2026-07-09,Delhi,North Delhi,Azadpur Mandi,Onion,Nashik Red,1870.37,2109.14,1989.75,60
2026-07-10,Delhi,North Delhi,Azadpur Mandi,Onion,Nashik Red,1866.82,2105.14,1985.98,60
2026-07-11,Delhi,North Delhi,Azadpur Mandi,Onion,Nashik Red,1845.01,2080.55,1962.78,60
2026-07-12,Delhi,North Delhi,Azadpur Mandi,Onion,Nashik Red,1843.83,2079.21,1961.52,60
2026-07-13,Delhi,North Delhi,Azadpur Mandi,Onion,Nashik Red,1831.14,2064.9,1948.02,60
2026-07-14,Delhi,North Delhi,Azadpur Mandi,Onion,Nashik Red,1816.95,2048.91,1932.93,60
2026-07-15,Delhi,North Delhi,Azadpur Mandi,Onion,Nashik Red,1819.36,2051.62,1935.49,60
2026-07-16,Delhi,North Delhi,Azadpur Mandi,Onion,Nashik Red,1837.45,2072.01,1954.73,60
2026-07-17,Delhi,North Delhi,Azadpur Mandi,Onion,Nashik Red,1849.41,2085.51,1967.46,60
2026-07-18,Delhi,North Delhi,Azadpur Mandi,Onion,Nashik Red,1829.19,2062.71,1945.95,60
2026-07-19,Delhi,North Delhi,Azadpur Mandi,Onion,Nashik Red,1816.48,2048.38,1932.43,60
2026-07-20,Delhi,North Delhi,Azadpur Mandi,Onion,Nashik Red,1828.73,2062.19,1945.46,60
2026-07-21,Delhi,North Delhi,Azadpur Mandi,Onion,Nashik Red,1816.11,2047.95,1932.03,60
2026-07-22,Delhi,North Delhi,Azadpur Mandi,Onion,Nashik Red,1813.3,2044.78,1929.04,60
2026-07-23,Delhi,North Delhi,Azadpur Mandi,Onion,Nashik Red,1820.49,2052.89,1936.69,60
2026-07-24,Delhi,North Delhi,Azadpur Mandi,Onion,Nashik Red,1808.06,2038.88,1923.47,60
2026-07-25,Delhi,North Delhi,Azadpur Mandi,Onion,Nashik Red,1809.51,2040.51,1925.01,60
2026-07-26,Delhi,North Delhi,Azadpur Mandi,Onion,Nashik Red,1792.35,2021.15,1906.75,60
2026-07-27,Delhi,North Delhi,Azadpur Mandi,Onion,Nashik Red,1784.66,2012.48,1898.57,60
2026-07-28,Delhi,North Delhi,Azadpur Mandi,Onion,Nashik Red,1788.88,2017.24,1903.06,60
2026-07-29,Delhi,North Delhi,Azadpur Mandi,Onion,Nashik Red,1768.37,1994.11,1881.24,60
2026-07-30,Delhi,North Delhi,Azadpur Mandi,Onion,Nashik Red,1774.15,2000.63,1887.39,60
2026-07-31,Delhi,North Delhi,Azadpur Mandi,Onion,Nashik Red,1773.98,2000.44,1887.21,60
2026-08-01,Delhi,North Delhi,Azadpur Mandi,Onion,Nashik Red,1781.21,2008.59,1894.9,60
2026-08-02,Delhi,North Delhi,Azadpur Mandi,Onion,Nashik Red,1784.2,2011.96,1898.08,60
2026-08-03,Delhi,North Delhi,Azadpur Mandi,Onion,Nashik Red,1801.91,2031.95,1916.93,60
2026-08-04,Delhi,North Delhi,Azadpur Mandi,Onion,Nashik Red,1803.62,2033.88,1918.75,60
2026-08-05,Delhi,North Delhi,Azadpur Mandi,Onion,Nashik Red,1798.15,2027.71,1912.93,60
2026-08-06,Delhi,North Delhi,Azadpur Mandi,Onion,Nashik Red,1799.82,2029.58,1914.7,60
2026-08-07,Delhi,North Delhi,Azadpur Mandi,Onion,Nashik Red,1806.93,2037.61,1922.27,60
2026-08-08,Delhi,North Delhi,Azadpur Mandi,Onion,Nashik Red,1807.65,2038.41,1923.03,60
2026-08-09,Delhi,North Delhi,Azadpur Mandi,Onion,Nashik Red,1808.26,2039.1,1923.68,60
2026-08-10,Delhi,North Delhi,Azadpur Mandi,Onion,Nashik Red,1799.27,2028.97,1914.12,60
2026-08-11,Delhi,North Delhi,Azadpur Mandi,Onion,Nashik Red,1790.78,2019.4,1905.09,60
2026-08-12,Delhi,North Delhi,Azadpur Mandi,Onion,Nashik Red,1772.74,1999.04,1885.89,60
2026-08-13,Delhi,North Delhi,Azadpur Mandi,Onion,Nashik Red,1795.45,2024.65,1910.05,60
2026-08-14,Delhi,North Delhi,Azadpur Mandi,Onion,Nashik Red,1779.45,2006.61,1893.03,60
2026-08-15,Delhi,North Delhi,Azadpur Mandi,Onion,Nashik Red,1770.57,1996.61,1883.59,60
2026-08-16,Delhi,North Delhi,Azadpur Mandi,Onion,Nashik Red,1761.37,1986.23,1873.8,60
2026-08-17,Delhi,North Delhi,Azadpur Mandi,Onion,Nashik Red,1773.03,1999.37,1886.2,60
2026-08-18,Delhi,North Delhi,Azadpur Mandi,Onion,Nashik Red,1769.31,1995.17,1882.24,60
2026-08-19,Delhi,North Delhi,Azadpur Mandi,Onion,Nashik Red,1785.52,2013.46,1899.49,60
2026-08-20,Delhi,North Delhi,Azadpur Mandi,Onion,Nashik Red,1776.9,2003.74,1890.32,60
2026-08-21,Delhi,North Delhi,Azadpur Mandi,Onion,Nashik Red,1780.6,2007.9,1894.25,60
2026-08-22,Delhi,North Delhi,Azadpur Mandi,Onion,Nashik Red,1769.88,1995.82,1882.85,60
2026-08-23,Delhi,North Delhi,Azadpur Mandi,Onion,Nashik Red,1797.7,2027.2,1912.45,60
2026-08-24,Delhi,North Delhi,Azadpur Mandi,Onion,Nashik Red,1782.44,2009.98,1896.21,60
2026-08-25,Delhi,North Delhi,Azadpur Mandi,Onion,Nashik Red,1786.53,2014.59,1900.56,60
2026-08-26,Delhi,North Delhi,Azadpur Mandi,Onion,Nashik Red,1794.81,2023.93,1909.37,60
2026-08-27,Delhi,North Delhi,Azadpur Mandi,Onion,Nashik Red,1800.24,2030.06,1915.15,60
2026-08-28,Delhi,North Delhi,Azadpur Mandi,Onion,Nashik Red,1797.93,2027.45,1912.69,60
2026-08-29,Delhi,North Delhi,Azadpur Mandi,Onion,Nashik Red,1796.34,2025.66,1911.0,60
2026-08-30,Delhi,North Delhi,Azadpur Mandi,Onion,Nashik Red,1796.99,2026.39,1911.69,60
2026-08-31,Delhi,North Delhi,Azadpur Mandi,Onion,Nashik Red,1795.17,2024.35,1909.76,60
2026-09-01,Delhi,North Delhi,Azadpur Mandi,Onion,Nashik Red,1807.72,2038.5,1923.11,60
2026-09-02,Delhi,North Delhi,Azadpur Mandi,Onion,Nashik Red,1836.39,2070.83,1953.61,60
2026-09-03,Delhi,North Delhi,Azadpur Mandi,Onion,Nashik Red,1829.27,2062.79,1946.03,60
2026-09-04,Delhi,North Delhi,Azadpur Mandi,Onion,Nashik Red,1811.64,2042.92,1927.28,60
2026-09-05,Delhi,North Delhi,Azadpur Mandi,Onion,Nashik Red,1810.59,2041.73,1926.16,60
2026-09-06,Delhi,North Delhi,Azadpur Mandi,Onion,Nashik Red,1844.04,2079.44,1961.74,60
2026-09-07,Delhi,North Delhi,Azadpur Mandi,Onion,Nashik Red,1833.72,2067.82,1950.77,60
2026-09-08,Delhi,North Delhi,Azadpur Mandi,Onion,Nashik Red,1855.01,2091.81,1973.41,60
2026-09-09,Delhi,North Delhi,Azadpur Mandi,Onion,Nashik Red,1876.79,2116.37,1996.58,60
2026-09-10,Delhi,North Delhi,Azadpur Mandi,Onion,Nashik Red,1869.72,2108.4,1989.06,60
2026-05-14,Madhya Pradesh,Bhopal,Bhopal Mandi,Onion,Bangalore Rose,1594.8,1798.4,1696.6,480
2026-05-15,Madhya Pradesh,Bhopal,Bhopal Mandi,Onion,Bangalore Rose,1592.39,1795.67,1694.03,480
2026-05-16,Madhya Pradesh,Bhopal,Bhopal Mandi,Onion,Bangalore Rose,1590.93,1794.03,1692.48,480
2026-05-17,Madhya Pradesh,Bhopal,Bhopal Mandi,Onion,Bangalore Rose,1568.5,1768.74,1668.62,480
2026-05-18,Madhya Pradesh,Bhopal,Bhopal Mandi,Onion,Bangalore Rose,1562.02,1761.42,1661.72,480
2026-05-19,Madhya Pradesh,Bhopal,Bhopal Mandi,Onion,Bangalore Rose,1563.2,1762.76,1662.98,480
2026-05-20,Madhya Pradesh,Bhopal,Bhopal Mandi,Onion,Bangalore Rose,1565.19,1765.01,1665.1,480
2026-05-21,Madhya Pradesh,Bhopal,Bhopal Mandi,Onion,Bangalore Rose,1552.98,1751.24,1652.11,480
2026-05-22,Madhya Pradesh,Bhopal,Bhopal Mandi,Onion,Bangalore Rose,1568.2,1768.4,1668.3,480
2026-05-23,Madhya Pradesh,Bhopal,Bhopal Mandi,Onion,Bangalore Rose,1557.92,1756.8,1657.36,480
2026-05-24,Madhya Pradesh,Bhopal,Bhopal Mandi,Onion,Bangalore Rose,1569.6,1769.98,1669.79,480
2026-05-25,Madhya Pradesh,Bhopal,Bhopal Mandi,Onion,Bangalore Rose,1574.79,1775.83,1675.31,480
2026-05-26,Madhya Pradesh,Bhopal,Bhopal Mandi,Onion,Bangalore Rose,1567.14,1767.2,1667.17,480
2026-05-27,Madhya Pradesh,Bhopal,Bhopal Mandi,Onion,Bangalore Rose,1588.46,1791.24,1689.85,480
2026-05-28,Madhya Pradesh,Bhopal,Bhopal Mandi,Onion,Bangalore Rose,1574.26,1775.22,1674.74,480
2026-05-29,Madhya Pradesh,Bhopal,Bhopal Mandi,Onion,Bangalore Rose,1585.34,1787.72,1686.53,480
2026-05-30,Madhya Pradesh,Bhopal,Bhopal Mandi,Onion,Bangalore Rose,1597.38,1801.3,1699.34,480
2026-05-31,Madhya Pradesh,Bhopal,Bhopal Mandi,Onion,Bangalore Rose,1589.44,1792.34,1690.89,480
2026-06-01,Madhya Pradesh,Bhopal,Bhopal Mandi,Onion,Bangalore Rose,1606.18,1811.22,1708.7,480
2026-06-02,Madhya Pradesh,Bhopal,Bhopal Mandi,Onion,Bangalore Rose,1603.26,1807.94,1705.6,480
2026-06-03,Madhya Pradesh,Bhopal,Bhopal Mandi,Onion,Bangalore Rose,1606.8,1811.92,1709.36,480
2026-06-04,Madhya Pradesh,Bhopal,Bhopal Mandi,Onion,Bangalore Rose,1609.99,1815.53,1712.76,480
2026-06-05,Madhya Pradesh,Bhopal,Bhopal Mandi,Onion,Bangalore Rose,1608.47,1813.81,1711.14,480
2026-06-06,Madhya Pradesh,Bhopal,Bhopal Mandi,Onion,Bangalore Rose,1618.25,1824.83,1721.54,480
2026-06-07,Madhya Pradesh,Bhopal,Bhopal Mandi,Onion,Bangalore Rose,1627.82,1835.62,1731.72,480
2026-06-08,Madhya Pradesh,Bhopal,Bhopal Mandi,Onion,Bangalore Rose,1606.98,1812.12,1709.55,480
2026-06-09,Madhya Pradesh,Bhopal,Bhopal Mandi,Onion,Bangalore Rose,1622.67,1829.81,1726.24,480
2026-06-10,Madhya Pradesh,Bhopal,Bhopal Mandi,Onion,Bangalore Rose,1602.86,1807.48,1705.17,480
2026-06-11,Madhya Pradesh,Bhopal,Bhopal Mandi,Onion,Bangalore Rose,1615.29,1821.49,1718.39,480
2026-06-12,Madhya Pradesh,Bhopal,Bhopal Mandi,Onion,Bangalore Rose,1628.85,1836.79,1732.82,480
2026-06-13,Madhya Pradesh,Bhopal,Bhopal Mandi,Onion,Bangalore Rose,1615.88,1822.16,1719.02,480
2026-06-14,Madhya Pradesh,Bhopal,Bhopal Mandi,Onion,Bangalore Rose,1611.04,1816.7,1713.87,480
2026-06-15,Madhya Pradesh,Bhopal,Bhopal Mandi,Onion,Bangalore Rose,1597.9,1801.88,1699.89,480
2026-06-16,Madhya Pradesh,Bhopal,Bhopal Mandi,Onion,Bangalore Rose,1595.41,1799.07,1697.24,480
2026-06-17,Madhya Pradesh,Bhopal,Bhopal Mandi,Onion,Bangalore Rose,1591.8,1795.0,1693.4,480
2026-06-18,Madhya Pradesh,Bhopal,Bhopal Mandi,Onion,Bangalore Rose,1601.21,1805.61,1703.41,480
2026-06-19,Madhya Pradesh,Bhopal,Bhopal Mandi,Onion,Bangalore Rose,1616.96,1823.38,1720.17,480
2026-06-20,Madhya Pradesh,Bhopal,Bhopal Mandi,Onion,Bangalore Rose,1633.74,1842.3,1738.02,480
2026-06-21,Madhya Pradesh,Bhopal,Bhopal Mandi,Onion,Bangalore Rose,1627.09,1834.81,1730.95,480
2026-06-22,Madhya Pradesh,Bhopal,Bhopal Mandi,Onion,Bangalore Rose,1624.67,1832.07,1728.37,480
2026-06-23,Madhya Pradesh,Bhopal,Bhopal Mandi,Onion,Bangalore Rose,1604.61,1809.45,1707.03,480
2026-06-24,Madhya Pradesh,Bhopal,Bhopal Mandi,Onion,Bangalore Rose,1595.05,1798.67,1696.86,480
2026-06-25,Madhya Pradesh,Bhopal,Bhopal Mandi,Onion,Bangalore Rose,1606.67,1811.77,1709.22,480
2026-06-26,Madhya Pradesh,Bhopal,Bhopal Mandi,Onion,Bangalore Rose,1626.08,1833.66,1729.87,480
2026-06-27,Madhya Pradesh,Bhopal,Bhopal Mandi,Onion,Bangalore Rose,1611.39,1817.09,1714.24,480
2026-06-28,Madhya Pradesh,Bhopal,Bhopal Mandi,Onion,Bangalore Rose,1604.38,1809.2,1706.79,480
2026-06-29,Madhya Pradesh,Bhopal,Bhopal Mandi,Onion,Bangalore Rose,1604.15,1808.93,1706.54,480
2026-06-30,Madhya Pradesh,Bhopal,Bhopal Mandi,Onion,Bangalore Rose,1607.58,1812.8,1710.19,480
2026-07-01,Madhya Pradesh,Bhopal,Bhopal Mandi,Onion,Bangalore Rose,1597.97,1801.97,1699.97,480
2026-07-02,Madhya Pradesh,Bhopal,Bhopal Mandi,Onion,Bangalore Rose,1603.12,1807.78,1705.45,480
2026-07-03,Madhya Pradesh,Bhopal,Bhopal Mandi,Onion,Bangalore Rose,1597.53,1801.47,1699.5,480
2026-07-04,Madhya Pradesh,Bhopal,Bhopal Mandi,Onion,Bangalore Rose,1597.44,1801.36,1699.4,480
2026-07-05,Madhya Pradesh,Bhopal,Bhopal Mandi,Onion,Bangalore Rose,1604.05,1808.83,1706.44,480
2026-07-06,Madhya Pradesh,Bhopal,Bhopal Mandi,Onion,Bangalore Rose,1604.21,1809.01,1706.61,480
2026-07-07,Madhya Pradesh,Bhopal,Bhopal Mandi,Onion,Bangalore Rose,1599.07,1803.21,1701.14,480
2026-07-08,Madhya Pradesh,Bhopal,Bhopal Mandi,Onion,Bangalore Rose,1597.84,1801.82,1699.83,480
2026-07-09,Madhya Pradesh,Bhopal,Bhopal Mandi,Onion,Bangalore Rose,1596.86,1800.72,1698.79,480
2026-07-10,Madhya Pradesh,Bhopal,Bhopal Mandi,Onion,Bangalore Rose,1592.52,1795.82,1694.17,480
2026-07-11,Madhya Pradesh,Bhopal,Bhopal Mandi,Onion,Bangalore Rose,1589.5,1792.42,1690.96,480
2026-07-12,Madhya Pradesh,Bhopal,Bhopal Mandi,Onion,Bangalore Rose,1608.71,1814.07,1711.39,480
2026-07-13,Madhya Pradesh,Bhopal,Bhopal Mandi,Onion,Bangalore Rose,1615.49,1821.73,1718.61,480
2026-07-14,Madhya Pradesh,Bhopal,Bhopal Mandi,Onion,Bangalore Rose,1612.04,1817.84,1714.94,480
2026-07-15,Madhya Pradesh,Bhopal,Bhopal Mandi,Onion,Bangalore Rose,1620.46,1827.32,1723.89,480
2026-07-16,Madhya Pradesh,Bhopal,Bhopal Mandi,Onion,Bangalore Rose,1616.55,1822.91,1719.73,480
2026-07-17,Madhya Pradesh,Bhopal,Bhopal Mandi,Onion,Bangalore Rose,1630.66,1838.82,1734.74,480
2026-07-18,Madhya Pradesh,Bhopal,Bhopal Mandi,Onion,Bangalore Rose,1635.16,1843.9,1739.53,480
2026-07-19,Madhya Pradesh,Bhopal,Bhopal Mandi,Onion,Bangalore Rose,1633.95,1842.55,1738.25,480
2026-07-20,Madhya Pradesh,Bhopal,Bhopal Mandi,Onion,Bangalore Rose,1639.39,1848.67,1744.03,480
2026-07-21,Madhya Pradesh,Bhopal,Bhopal Mandi,Onion,Bangalore Rose,1620.68,1827.58,1724.13,480
2026-07-22,Madhya Pradesh,Bhopal,Bhopal Mandi,Onion,Bangalore Rose,1607.28,1812.46,1709.87,480
2026-07-23,Madhya Pradesh,Bhopal,Bhopal Mandi,Onion,Bangalore Rose,1593.07,1796.45,1694.76,480
2026-07-24,Madhya Pradesh,Bhopal,Bhopal Mandi,Onion,Bangalore Rose,1594.86,1798.46,1696.66,480
2026-07-25,Madhya Pradesh,Bhopal,Bhopal Mandi,Onion,Bangalore Rose,1615.67,1821.93,1718.8,480
2026-07-26,Madhya Pradesh,Bhopal,Bhopal Mandi,Onion,Bangalore Rose,1642.44,1852.12,1747.28,480
2026-07-27,Madhya Pradesh,Bhopal,Bhopal Mandi,Onion,Bangalore Rose,1650.16,1860.82,1755.49,480
2026-07-28,Madhya Pradesh,Bhopal,Bhopal Mandi,Onion,Bangalore Rose,1656.23,1867.67,1761.95,480
2026-07-29,Madhya Pradesh,Bhopal,Bhopal Mandi,Onion,Bangalore Rose,1634.76,1843.46,1739.11,480
2026-07-30,Madhya Pradesh,Bhopal,Bhopal Mandi,Onion,Bangalore Rose,1628.35,1836.23,1732.29,480
2026-07-31,Madhya Pradesh,Bhopal,Bhopal Mandi,Onion,Bangalore Rose,1619.01,1825.69,1722.35,480
2026-08-01,Madhya Pradesh,Bhopal,Bhopal Mandi,Onion,Bangalore Rose,1611.66,1817.4,1714.53,480
2026-08-02,Madhya Pradesh,Bhopal,Bhopal Mandi,Onion,Bangalore Rose,1609.72,1815.22,1712.47,480
2026-08-03,Madhya Pradesh,Bhopal,Bhopal Mandi,Onion,Bangalore Rose,1604.16,1808.94,1706.55,480
2026-08-04,Madhya Pradesh,Bhopal,Bhopal Mandi,Onion,Bangalore Rose,1580.55,1782.33,1681.44,480
2026-08-05,Madhya Pradesh,Bhopal,Bhopal Mandi,Onion,Bangalore Rose,1589.59,1792.51,1691.05,480
2026-08-06,Madhya Pradesh,Bhopal,Bhopal Mandi,Onion,Bangalore Rose,1576.83,1778.13,1677.48,480
2026-08-07,Madhya Pradesh,Bhopal,Bhopal Mandi,Onion,Bangalore Rose,1579.77,1781.45,1680.61,480
2026-08-08,Madhya Pradesh,Bhopal,Bhopal Mandi,Onion,Bangalore Rose,1604.66,1809.52,1707.09,480
2026-08-09,Madhya Pradesh,Bhopal,Bhopal Mandi,Onion,Bangalore Rose,1593.75,1797.21,1695.48,480
2026-08-10,Madhya Pradesh,Bhopal,Bhopal Mandi,Onion,Bangalore Rose,1563.56,1763.16,1663.36,480
2026-08-11,Madhya Pradesh,Bhopal,Bhopal Mandi,Onion,Bangalore Rose,1560.21,1759.39,1659.8,480
2026-08-12,Madhya Pradesh,Bhopal,Bhopal Mandi,Onion,Bangalore Rose,1573.47,1774.33,1673.9,480
2026-08-13,Madhya Pradesh,Bhopal,Bhopal Mandi,Onion,Bangalore Rose,1596.98,1800.84,1698.91,480
2026-08-14,Madhya Pradesh,Bhopal,Bhopal Mandi,Onion,Bangalore Rose,1582.34,1784.34,1683.34,480
2026-08-15,Madhya Pradesh,Bhopal,Bhopal Mandi,Onion,Bangalore Rose,1588.37,1791.13,1689.75,480
2026-08-16,Madhya Pradesh,Bhopal,Bhopal Mandi,Onion,Bangalore Rose,1582.88,1784.94,1683.91,480
2026-08-17,Madhya Pradesh,Bhopal,Bhopal Mandi,Onion,Bangalore Rose,1581.69,1783.61,1682.65,480
2026-08-18,Madhya Pradesh,Bhopal,Bhopal Mandi,Onion,Bangalore Rose,1613.41,1819.37,1716.39,480
2026-08-19,Madhya Pradesh,Bhopal,Bhopal Mandi,Onion,Bangalore Rose,1595.51,1799.19,1697.35,480
2026-08-20,Madhya Pradesh,Bhopal,Bhopal Mandi,Onion,Bangalore Rose,1598.62,1802.7,1700.66,480
2026-08-21,Madhya Pradesh,Bhopal,Bhopal Mandi,Onion,Bangalore Rose,1604.3,1809.1,1706.7,480
2026-08-22,Madhya Pradesh,Bhopal,Bhopal Mandi,Onion,Bangalore Rose,1617.36,1823.84,1720.6,480
2026-08-23,Madhya Pradesh,Bhopal,Bhopal Mandi,Onion,Bangalore Rose,1618.61,1825.25,1721.93,480
2026-08-24,Madhya Pradesh,Bhopal,Bhopal Mandi,Onion,Bangalore Rose,1622.38,1829.5,1725.94,480
2026-08-25,Madhya Pradesh,Bhopal,Bhopal Mandi,Onion,Bangalore Rose,1617.78,1824.3,1721.04,480
2026-08-26,Madhya Pradesh,Bhopal,Bhopal Mandi,Onion,Bangalore Rose,1621.08,1828.02,1724.55,480
2026-08-27,Madhya Pradesh,Bhopal,Bhopal Mandi,Onion,Bangalore Rose,1617.05,1823.49,1720.27,480
2026-08-28,Madhya Pradesh,Bhopal,Bhopal Mandi,Onion,Bangalore Rose,1624.56,1831.96,1728.26,480
2026-08-29,Madhya Pradesh,Bhopal,Bhopal Mandi,Onion,Bangalore Rose,1620.22,1827.06,1723.64,480
2026-08-30,Madhya Pradesh,Bhopal,Bhopal Mandi,Onion,Bangalore Rose,1624.82,1832.24,1728.53,480
2026-08-31,Madhya Pradesh,Bhopal,Bhopal Mandi,Onion,Bangalore Rose,1624.55,1831.93,1728.24,480
2026-09-01,Madhya Pradesh,Bhopal,Bhopal Mandi,Onion,Bangalore Rose,1638.09,1847.21,1742.65,480
2026-09-02,Madhya Pradesh,Bhopal,Bhopal Mandi,Onion,Bangalore Rose,1637.56,1846.62,1742.09,480
2026-09-03,Madhya Pradesh,Bhopal,Bhopal Mandi,Onion,Bangalore Rose,1616.42,1822.78,1719.6,480
2026-09-04,Madhya Pradesh,Bhopal,Bhopal Mandi,Onion,Bangalore Rose,1631.61,1839.89,1735.75,480
2026-09-05,Madhya Pradesh,Bhopal,Bhopal Mandi,Onion,Bangalore Rose,1620.85,1827.77,1724.31,480
2026-09-06,Madhya Pradesh,Bhopal,Bhopal Mandi,Onion,Bangalore Rose,1613.11,1819.03,1716.07,480
2026-09-07,Madhya Pradesh,Bhopal,Bhopal Mandi,Onion,Bangalore Rose,1606.07,1811.09,1708.58,480
2026-09-08,Madhya Pradesh,Bhopal,Bhopal Mandi,Onion,Bangalore Rose,1622.58,1829.72,1726.15,480
2026-09-09,Madhya Pradesh,Bhopal,Bhopal Mandi,Onion,Bangalore Rose,1597.12,1801.0,1699.06,480
2026-09-10,Madhya Pradesh,Bhopal,Bhopal Mandi,Onion,Bangalore Rose,1634.74,1843.42,1739.08,480
2026-05-14,Uttar Pradesh,Gautam Buddh Nagar,Greater Noida Mandi,Onion,Local,1577.32,1778.68,1678.0,45
2026-05-15,Uttar Pradesh,Gautam Buddh Nagar,Greater Noida Mandi,Onion,Local,1576.37,1777.61,1676.99,45
2026-05-16,Uttar Pradesh,Gautam Buddh Nagar,Greater Noida Mandi,Onion,Local,1574.33,1775.31,1674.82,45
2026-05-17,Uttar Pradesh,Gautam Buddh Nagar,Greater Noida Mandi,Onion,Local,1565.74,1765.62,1665.68,45
2026-05-18,Uttar Pradesh,Gautam Buddh Nagar,Greater Noida Mandi,Onion,Local,1568.13,1768.31,1668.22,45
2026-05-19,Uttar Pradesh,Gautam Buddh Nagar,Greater Noida Mandi,Onion,Local,1555.62,1754.2,1654.91,45
2026-05-20,Uttar Pradesh,Gautam Buddh Nagar,Greater Noida Mandi,Onion,Local,1567.41,1767.51,1667.46,45
2026-05-21,Uttar Pradesh,Gautam Buddh Nagar,Greater Noida Mandi,Onion,Local,1574.89,1775.93,1675.41,45
2026-05-22,Uttar Pradesh,Gautam Buddh Nagar,Greater Noida Mandi,Onion,Local,1569.11,1769.43,1669.27,45
2026-05-23,Uttar Pradesh,Gautam Buddh Nagar,Greater Noida Mandi,Onion,Local,1563.92,1763.56,1663.74,45
2026-05-24,Uttar Pradesh,Gautam Buddh Nagar,Greater Noida Mandi,Onion,Local,1567.26,1767.34,1667.3,45
2026-05-25,Uttar Pradesh,Gautam Buddh Nagar,Greater Noida Mandi,Onion,Local,1557.87,1756.75,1657.31,45
2026-05-26,Uttar Pradesh,Gautam Buddh Nagar,Greater Noida Mandi,Onion,Local,1579.43,1781.07,1680.25,45
2026-05-27,Uttar Pradesh,Gautam Buddh Nagar,Greater Noida Mandi,Onion,Local,1583.75,1785.93,1684.84,45
2026-05-28,Uttar Pradesh,Gautam Buddh Nagar,Greater Noida Mandi,Onion,Local,1588.5,1791.28,1689.89,45
2026-05-29,Uttar Pradesh,Gautam Buddh Nagar,Greater Noida Mandi,Onion,Local,1596.65,1800.47,1698.56,45
2026-05-30,Uttar Pradesh,Gautam Buddh Nagar,Greater Noida Mandi,Onion,Local,1589.86,1792.82,1691.34,45
2026-05-31,Uttar Pradesh,Gautam Buddh Nagar,Greater Noida Mandi,Onion,Local,1602.85,1807.47,1705.16,45
2026-06-01,Uttar Pradesh,Gautam Buddh Nagar,Greater Noida Mandi,Onion,Local,1604.28,1809.08,1706.68,45
2026-06-02,Uttar Pradesh,Gautam Buddh Nagar,Greater Noida Mandi,Onion,Local,1615.62,1821.88,1718.75,45
2026-06-03,Uttar Pradesh,Gautam Buddh Nagar,Greater Noida Mandi,Onion,Local,1613.36,1819.32,1716.34,45
2026-06-04,Uttar Pradesh,Gautam Buddh Nagar,Greater Noida Mandi,Onion,Local,1629.05,1837.01,1733.03,45
2026-06-05,Uttar Pradesh,Gautam Buddh Nagar,Greater Noida Mandi,Onion,Local,1633.89,1842.47,1738.18,45
2026-06-06,Uttar Pradesh,Gautam Buddh Nagar,Greater Noida Mandi,Onion,Local,1659.83,1871.73,1765.78,45
2026-06-07,Uttar Pradesh,Gautam Buddh Nagar,Greater Noida Mandi,Onion,Local,1655.54,1866.88,1761.21,45
2026-06-08,Uttar Pradesh,Gautam Buddh Nagar,Greater Noida Mandi,Onion,Local,1658.04,1869.7,1763.87,45
2026-06-09,Uttar Pradesh,Gautam Buddh Nagar,Greater Noida Mandi,Onion,Local,1645.89,1856.01,1750.95,45
2026-06-10,Uttar Pradesh,Gautam Buddh Nagar,Greater Noida Mandi,Onion,Local,1639.7,1849.02,1744.36,45
2026-06-11,Uttar Pradesh,Gautam Buddh Nagar,Greater Noida Mandi,Onion,Local,1647.11,1857.37,1752.24,45
2026-06-12,Uttar Pradesh,Gautam Buddh Nagar,Greater Noida Mandi,Onion,Local,1660.58,1872.56,1766.57,45
2026-06-13,Uttar Pradesh,Gautam Buddh Nagar,Greater Noida Mandi,Onion,Local,1695.8,1912.28,1804.04,45
2026-06-14,Uttar Pradesh,Gautam Buddh Nagar,Greater Noida Mandi,Onion,Local,1694.73,1911.07,1802.9,45
2026-06-15,Uttar Pradesh,Gautam Buddh Nagar,Greater Noida Mandi,Onion,Local,1683.75,1898.69,1791.22,45
2026-06-16,Uttar Pradesh,Gautam Buddh Nagar,Greater Noida Mandi,Onion,Local,1692.75,1908.85,1800.8,45
2026-06-17,Uttar Pradesh,Gautam Buddh Nagar,Greater Noida Mandi,Onion,Local,1679.47,1893.87,1786.67,45
2026-06-18,Uttar Pradesh,Gautam Buddh Nagar,Greater Noida Mandi,Onion,Local,1686.24,1901.5,1793.87,45
2026-06-19,Uttar Pradesh,Gautam Buddh Nagar,Greater Noida Mandi,Onion,Local,1680.36,1894.88,1787.62,45
2026-06-20,Uttar Pradesh,Gautam Buddh Nagar,Greater Noida Mandi,Onion,Local,1682.95,1897.79,1790.37,45
2026-06-21,Uttar Pradesh,Gautam Buddh Nagar,Greater Noida Mandi,Onion,Local,1695.96,1912.46,1804.21,45
2026-06-22,Uttar Pradesh,Gautam Buddh Nagar,Greater Noida Mandi,Onion,Local,1694.73,1911.07,1802.9,45
2026-06-23,Uttar Pradesh,Gautam Buddh Nagar,Greater Noida Mandi,Onion,Local,1705.87,1923.63,1814.75,45
2026-06-24,Uttar Pradesh,Gautam Buddh Nagar,Greater Noida Mandi,Onion,Local,1716.29,1935.39,1825.84,45
2026-06-25,Uttar Pradesh,Gautam Buddh Nagar,Greater Noida Mandi,Onion,Local,1694.27,1910.57,1802.42,45
2026-06-26,Uttar Pradesh,Gautam Buddh Nagar,Greater Noida Mandi,Onion,Local,1683.66,1898.6,1791.13,45
2026-06-27,Uttar Pradesh,Gautam Buddh Nagar,Greater Noida Mandi,Onion,Local,1665.23,1877.81,1771.52,45
2026-06-28,Uttar Pradesh,Gautam Buddh Nagar,Greater Noida Mandi,Onion,Local,1689.04,1904.66,1796.85,45
2026-06-29,Uttar Pradesh,Gautam Buddh Nagar,Greater Noida Mandi,Onion,Local,1687.86,1903.34,1795.6,45
2026-06-30,Uttar Pradesh,Gautam Buddh Nagar,Greater Noida Mandi,Onion,Local,1709.05,1927.23,1818.14,45
2026-07-01,Uttar Pradesh,Gautam Buddh Nagar,Greater Noida Mandi,Onion,Local,1689.77,1905.49,1797.63,45
2026-07-02,Uttar Pradesh,Gautam Buddh Nagar,Greater Noida Mandi,Onion,Local,1683.07,1897.93,1790.5,45
2026-07-03,Uttar Pradesh,Gautam Buddh Nagar,Greater Noida Mandi,Onion,Local,1692.63,1908.71,1800.67,45
2026-07-04,Uttar Pradesh,Gautam Buddh Nagar,Greater Noida Mandi,Onion,Local,1694.84,1911.2,1803.02,45
2026-07-05,Uttar Pradesh,Gautam Buddh Nagar,Greater Noida Mandi,Onion,Local,1701.23,1918.41,1809.82,45
2026-07-06,Uttar Pradesh,Gautam Buddh Nagar,Greater Noida Mandi,Onion,Local,1686.45,1901.75,1794.1,45
2026-07-07,Uttar Pradesh,Gautam Buddh Nagar,Greater Noida Mandi,Onion,Local,1702.85,1920.23,1811.54,45
2026-07-08,Uttar Pradesh,Gautam Buddh Nagar,Greater Noida Mandi,Onion,Local,1712.13,1930.71,1821.42,45
2026-07-09,Uttar Pradesh,Gautam Buddh Nagar,Greater Noida Mandi,Onion,Local,1716.98,1936.16,1826.57,45
2026-07-10,Uttar Pradesh,Gautam Buddh Nagar,Greater Noida Mandi,Onion,Local,1708.93,1927.09,1818.01,45
2026-07-11,Uttar Pradesh,Gautam Buddh Nagar,Greater Noida Mandi,Onion,Local,1712.85,1931.51,1822.18,45
2026-07-12,Uttar Pradesh,Gautam Buddh Nagar,Greater Noida Mandi,Onion,Local,1709.47,1927.71,1818.59,45
2026-07-13,Uttar Pradesh,Gautam Buddh Nagar,Greater Noida Mandi,Onion,Local,1689.99,1905.73,1797.86,45
2026-07-14,Uttar Pradesh,Gautam Buddh Nagar,Greater Noida Mandi,Onion,Local,1689.47,1905.15,1797.31,45
2026-07-15,Uttar Pradesh,Gautam Buddh Nagar,Greater Noida Mandi,Onion,Local,1687.69,1903.13,1795.41,45
2026-07-16,Uttar Pradesh,Gautam Buddh Nagar,Greater Noida Mandi,Onion,Local,1700.36,1917.42,1808.89,45
2026-07-17,Uttar Pradesh,Gautam Buddh Nagar,Greater Noida Mandi,Onion,Local,1673.95,1887.65,1780.8,45
2026-07-18,Uttar Pradesh,Gautam Buddh Nagar,Greater Noida Mandi,Onion,Local,1676.82,1890.88,1783.85,45
2026-07-19,Uttar Pradesh,Gautam Buddh Nagar,Greater Noida Mandi,Onion,Local,1663.2,1875.52,1769.36,45
2026-07-20,Uttar Pradesh,Gautam Buddh Nagar,Greater Noida Mandi,Onion,Local,1667.06,1879.88,1773.47,45
2026-07-21,Uttar Pradesh,Gautam Buddh Nagar,Greater Noida Mandi,Onion,Local,1671.58,1884.98,1778.28,45
2026-07-22,Uttar Pradesh,Gautam Buddh Nagar,Greater Noida Mandi,Onion,Local,1670.63,1883.91,1777.27,45
2026-07-23,Uttar Pradesh,Gautam Buddh Nagar,Greater Noida Mandi,Onion,Local,1680.28,1894.78,1787.53,45
2026-07-24,Uttar Pradesh,Gautam Buddh Nagar,Greater Noida Mandi,Onion,Local,1665.6,1878.22,1771.91,45
2026-07-25,Uttar Pradesh,Gautam Buddh Nagar,Greater Noida Mandi,Onion,Local,1678.8,1893.12,1785.96,45
2026-07-26,Uttar Pradesh,Gautam Buddh Nagar,Greater Noida Mandi,Onion,Local,1670.48,1883.74,1777.11,45
2026-07-27,Uttar Pradesh,Gautam Buddh Nagar,Greater Noida Mandi,Onion,Local,1652.13,1863.03,1757.58,45
2026-07-28,Uttar Pradesh,Gautam Buddh Nagar,Greater Noida Mandi,Onion,Local,1648.98,1859.48,1754.23,45
2026-07-29,Uttar Pradesh,Gautam Buddh Nagar,Greater Noida Mandi,Onion,Local,1624.22,1831.56,1727.89,45
2026-07-30,Uttar Pradesh,Gautam Buddh Nagar,Greater Noida Mandi,Onion,Local,1627.31,1835.05,1731.18,45
2026-07-31,Uttar Pradesh,Gautam Buddh Nagar,Greater Noida Mandi,Onion,Local,1624.32,1831.68,1728.0,45
2026-08-01,Uttar Pradesh,Gautam Buddh Nagar,Greater Noida Mandi,Onion,Local,1639.02,1848.26,1743.64,45
2026-08-02,Uttar Pradesh,Gautam Buddh Nagar,Greater Noida Mandi,Onion,Local,1646.79,1857.01,1751.9,45
2026-08-03,Uttar Pradesh,Gautam Buddh Nagar,Greater Noida Mandi,Onion,Local,1630.36,1838.5,1734.43,45
2026-08-04,Uttar Pradesh,Gautam Buddh Nagar,Greater Noida Mandi,Onion,Local,1620.51,1827.39,1723.95,45
2026-08-05,Uttar Pradesh,Gautam Buddh Nagar,Greater Noida Mandi,Onion,Local,1626.76,1834.44,1730.6,45
2026-08-06,Uttar Pradesh,Gautam Buddh Nagar,Greater Noida Mandi,Onion,Local,1636.88,1845.84,1741.36,45
2026-08-07,Uttar Pradesh,Gautam Buddh Nagar,Greater Noida Mandi,Onion,Local,1651.45,1862.27,1756.86,45
2026-08-08,Uttar Pradesh,Gautam Buddh Nagar,Greater Noida Mandi,Onion,Local,1665.92,1878.6,1772.26,45
2026-08-09,Uttar Pradesh,Gautam Buddh Nagar,Greater Noida Mandi,Onion,Local,1664.95,1877.49,1771.22,45
2026-08-10,Uttar Pradesh,Gautam Buddh Nagar,Greater Noida Mandi,Onion,Local,1669.32,1882.42,1775.87,45
2026-08-11,Uttar Pradesh,Gautam Buddh Nagar,Greater Noida Mandi,Onion,Local,1684.79,1899.87,1792.33,45
2026-08-12,Uttar Pradesh,Gautam Buddh Nagar,Greater Noida Mandi,Onion,Local,1681.27,1895.91,1788.59,45
2026-08-13,Uttar Pradesh,Gautam Buddh Nagar,Greater Noida Mandi,Onion,Local,1685.86,1901.08,1793.47,45
2026-08-14,Uttar Pradesh,Gautam Buddh Nagar,Greater Noida Mandi,Onion,Local,1682.06,1896.8,1789.43,45
2026-08-15,Uttar Pradesh,Gautam Buddh Nagar,Greater Noida Mandi,Onion,Local,1675.61,1889.51,1782.56,45
2026-08-16,Uttar Pradesh,Gautam Buddh Nagar,Greater Noida Mandi,Onion,Local,1676.26,1890.26,1783.26,45
2026-08-17,Uttar Pradesh,Gautam Buddh Nagar,Greater Noida Mandi,Onion,Local,1668.19,1881.15,1774.67,45
2026-08-18,Uttar Pradesh,Gautam Buddh Nagar,Greater Noida Mandi,Onion,Local,1666.72,1879.5,1773.11,45
2026-08-19,Uttar Pradesh,Gautam Buddh Nagar,Greater Noida Mandi,Onion,Local,1654.53,1865.75,1760.14,45
2026-08-20,Uttar Pradesh,Gautam Buddh Nagar,Greater Noida Mandi,Onion,Local,1652.36,1863.3,1757.83,45
2026-08-21,Uttar Pradesh,Gautam Buddh Nagar,Greater Noida Mandi,Onion,Local,1657.76,1869.38,1763.57,45
2026-08-22,Uttar Pradesh,Gautam Buddh Nagar,Greater Noida Mandi,Onion,Local,1650.86,1861.6,1756.23,45
2026-08-23,Uttar Pradesh,Gautam Buddh Nagar,Greater Noida Mandi,Onion,Local,1651.04,1861.82,1756.43,45
2026-08-24,Uttar Pradesh,Gautam Buddh Nagar,Greater Noida Mandi,Onion,Local,1652.77,1863.77,1758.27,45
2026-08-25,Uttar Pradesh,Gautam Buddh Nagar,Greater Noida Mandi,Onion,Local,1658.22,1869.9,1764.06,45
2026-08-26,Uttar Pradesh,Gautam Buddh Nagar,Greater Noida Mandi,Onion,Local,1656.71,1868.21,1762.46,45
2026-08-27,Uttar Pradesh,Gautam Buddh Nagar,Greater Noida Mandi,Onion,Local,1669.66,1882.8,1776.23,45
2026-08-28,Uttar Pradesh,Gautam Buddh Nagar,Greater Noida Mandi,Onion,Local,1644.84,1854.82,1749.83,45
2026-08-29,Uttar Pradesh,Gautam Buddh Nagar,Greater Noida Mandi,Onion,Local,1679.74,1894.18,1786.96,45
2026-08-30,Uttar Pradesh,Gautam Buddh Nagar,Greater Noida Mandi,Onion,Local,1669.49,1882.61,1776.05,45
2026-08-31,Uttar Pradesh,Gautam Buddh Nagar,Greater Noida Mandi,Onion,Local,1674.36,1888.1,1781.23,45
2026-09-01,Uttar Pradesh,Gautam Buddh Nagar,Greater Noida Mandi,Onion,Local,1663.31,1875.65,1769.48,45
2026-09-02,Uttar Pradesh,Gautam Buddh Nagar,Greater Noida Mandi,Onion,Local,1671.02,1884.34,1777.68,45
2026-09-03,Uttar Pradesh,Gautam Buddh Nagar,Greater Noida Mandi,Onion,Local,1674.38,1888.12,1781.25,45
2026-09-04,Uttar Pradesh,Gautam Buddh Nagar,Greater Noida Mandi,Onion,Local,1666.74,1879.52,1773.13,45
2026-09-05,Uttar Pradesh,Gautam Buddh Nagar,Greater Noida Mandi,Onion,Local,1679.55,1893.95,1786.75,45
2026-09-06,Uttar Pradesh,Gautam Buddh Nagar,Greater Noida Mandi,Onion,Local,1677.68,1891.86,1784.77,45
2026-09-07,Uttar Pradesh,Gautam Buddh Nagar,Greater Noida Mandi,Onion,Local,1684.24,1899.26,1791.75,45
2026-09-08,Uttar Pradesh,Gautam Buddh Nagar,Greater Noida Mandi,Onion,Local,1673.45,1887.09,1780.27,45
2026-09-09,Uttar Pradesh,Gautam Buddh Nagar,Greater Noida Mandi,Onion,Local,1673.16,1886.76,1779.96,45
2026-09-10,Uttar Pradesh,Gautam Buddh Nagar,Greater Noida Mandi,Onion,Local,1696.99,1913.63,1805.31,45
2026-05-14,Rajasthan,Jaipur,Jaipur Mandi,Onion,Local,1707.95,1925.99,1816.97,240
2026-05-15,Rajasthan,Jaipur,Jaipur Mandi,Onion,Local,1707.22,1925.16,1816.19,240
2026-05-16,Rajasthan,Jaipur,Jaipur Mandi,Onion,Local,1704.91,1922.55,1813.73,240
2026-05-17,Rajasthan,Jaipur,Jaipur Mandi,Onion,Local,1692.94,1909.06,1801.0,240
2026-05-18,Rajasthan,Jaipur,Jaipur Mandi,Onion,Local,1690.2,1905.96,1798.08,240
2026-05-19,Rajasthan,Jaipur,Jaipur Mandi,Onion,Local,1695.67,1912.13,1803.9,240
2026-05-20,Rajasthan,Jaipur,Jaipur Mandi,Onion,Local,1690.19,1905.95,1798.07,240
2026-05-21,Rajasthan,Jaipur,Jaipur Mandi,Onion,Local,1699.87,1916.87,1808.37,240
2026-05-22,Rajasthan,Jaipur,Jaipur Mandi,Onion,Local,1702.46,1919.8,1811.13,240
2026-05-23,Rajasthan,Jaipur,Jaipur Mandi,Onion,Local,1706.6,1924.46,1815.53,240
2026-05-24,Rajasthan,Jaipur,Jaipur Mandi,Onion,Local,1718.05,1937.37,1827.71,240
2026-05-25,Rajasthan,Jaipur,Jaipur Mandi,Onion,Local,1711.4,1929.88,1820.64,240
2026-05-26,Rajasthan,Jaipur,Jaipur Mandi,Onion,Local,1719.91,1939.47,1829.69,240
2026-05-27,Rajasthan,Jaipur,Jaipur Mandi,Onion,Local,1715.06,1934.0,1824.53,240
2026-05-28,Rajasthan,Jaipur,Jaipur Mandi,Onion,Local,1719.49,1938.99,1829.24,240
2026-05-29,Rajasthan,Jaipur,Jaipur Mandi,Onion,Local,1711.31,1929.77,1820.54,240
2026-05-30,Rajasthan,Jaipur,Jaipur Mandi,Onion,Local,1699.76,1916.74,1808.25,240
2026-05-31,Rajasthan,Jaipur,Jaipur Mandi,Onion,Local,1701.01,1918.17,1809.59,240
2026-06-01,Rajasthan,Jaipur,Jaipur Mandi,Onion,Local,1677.0,1891.08,1784.04,240
2026-06-02,Rajasthan,Jaipur,Jaipur Mandi,Onion,Local,1673.29,1886.91,1780.1,240
2026-06-03,Rajasthan,Jaipur,Jaipur Mandi,Onion,Local,1652.84,1863.84,1758.34,240
2026-06-04,Rajasthan,Jaipur,Jaipur Mandi,Onion,Local,1662.89,1875.17,1769.03,240
2026-06-05,Rajasthan,Jaipur,Jaipur Mandi,Onion,Local,1676.41,1890.41,1783.41,240
2026-06-06,Rajasthan,Jaipur,Jaipur Mandi,Onion,Local,1665.44,1878.06,1771.75,240
2026-06-07,Rajasthan,Jaipur,Jaipur Mandi,Onion,Local,1671.0,1884.32,1777.66,240
2026-06-08,Rajasthan,Jaipur,Jaipur Mandi,Onion,Local,1682.58,1897.38,1789.98,240
2026-06-09,Rajasthan,Jaipur,Jaipur Mandi,Onion,Local,1694.21,1910.49,1802.35,240
2026-06-10,Rajasthan,Jaipur,Jaipur Mandi,Onion,Local,1697.03,1913.67,1805.35,240
2026-06-11,Rajasthan,Jaipur,Jaipur Mandi,Onion,Local,1706.5,1924.36,1815.43,240
2026-06-12,Rajasthan,Jaipur,Jaipur Mandi,Onion,Local,1698.29,1915.09,1806.69,240
2026-06-13,Rajasthan,Jaipur,Jaipur Mandi,Onion,Local,1699.44,1916.38,1807.91,240
2026-06-14,Rajasthan,Jaipur,Jaipur Mandi,Onion,Local,1693.55,1909.75,1801.65,240
2026-06-15,Rajasthan,Jaipur,Jaipur Mandi,Onion,Local,1684.25,1899.27,1791.76,240
2026-06-16,Rajasthan,Jaipur,Jaipur Mandi,Onion,Local,1684.8,1899.88,1792.34,240
2026-06-17,Rajasthan,Jaipur,Jaipur Mandi,Onion,Local,1689.33,1904.99,1797.16,240
2026-06-18,Rajasthan,Jaipur,Jaipur Mandi,Onion,Local,1704.29,1921.85,1813.07,240
2026-06-19,Rajasthan,Jaipur,Jaipur Mandi,Onion,Local,1707.76,1925.78,1816.77,240
2026-06-20,Rajasthan,Jaipur,Jaipur Mandi,Onion,Local,1716.05,1935.13,1825.59,240
2026-06-21,Rajasthan,Jaipur,Jaipur Mandi,Onion,Local,1724.5,1944.64,1834.57,240
2026-06-22,Rajasthan,Jaipur,Jaipur Mandi,Onion,Local,1758.94,1983.48,1871.21,240
2026-06-23,Rajasthan,Jaipur,Jaipur Mandi,Onion,Local,1735.88,1957.48,1846.68,240
2026-06-24,Rajasthan,Jaipur,Jaipur Mandi,Onion,Local,1727.17,1947.67,1837.42,240
2026-06-25,Rajasthan,Jaipur,Jaipur Mandi,Onion,Local,1746.11,1969.01,1857.56,240
2026-06-26,Rajasthan,Jaipur,Jaipur Mandi,Onion,Local,1741.69,1964.03,1852.86,240
2026-06-27,Rajasthan,Jaipur,Jaipur Mandi,Onion,Local,1753.1,1976.9,1865.0,240
2026-06-28,Rajasthan,Jaipur,Jaipur Mandi,Onion,Local,1756.13,1980.31,1868.22,240
2026-06-29,Rajasthan,Jaipur,Jaipur Mandi,Onion,Local,1783.12,2010.76,1896.94,240
2026-06-30,Rajasthan,Jaipur,Jaipur Mandi,Onion,Local,1768.98,1994.8,1881.89,240
2026-07-01,Rajasthan,Jaipur,Jaipur Mandi,Onion,Local,1784.68,2012.52,1898.6,240
2026-07-02,Rajasthan,Jaipur,Jaipur Mandi,Onion,Local,1807.14,2037.84,1922.49,240
2026-07-03,Rajasthan,Jaipur,Jaipur Mandi,Onion,Local,1794.25,2023.31,1908.78,240
2026-07-04,Rajasthan,Jaipur,Jaipur Mandi,Onion,Local,1804.35,2034.69,1919.52,240
2026-07-05,Rajasthan,Jaipur,Jaipur Mandi,Onion,Local,1792.09,2020.87,1906.48,240
2026-07-06,Rajasthan,Jaipur,Jaipur Mandi,Onion,Local,1792.56,2021.4,1906.98,240
2026-07-07,Rajasthan,Jaipur,Jaipur Mandi,Onion,Local,1789.37,2017.79,1903.58,240
2026-07-08,Rajasthan,Jaipur,Jaipur Mandi,Onion,Local,1758.73,1983.25,1870.99,240
2026-07-09,Rajasthan,Jaipur,Jaipur Mandi,Onion,Local,1764.24,1989.46,1876.85,240
2026-07-10,Rajasthan,Jaipur,Jaipur Mandi,Onion,Local,1766.16,1991.62,1878.89,240
2026-07-11,Rajasthan,Jaipur,Jaipur Mandi,Onion,Local,1785.15,2013.05,1899.1,240
2026-07-12,Rajasthan,Jaipur,Jaipur Mandi,Onion,Local,1793.05,2021.95,1907.5,240
2026-07-13,Rajasthan,Jaipur,Jaipur Mandi,Onion,Local,1822.42,2055.07,1938.75,240
2026-07-14,Rajasthan,Jaipur,Jaipur Mandi,Onion,Local,1823.88,2056.72,1940.3,240
2026-07-15,Rajasthan,Jaipur,Jaipur Mandi,Onion,Local,1822.61,2055.29,1938.95,240
2026-07-16,Rajasthan,Jaipur,Jaipur Mandi,Onion,Local,1820.35,2052.73,1936.54,240
2026-07-17,Rajasthan,Jaipur,Jaipur Mandi,Onion,Local,1814.81,2046.49,1930.65,240
2026-07-18,Rajasthan,Jaipur,Jaipur Mandi,Onion,Local,1786.67,2014.75,1900.71,240
2026-07-19,Rajasthan,Jaipur,Jaipur Mandi,Onion,Local,1783.94,2011.68,1897.81,240
2026-07-20,Rajasthan,Jaipur,Jaipur Mandi,Onion,Local,1757.58,1981.96,1869.77,240
2026-07-21,Rajasthan,Jaipur,Jaipur Mandi,Onion,Local,1763.45,1988.57,1876.01,240
2026-07-22,Rajasthan,Jaipur,Jaipur Mandi,Onion,Local,1747.69,1970.79,1859.24,240
2026-07-23,Rajasthan,Jaipur,Jaipur Mandi,Onion,Local,1736.33,1957.99,1847.16,240
2026-07-24,Rajasthan,Jaipur,Jaipur Mandi,Onion,Local,1727.86,1948.44,1838.15,240
2026-07-25,Rajasthan,Jaipur,Jaipur Mandi,Onion,Local,1725.32,1945.58,1835.45,240
2026-07-26,Rajasthan,Jaipur,Jaipur Mandi,Onion,Local,1725.5,1945.78,1835.64,240
2026-07-27,Rajasthan,Jaipur,Jaipur Mandi,Onion,Local,1739.45,1961.51,1850.48,240
2026-07-28,Rajasthan,Jaipur,Jaipur Mandi,Onion,Local,1732.15,1953.27,1842.71,240
2026-07-29,Rajasthan,Jaipur,Jaipur Mandi,Onion,Local,1738.38,1960.3,1849.34,240
2026-07-30,Rajasthan,Jaipur,Jaipur Mandi,Onion,Local,1773.38,1999.76,1886.57,240
2026-07-31,Rajasthan,Jaipur,Jaipur Mandi,Onion,Local,1778.28,2005.3,1891.79,240
2026-08-01,Rajasthan,Jaipur,Jaipur Mandi,Onion,Local,1776.06,2002.8,1889.43,240
2026-08-02,Rajasthan,Jaipur,Jaipur Mandi,Onion,Local,1766.18,1991.66,1878.92,240
2026-08-03,Rajasthan,Jaipur,Jaipur Mandi,Onion,Local,1763.79,1988.95,1876.37,240
2026-08-04,Rajasthan,Jaipur,Jaipur Mandi,Onion,Local,1752.55,1976.27,1864.41,240
2026-08-05,Rajasthan,Jaipur,Jaipur Mandi,Onion,Local,1756.06,1980.24,1868.15,240
2026-08-06,Rajasthan,Jaipur,Jaipur Mandi,Onion,Local,1757.47,1981.83,1869.65,240
2026-08-07,Rajasthan,Jaipur,Jaipur Mandi,Onion,Local,1729.91,1950.75,1840.33,240
2026-08-08,Rajasthan,Jaipur,Jaipur Mandi,Onion,Local,1729.76,1950.58,1840.17,240
2026-08-09,Rajasthan,Jaipur,Jaipur Mandi,Onion,Local,1743.61,1966.19,1854.9,240
2026-08-10,Rajasthan,Jaipur,Jaipur Mandi,Onion,Local,1738.59,1960.53,1849.56,240
2026-08-11,Rajasthan,Jaipur,Jaipur Mandi,Onion,Local,1730.32,1951.22,1840.77,240
2026-08-12,Rajasthan,Jaipur,Jaipur Mandi,Onion,Local,1712.79,1931.45,1822.12,240
2026-08-13,Rajasthan,Jaipur,Jaipur Mandi,Onion,Local,1689.12,1904.76,1796.94,240
2026-08-14,Rajasthan,Jaipur,Jaipur Mandi,Onion,Local,1699.84,1916.84,1808.34,240
2026-08-15,Rajasthan,Jaipur,Jaipur Mandi,Onion,Local,1697.6,1914.32,1805.96,240
2026-08-16,Rajasthan,Jaipur,Jaipur Mandi,Onion,Local,1707.56,1925.54,1816.55,240
2026-08-17,Rajasthan,Jaipur,Jaipur Mandi,Onion,Local,1727.22,1947.72,1837.47,240
2026-08-18,Rajasthan,Jaipur,Jaipur Mandi,Onion,Local,1739.08,1961.1,1850.09,240
2026-08-19,Rajasthan,Jaipur,Jaipur Mandi,Onion,Local,1732.24,1953.38,1842.81,240
2026-08-20,Rajasthan,Jaipur,Jaipur Mandi,Onion,Local,1734.18,1955.56,1844.87,240
2026-08-21,Rajasthan,Jaipur,Jaipur Mandi,Onion,Local,1726.4,1946.8,1836.6,240
2026-08-22,Rajasthan,Jaipur,Jaipur Mandi,Onion,Local,1717.43,1936.67,1827.05,240
2026-08-23,Rajasthan,Jaipur,Jaipur Mandi,Onion,Local,1721.9,1941.72,1831.81,240
2026-08-24,Rajasthan,Jaipur,Jaipur Mandi,Onion,Local,1711.35,1929.81,1820.58,240
2026-08-25,Rajasthan,Jaipur,Jaipur Mandi,Onion,Local,1683.18,1898.06,1790.62,240
2026-08-26,Rajasthan,Jaipur,Jaipur Mandi,Onion,Local,1671.91,1885.35,1778.63,240
2026-08-27,Rajasthan,Jaipur,Jaipur Mandi,Onion,Local,1668.08,1881.02,1774.55,240
2026-08-28,Rajasthan,Jaipur,Jaipur Mandi,Onion,Local,1687.61,1903.05,1795.33,240
2026-08-29,Rajasthan,Jaipur,Jaipur Mandi,Onion,Local,1681.42,1896.08,1788.75,240
2026-08-30,Rajasthan,Jaipur,Jaipur Mandi,Onion,Local,1688.05,1903.55,1795.8,240
2026-08-31,Rajasthan,Jaipur,Jaipur Mandi,Onion,Local,1685.98,1901.22,1793.6,240
2026-09-01,Rajasthan,Jaipur,Jaipur Mandi,Onion,Local,1701.75,1918.99,1810.37,240
2026-09-02,Rajasthan,Jaipur,Jaipur Mandi,Onion,Local,1716.63,1935.77,1826.2,240
2026-09-03,Rajasthan,Jaipur,Jaipur Mandi,Onion,Local,1731.75,1952.83,1842.29,240
2026-09-04,Rajasthan,Jaipur,Jaipur Mandi,Onion,Local,1709.67,1927.93,1818.8,240
2026-09-05,Rajasthan,Jaipur,Jaipur Mandi,Onion,Local,1712.4,1931.0,1821.7,240
2026-09-06,Rajasthan,Jaipur,Jaipur Mandi,Onion,Local,1722.18,1942.04,1832.11,240
2026-09-07,Rajasthan,Jaipur,Jaipur Mandi,Onion,Local,1727.15,1947.63,1837.39,240
2026-09-08,Rajasthan,Jaipur,Jaipur Mandi,Onion,Local,1735.37,1956.91,1846.14,240
2026-09-09,Rajasthan,Jaipur,Jaipur Mandi,Onion,Local,1736.2,1957.84,1847.02,240
2026-09-10,Rajasthan,Jaipur,Jaipur Mandi,Onion,Local,1726.77,1947.21,1836.99,240
2026-05-14,Uttar Pradesh,Kanpur Nagar,Kanpur Mandi,Onion,Local,1796.35,2025.67,1911.01,130
2026-05-15,Uttar Pradesh,Kanpur Nagar,Kanpur Mandi,Onion,Local,1781.38,2008.78,1895.08,130
2026-05-16,Uttar Pradesh,Kanpur Nagar,Kanpur Mandi,Onion,Local,1775.28,2001.92,1888.6,130
2026-05-17,Uttar Pradesh,Kanpur Nagar,Kanpur Mandi,Onion,Local,1764.2,1989.42,1876.81,130
2026-05-18,Uttar Pradesh,Kanpur Nagar,Kanpur Mandi,Onion,Local,1753.16,1976.96,1865.06,130
2026-05-19,Uttar Pradesh,Kanpur Nagar,Kanpur Mandi,Onion,Local,1724.73,1944.91,1834.82,130
2026-05-20,Uttar Pradesh,Kanpur Nagar,Kanpur Mandi,Onion,Local,1732.84,1954.06,1843.45,130
2026-05-21,Uttar Pradesh,Kanpur Nagar,Kanpur Mandi,Onion,Local,1737.54,1959.36,1848.45,130
2026-05-22,Uttar Pradesh,Kanpur Nagar,Kanpur Mandi,Onion,Local,1714.49,1933.37,1823.93,130
2026-05-23,Uttar Pradesh,Kanpur Nagar,Kanpur Mandi,Onion,Local,1734.43,1955.85,1845.14,130
2026-05-24,Uttar Pradesh,Kanpur Nagar,Kanpur Mandi,Onion,Local,1757.42,1981.78,1869.6,130
2026-05-25,Uttar Pradesh,Kanpur Nagar,Kanpur Mandi,Onion,Local,1747.29,1970.35,1858.82,130
2026-05-26,Uttar Pradesh,Kanpur Nagar,Kanpur Mandi,Onion,Local,1763.27,1988.37,1875.82,130
2026-05-27,Uttar Pradesh,Kanpur Nagar,Kanpur Mandi,Onion,Local,1755.55,1979.67,1867.61,130
2026-05-28,Uttar Pradesh,Kanpur Nagar,Kanpur Mandi,Onion,Local,1758.11,1982.55,1870.33,130
2026-05-29,Uttar Pradesh,Kanpur Nagar,Kanpur Mandi,Onion,Local,1746.82,1969.82,1858.32,130
2026-05-30,Uttar Pradesh,Kanpur Nagar,Kanpur Mandi,Onion,Local,1777.07,2003.93,1890.5,130
2026-05-31,Uttar Pradesh,Kanpur Nagar,Kanpur Mandi,Onion,Local,1773.12,1999.48,1886.3,130
2026-06-01,Uttar Pradesh,Kanpur Nagar,Kanpur Mandi,Onion,Local,1774.94,2001.52,1888.23,130
2026-06-02,Uttar Pradesh,Kanpur Nagar,Kanpur Mandi,Onion,Local,1765.66,1991.06,1878.36,130
2026-06-03,Uttar Pradesh,Kanpur Nagar,Kanpur Mandi,Onion,Local,1791.1,2019.76,1905.43,130
2026-06-04,Uttar Pradesh,Kanpur Nagar,Kanpur Mandi,Onion,Local,1816.89,2048.83,1932.86,130
2026-06-05,Uttar Pradesh,Kanpur Nagar,Kanpur Mandi,Onion,Local,1839.19,2073.99,1956.59,130
2026-06-06,Uttar Pradesh,Kanpur Nagar,Kanpur Mandi,Onion,Local,1852.31,2088.77,1970.54,130
2026-06-07,Uttar Pradesh,Kanpur Nagar,Kanpur Mandi,Onion,Local,1843.89,2079.29,1961.59,130
2026-06-08,Uttar Pradesh,Kanpur Nagar,Kanpur Mandi,Onion,Local,1855.26,2092.1,1973.68,130
2026-06-09,Uttar Pradesh,Kanpur Nagar,Kanpur Mandi,Onion,Local,1855.25,2092.09,1973.67,130
2026-06-10,Uttar Pradesh,Kanpur Nagar,Kanpur Mandi,Onion,Local,1873.22,2112.36,1992.79,130
2026-06-11,Uttar Pradesh,Kanpur Nagar,Kanpur Mandi,Onion,Local,1888.51,2129.59,2009.05,130
2026-06-12,Uttar Pradesh,Kanpur Nagar,Kanpur Mandi,Onion,Local,1879.76,2119.72,1999.74,130
2026-06-13,Uttar Pradesh,Kanpur Nagar,Kanpur Mandi,Onion,Local,1892.76,2134.38,2013.57,130
2026-06-14,Uttar Pradesh,Kanpur Nagar,Kanpur Mandi,Onion,Local,1902.14,2144.96,2023.55,130
2026-06-15,Uttar Pradesh,Kanpur Nagar,Kanpur Mandi,Onion,Local,1864.45,2102.47,1983.46,130
2026-06-16,Uttar Pradesh,Kanpur Nagar,Kanpur Mandi,Onion,Local,1875.45,2114.87,1995.16,130
2026-06-17,Uttar Pradesh,Kanpur Nagar,Kanpur Mandi,Onion,Local,1869.66,2108.34,1989.0,130
2026-06-18,Uttar Pradesh,Kanpur Nagar,Kanpur Mandi,Onion,Local,1857.68,2094.84,1976.26,130
2026-06-19,Uttar Pradesh,Kanpur Nagar,Kanpur Mandi,Onion,Local,1846.29,2081.99,1964.14,130
2026-06-20,Uttar Pradesh,Kanpur Nagar,Kanpur Mandi,Onion,Local,1844.53,2080.01,1962.27,130
2026-06-21,Uttar Pradesh,Kanpur Nagar,Kanpur Mandi,Onion,Local,1851.17,2087.49,1969.33,130
2026-06-22,Uttar Pradesh,Kanpur Nagar,Kanpur Mandi,Onion,Local,1832.66,2066.62,1949.64,130
2026-06-23,Uttar Pradesh,Kanpur Nagar,Kanpur Mandi,Onion,Local,1835.34,2069.64,1952.49,130
2026-06-24,Uttar Pradesh,Kanpur Nagar,Kanpur Mandi,Onion,Local,1843.28,2078.6,1960.94,130
2026-06-25,Uttar Pradesh,Kanpur Nagar,Kanpur Mandi,Onion,Local,1868.73,2107.29,1988.01,130
2026-06-26,Uttar Pradesh,Kanpur Nagar,Kanpur Mandi,Onion,Local,1854.16,2090.86,1972.51,130
2026-06-27,Uttar Pradesh,Kanpur Nagar,Kanpur Mandi,Onion,Local,1849.49,2085.59,1967.54,130
2026-06-28,Uttar Pradesh,Kanpur Nagar,Kanpur Mandi,Onion,Local,1853.14,2089.72,1971.43,130
2026-06-29,Uttar Pradesh,Kanpur Nagar,Kanpur Mandi,Onion,Local,1868.86,2107.44,1988.15,130
2026-06-30,Uttar Pradesh,Kanpur Nagar,Kanpur Mandi,Onion,Local,1864.81,2102.87,1983.84,130
2026-07-01,Uttar Pradesh,Kanpur Nagar,Kanpur Mandi,Onion,Local,1881.22,2121.38,2001.3,130
2026-07-02,Uttar Pradesh,Kanpur Nagar,Kanpur Mandi,Onion,Local,1854.93,2091.73,1973.33,130
2026-07-03,Uttar Pradesh,Kanpur Nagar,Kanpur Mandi,Onion,Local,1837.94,2072.58,1955.26,130
2026-07-04,Uttar Pradesh,Kanpur Nagar,Kanpur Mandi,Onion,Local,1842.79,2078.03,1960.41,130
2026-07-05,Uttar Pradesh,Kanpur Nagar,Kanpur Mandi,Onion,Local,1823.67,2056.47,1940.07,130
2026-07-06,Uttar Pradesh,Kanpur Nagar,Kanpur Mandi,Onion,Local,1807.76,2038.54,1923.15,130
2026-07-07,Uttar Pradesh,Kanpur Nagar,Kanpur Mandi,Onion,Local,1800.65,2030.53,1915.59,130
2026-07-08,Uttar Pradesh,Kanpur Nagar,Kanpur Mandi,Onion,Local,1811.26,2042.48,1926.87,130
2026-07-09,Uttar Pradesh,Kanpur Nagar,Kanpur Mandi,Onion,Local,1785.52,2013.46,1899.49,130
2026-07-10,Uttar Pradesh,Kanpur Nagar,Kanpur Mandi,Onion,Local,1787.94,2016.18,1902.06,130
2026-07-11,Uttar Pradesh,Kanpur Nagar,Kanpur Mandi,Onion,Local,1802.09,2032.15,1917.12,130
2026-07-12,Uttar Pradesh,Kanpur Nagar,Kanpur Mandi,Onion,Local,1799.53,2029.25,1914.39,130
2026-07-13,Uttar Pradesh,Kanpur Nagar,Kanpur Mandi,Onion,Local,1794.6,2023.7,1909.15,130
2026-07-14,Uttar Pradesh,Kanpur Nagar,Kanpur Mandi,Onion,Local,1800.16,2029.96,1915.06,130
2026-07-15,Uttar Pradesh,Kanpur Nagar,Kanpur Mandi,Onion,Local,1797.64,2027.12,1912.38,130
2026-07-16,Uttar Pradesh,Kanpur Nagar,Kanpur Mandi,Onion,Local,1816.66,2048.58,1932.62,130
2026-07-17,Uttar Pradesh,Kanpur Nagar,Kanpur Mandi,Onion,Local,1801.61,2031.61,1916.61,130
2026-07-18,Uttar Pradesh,Kanpur Nagar,Kanpur Mandi,Onion,Local,1801.0,2030.92,1915.96,130
2026-07-19,Uttar Pradesh,Kanpur Nagar,Kanpur Mandi,Onion,Local,1803.9,2034.18,1919.04,130
2026-07-20,Uttar Pradesh,Kanpur Nagar,Kanpur Mandi,Onion,Local,1798.83,2028.47,1913.65,130
2026-07-21,Uttar Pradesh,Kanpur Nagar,Kanpur Mandi,Onion,Local,1759.82,1984.48,1872.15,130
2026-07-22,Uttar Pradesh,Kanpur Nagar,Kanpur Mandi,Onion,Local,1757.72,1982.1,1869.91,130
2026-07-23,Uttar Pradesh,Kanpur Nagar,Kanpur Mandi,Onion,Local,1770.07,1996.03,1883.05,130
2026-07-24,Uttar Pradesh,Kanpur Nagar,Kanpur Mandi,Onion,Local,1780.75,2008.09,1894.42,130
2026-07-25,Uttar Pradesh,Kanpur Nagar,Kanpur Mandi,Onion,Local,1785.68,2013.64,1899.66,130
2026-07-26,Uttar Pradesh,Kanpur Nagar,Kanpur Mandi,Onion,Local,1770.82,1996.88,1883.85,130
2026-07-27,Uttar Pradesh,Kanpur Nagar,Kanpur Mandi,Onion,Local,1776.29,2003.05,1889.67,130
2026-07-28,Uttar Pradesh,Kanpur Nagar,Kanpur Mandi,Onion,Local,1768.57,1994.35,1881.46,130
2026-07-29,Uttar Pradesh,Kanpur Nagar,Kanpur Mandi,Onion,Local,1773.48,1999.88,1886.68,130
2026-07-30,Uttar Pradesh,Kanpur Nagar,Kanpur Mandi,Onion,Local,1775.23,2001.85,1888.54,130
2026-07-31,Uttar Pradesh,Kanpur Nagar,Kanpur Mandi,Onion,Local,1762.02,1986.96,1874.49,130
2026-08-01,Uttar Pradesh,Kanpur Nagar,Kanpur Mandi,Onion,Local,1749.95,1973.35,1861.65,130
2026-08-02,Uttar Pradesh,Kanpur Nagar,Kanpur Mandi,Onion,Local,1754.88,1978.9,1866.89,130
2026-08-03,Uttar Pradesh,Kanpur Nagar,Kanpur Mandi,Onion,Local,1751.95,1975.61,1863.78,130
2026-08-04,Uttar Pradesh,Kanpur Nagar,Kanpur Mandi,Onion,Local,1740.61,1962.81,1851.71,130
2026-08-05,Uttar Pradesh,Kanpur Nagar,Kanpur Mandi,Onion,Local,1728.12,1948.74,1838.43,130
2026-08-06,Uttar Pradesh,Kanpur Nagar,Kanpur Mandi,Onion,Local,1724.07,1944.17,1834.12,130
2026-08-07,Uttar Pradesh,Kanpur Nagar,Kanpur Mandi,Onion,Local,1745.52,1968.36,1856.94,130
2026-08-08,Uttar Pradesh,Kanpur Nagar,Kanpur Mandi,Onion,Local,1738.45,1960.39,1849.42,130
2026-08-09,Uttar Pradesh,Kanpur Nagar,Kanpur Mandi,Onion,Local,1738.35,1960.27,1849.31,130
2026-08-10,Uttar Pradesh,Kanpur Nagar,Kanpur Mandi,Onion,Local,1739.83,1961.93,1850.88,130
2026-08-11,Uttar Pradesh,Kanpur Nagar,Kanpur Mandi,Onion,Local,1724.51,1944.67,1834.59,130
2026-08-12,Uttar Pradesh,Kanpur Nagar,Kanpur Mandi,Onion,Local,1700.59,1917.69,1809.14,130
2026-08-13,Uttar Pradesh,Kanpur Nagar,Kanpur Mandi,Onion,Local,1686.7,1902.02,1794.36,130
2026-08-14,Uttar Pradesh,Kanpur Nagar,Kanpur Mandi,Onion,Local,1690.16,1905.92,1798.04,130
2026-08-15,Uttar Pradesh,Kanpur Nagar,Kanpur Mandi,Onion,Local,1691.44,1907.36,1799.4,130
2026-08-16,Uttar Pradesh,Kanpur Nagar,Kanpur Mandi,Onion,Local,1701.1,1918.26,1809.68,130
2026-08-17,Uttar Pradesh,Kanpur Nagar,Kanpur Mandi,Onion,Local,1702.5,1919.84,1811.17,130
2026-08-18,Uttar Pradesh,Kanpur Nagar,Kanpur Mandi,Onion,Local,1701.1,1918.26,1809.68,130
2026-08-19,Uttar Pradesh,Kanpur Nagar,Kanpur Mandi,Onion,Local,1692.97,1909.09,1801.03,130
2026-08-20,Uttar Pradesh,Kanpur Nagar,Kanpur Mandi,Onion,Local,1705.1,1922.78,1813.94,130
2026-08-21,Uttar Pradesh,Kanpur Nagar,Kanpur Mandi,Onion,Local,1692.68,1908.76,1800.72,130
2026-08-22,Uttar Pradesh,Kanpur Nagar,Kanpur Mandi,Onion,Local,1677.65,1891.81,1784.73,130
2026-08-23,Uttar Pradesh,Kanpur Nagar,Kanpur Mandi,Onion,Local,1685.46,1900.62,1793.04,130
2026-08-24,Uttar Pradesh,Kanpur Nagar,Kanpur Mandi,Onion,Local,1667.39,1880.25,1773.82,130
2026-08-25,Uttar Pradesh,Kanpur Nagar,Kanpur Mandi,Onion,Local,1700.38,1917.44,1808.91,130
2026-08-26,Uttar Pradesh,Kanpur Nagar,Kanpur Mandi,Onion,Local,1701.55,1918.77,1810.16,130
2026-08-27,Uttar Pradesh,Kanpur Nagar,Kanpur Mandi,Onion,Local,1706.38,1924.22,1815.3,130
2026-08-28,Uttar Pradesh,Kanpur Nagar,Kanpur Mandi,Onion,Local,1695.46,1911.9,1803.68,130
2026-08-29,Uttar Pradesh,Kanpur Nagar,Kanpur Mandi,Onion,Local,1691.26,1907.16,1799.21,130
2026-08-30,Uttar Pradesh,Kanpur Nagar,Kanpur Mandi,Onion,Local,1685.53,1900.71,1793.12,130
2026-08-31,Uttar Pradesh,Kanpur Nagar,Kanpur Mandi,Onion,Local,1678.25,1892.49,1785.37,130
2026-09-01,Uttar Pradesh,Kanpur Nagar,Kanpur Mandi,Onion,Local,1686.96,1902.32,1794.64,130
2026-09-02,Uttar Pradesh,Kanpur Nagar,Kanpur Mandi,Onion,Local,1680.93,1895.51,1788.22,130
2026-09-03,Uttar Pradesh,Kanpur Nagar,Kanpur Mandi,Onion,Local,1694.88,1911.24,1803.06,130
2026-09-04,Uttar Pradesh,Kanpur Nagar,Kanpur Mandi,Onion,Local,1731.24,1952.24,1841.74,130
2026-09-05,Uttar Pradesh,Kanpur Nagar,Kanpur Mandi,Onion,Local,1727.31,1947.81,1837.56,130
2026-09-06,Uttar Pradesh,Kanpur Nagar,Kanpur Mandi,Onion,Local,1729.47,1950.25,1839.86,130
2026-09-07,Uttar Pradesh,Kanpur Nagar,Kanpur Mandi,Onion,Local,1734.73,1956.19,1845.46,130
2026-09-08,Uttar Pradesh,Kanpur Nagar,Kanpur Mandi,Onion,Local,1759.49,1984.11,1871.8,130
2026-09-09,Uttar Pradesh,Kanpur Nagar,Kanpur Mandi,Onion,Local,1758.46,1982.94,1870.7,130
2026-09-10,Uttar Pradesh,Kanpur Nagar,Kanpur Mandi,Onion,Local,1747.26,1970.32,1858.79,130
2026-05-14,Uttar Pradesh,Lucknow,Lucknow Mandi,Onion,Nashik Red,1693.47,1909.65,1801.56,210
2026-05-15,Uttar Pradesh,Lucknow,Lucknow Mandi,Onion,Nashik Red,1704.99,1922.65,1813.82,210
2026-05-16,Uttar Pradesh,Lucknow,Lucknow Mandi,Onion,Nashik Red,1675.16,1889.02,1782.09,210
2026-05-17,Uttar Pradesh,Lucknow,Lucknow Mandi,Onion,Nashik Red,1662.47,1874.69,1768.58,210
2026-05-18,Uttar Pradesh,Lucknow,Lucknow Mandi,Onion,Nashik Red,1670.39,1883.63,1777.01,210
2026-05-19,Uttar Pradesh,Lucknow,Lucknow Mandi,Onion,Nashik Red,1696.52,1913.1,1804.81,210
2026-05-20,Uttar Pradesh,Lucknow,Lucknow Mandi,Onion,Nashik Red,1696.87,1913.49,1805.18,210
2026-05-21,Uttar Pradesh,Lucknow,Lucknow Mandi,Onion,Nashik Red,1687.74,1903.2,1795.47,210
2026-05-22,Uttar Pradesh,Lucknow,Lucknow Mandi,Onion,Nashik Red,1685.5,1900.68,1793.09,210
2026-05-23,Uttar Pradesh,Lucknow,Lucknow Mandi,Onion,Nashik Red,1703.0,1920.4,1811.7,210
2026-05-24,Uttar Pradesh,Lucknow,Lucknow Mandi,Onion,Nashik Red,1694.9,1911.28,1803.09,210
2026-05-25,Uttar Pradesh,Lucknow,Lucknow Mandi,Onion,Nashik Red,1684.87,1899.97,1792.42,210
2026-05-26,Uttar Pradesh,Lucknow,Lucknow Mandi,Onion,Nashik Red,1678.84,1893.16,1786.0,210
2026-05-27,Uttar Pradesh,Lucknow,Lucknow Mandi,Onion,Nashik Red,1666.86,1879.66,1773.26,210
2026-05-28,Uttar Pradesh,Lucknow,Lucknow Mandi,Onion,Nashik Red,1668.5,1881.5,1775.0,210
2026-05-29,Uttar Pradesh,Lucknow,Lucknow Mandi,Onion,Nashik Red,1689.15,1904.79,1796.97,210
2026-05-30,Uttar Pradesh,Lucknow,Lucknow Mandi,Onion,Nashik Red,1693.33,1909.49,1801.41,210
2026-05-31,Uttar Pradesh,Lucknow,Lucknow Mandi,Onion,Nashik Red,1690.21,1905.99,1798.1,210
2026-06-01,Uttar Pradesh,Lucknow,Lucknow Mandi,Onion,Nashik Red,1686.6,1901.92,1794.26,210
2026-06-02,Uttar Pradesh,Lucknow,Lucknow Mandi,Onion,Nashik Red,1666.9,1879.7,1773.3,210
2026-06-03,Uttar Pradesh,Lucknow,Lucknow Mandi,Onion,Nashik Red,1678.16,1892.4,1785.28,210
2026-06-04,Uttar Pradesh,Lucknow,Lucknow Mandi,Onion,Nashik Red,1677.26,1891.38,1784.32,210
2026-06-05,Uttar Pradesh,Lucknow,Lucknow Mandi,Onion,Nashik Red,1675.06,1888.9,1781.98,210
2026-06-06,Uttar Pradesh,Lucknow,Lucknow Mandi,Onion,Nashik Red,1715.57,1934.57,1825.07,210
2026-06-07,Uttar Pradesh,Lucknow,Lucknow Mandi,Onion,Nashik Red,1719.43,1938.93,1829.18,210
2026-06-08,Uttar Pradesh,Lucknow,Lucknow Mandi,Onion,Nashik Red,1710.0,1928.3,1819.15,210
2026-06-09,Uttar Pradesh,Lucknow,Lucknow Mandi,Onion,Nashik Red,1704.69,1922.31,1813.5,210
2026-06-10,Uttar Pradesh,Lucknow,Lucknow Mandi,Onion,Nashik Red,1719.31,1938.79,1829.05,210
2026-06-11,Uttar Pradesh,Lucknow,Lucknow Mandi,Onion,Nashik Red,1720.83,1940.51,1830.67,210
2026-06-12,Uttar Pradesh,Lucknow,Lucknow Mandi,Onion,Nashik Red,1702.71,1920.07,1811.39,210
2026-06-13,Uttar Pradesh,Lucknow,Lucknow Mandi,Onion,Nashik Red,1714.43,1933.29,1823.86,210
2026-06-14,Uttar Pradesh,Lucknow,Lucknow Mandi,Onion,Nashik Red,1706.05,1923.85,1814.95,210
2026-06-15,Uttar Pradesh,Lucknow,Lucknow Mandi,Onion,Nashik Red,1729.85,1950.69,1840.27,210
2026-06-16,Uttar Pradesh,Lucknow,Lucknow Mandi,Onion,Nashik Red,1743.61,1966.19,1854.9,210
2026-06-17,Uttar Pradesh,Lucknow,Lucknow Mandi,Onion,Nashik Red,1738.03,1959.91,1848.97,210
2026-06-18,Uttar Pradesh,Lucknow,Lucknow Mandi,Onion,Nashik Red,1754.33,1978.29,1866.31,210
2026-06-19,Uttar Pradesh,Lucknow,Lucknow Mandi,Onion,Nashik Red,1755.27,1979.35,1867.31,210
2026-06-20,Uttar Pradesh,Lucknow,Lucknow Mandi,Onion,Nashik Red,1766.16,1991.62,1878.89,210
2026-06-21,Uttar Pradesh,Lucknow,Lucknow Mandi,Onion,Nashik Red,1772.37,1998.63,1885.5,210
2026-06-22,Uttar Pradesh,Lucknow,Lucknow Mandi,Onion,Nashik Red,1761.75,1986.65,1874.2,210
2026-06-23,Uttar Pradesh,Lucknow,Lucknow Mandi,Onion,Nashik Red,1753.68,1977.56,1865.62,210
2026-06-24,Uttar Pradesh,Lucknow,Lucknow Mandi,Onion,Nashik Red,1766.81,1992.35,1879.58,210
2026-06-25,Uttar Pradesh,Lucknow,Lucknow Mandi,Onion,Nashik Red,1762.65,1987.67,1875.16,210
2026-06-26,Uttar Pradesh,Lucknow,Lucknow Mandi,Onion,Nashik Red,1757.63,1982.01,1869.82,210
2026-06-27,Uttar Pradesh,Lucknow,Lucknow Mandi,Onion,Nashik Red,1745.62,1968.46,1857.04,210
2026-06-28,Uttar Pradesh,Lucknow,Lucknow Mandi,Onion,Nashik Red,1751.07,1974.61,1862.84,210
2026-06-29,Uttar Pradesh,Lucknow,Lucknow Mandi,Onion,Nashik Red,1777.26,2004.14,1890.7,210
2026-06-30,Uttar Pradesh,Lucknow,Lucknow Mandi,Onion,Nashik Red,1763.83,1989.01,1876.42,210
2026-07-01,Uttar Pradesh,Lucknow,Lucknow Mandi,Onion,Nashik Red,1764.22,1989.44,1876.83,210
2026-07-02,Uttar Pradesh,Lucknow,Lucknow Mandi,Onion,Nashik Red,1782.18,2009.7,1895.94,210
2026-07-03,Uttar Pradesh,Lucknow,Lucknow Mandi,Onion,Nashik Red,1781.26,2008.66,1894.96,210
2026-07-04,Uttar Pradesh,Lucknow,Lucknow Mandi,Onion,Nashik Red,1787.07,2015.21,1901.14,210
2026-07-05,Uttar Pradesh,Lucknow,Lucknow Mandi,Onion,Nashik Red,1773.7,2000.14,1886.92,210
2026-07-06,Uttar Pradesh,Lucknow,Lucknow Mandi,Onion,Nashik Red,1779.21,2006.35,1892.78,210
2026-07-07,Uttar Pradesh,Lucknow,Lucknow Mandi,Onion,Nashik Red,1776.93,2003.77,1890.35,210
2026-07-08,Uttar Pradesh,Lucknow,Lucknow Mandi,Onion,Nashik Red,1789.49,2017.93,1903.71,210
2026-07-09,Uttar Pradesh,Lucknow,Lucknow Mandi,Onion,Nashik Red,1804.6,2034.98,1919.79,210
2026-07-10,Uttar Pradesh,Lucknow,Lucknow Mandi,Onion,Nashik Red,1837.47,2072.05,1954.76,210
2026-07-11,Uttar Pradesh,Lucknow,Lucknow Mandi,Onion,Nashik Red,1844.89,2080.41,1962.65,210
2026-07-12,Uttar Pradesh,Lucknow,Lucknow Mandi,Onion,Nashik Red,1849.1,2085.16,1967.13,210
2026-07-13,Uttar Pradesh,Lucknow,Lucknow Mandi,Onion,Nashik Red,1851.65,2088.03,1969.84,210
2026-07-14,Uttar Pradesh,Lucknow,Lucknow Mandi,Onion,Nashik Red,1847.26,2083.08,1965.17,210
2026-07-15,Uttar Pradesh,Lucknow,Lucknow Mandi,Onion,Nashik Red,1851.63,2088.01,1969.82,210
2026-07-16,Uttar Pradesh,Lucknow,Lucknow Mandi,Onion,Nashik Red,1847.97,2083.89,1965.93,210
2026-07-17,Uttar Pradesh,Lucknow,Lucknow Mandi,Onion,Nashik Red,1850.19,2086.39,1968.29,210
2026-07-18,Uttar Pradesh,Lucknow,Lucknow Mandi,Onion,Nashik Red,1866.95,2105.29,1986.12,210
2026-07-19,Uttar Pradesh,Lucknow,Lucknow Mandi,Onion,Nashik Red,1854.3,2091.02,1972.66,210
2026-07-20,Uttar Pradesh,Lucknow,Lucknow Mandi,Onion,Nashik Red,1868.81,2107.39,1988.1,210
2026-07-21,Uttar Pradesh,Lucknow,Lucknow Mandi,Onion,Nashik Red,1885.57,2126.29,2005.93,210
2026-07-22,Uttar Pradesh,Lucknow,Lucknow Mandi,Onion,Nashik Red,1884.16,2124.7,2004.43,210
2026-07-23,Uttar Pradesh,Lucknow,Lucknow Mandi,Onion,Nashik Red,1857.38,2094.5,1975.94,210
2026-07-24,Uttar Pradesh,Lucknow,Lucknow Mandi,Onion,Nashik Red,1849.77,2085.91,1967.84,210
2026-07-25,Uttar Pradesh,Lucknow,Lucknow Mandi,Onion,Nashik Red,1866.28,2104.52,1985.4,210
2026-07-26,Uttar Pradesh,Lucknow,Lucknow Mandi,Onion,Nashik Red,1866.07,2104.29,1985.18,210
2026-07-27,Uttar Pradesh,Lucknow,Lucknow Mandi,Onion,Nashik Red,1853.51,2090.13,1971.82,210
2026-07-28,Uttar Pradesh,Lucknow,Lucknow Mandi,Onion,Nashik Red,1847.2,2083.02,1965.11,210
2026-07-29,Uttar Pradesh,Lucknow,Lucknow Mandi,Onion,Nashik Red,1857.93,2095.11,1976.52,210
2026-07-30,Uttar Pradesh,Lucknow,Lucknow Mandi,Onion,Nashik Red,1864.93,2103.01,1983.97,210
2026-07-31,Uttar Pradesh,Lucknow,Lucknow Mandi,Onion,Nashik Red,1861.99,2099.69,1980.84,210
2026-08-01,Uttar Pradesh,Lucknow,Lucknow Mandi,Onion,Nashik Red,1857.43,2094.55,1975.99,210
2026-08-02,Uttar Pradesh,Lucknow,Lucknow Mandi,Onion,Nashik Red,1852.56,2089.06,1970.81,210
2026-08-03,Uttar Pradesh,Lucknow,Lucknow Mandi,Onion,Nashik Red,1840.96,2075.98,1958.47,210
2026-08-04,Uttar Pradesh,Lucknow,Lucknow Mandi,Onion,Nashik Red,1861.5,2099.14,1980.32,210
2026-08-05,Uttar Pradesh,Lucknow,Lucknow Mandi,Onion,Nashik Red,1857.51,2094.63,1976.07,210
2026-08-06,Uttar Pradesh,Lucknow,Lucknow Mandi,Onion,Nashik Red,1873.0,2112.1,1992.55,210
2026-08-07,Uttar Pradesh,Lucknow,Lucknow Mandi,Onion,Nashik Red,1892.34,2133.92,2013.13,210
2026-08-08,Uttar Pradesh,Lucknow,Lucknow Mandi,Onion,Nashik Red,1905.06,2148.26,2026.66,210
2026-08-09,Uttar Pradesh,Lucknow,Lucknow Mandi,Onion,Nashik Red,1899.68,2142.2,2020.94,210
2026-08-10,Uttar Pradesh,Lucknow,Lucknow Mandi,Onion,Nashik Red,1904.87,2148.05,2026.46,210
2026-08-11,Uttar Pradesh,Lucknow,Lucknow Mandi,Onion,Nashik Red,1904.66,2147.8,2026.23,210
2026-08-12,Uttar Pradesh,Lucknow,Lucknow Mandi,Onion,Nashik Red,1893.3,2135.0,2014.15,210
2026-08-13,Uttar Pradesh,Lucknow,Lucknow Mandi,Onion,Nashik Red,1897.48,2139.72,2018.6,210
2026-08-14,Uttar Pradesh,Lucknow,Lucknow Mandi,Onion,Nashik Red,1882.65,2122.99,2002.82,210
2026-08-15,Uttar Pradesh,Lucknow,Lucknow Mandi,Onion,Nashik Red,1897.77,2140.03,2018.9,210
2026-08-16,Uttar Pradesh,Lucknow,Lucknow Mandi,Onion,Nashik Red,1891.97,2133.49,2012.73,210
2026-08-17,Uttar Pradesh,Lucknow,Lucknow Mandi,Onion,Nashik Red,1894.6,2136.46,2015.53,210
2026-08-18,Uttar Pradesh,Lucknow,Lucknow Mandi,Onion,Nashik Red,1898.27,2140.61,2019.44,210
2026-08-19,Uttar Pradesh,Lucknow,Lucknow Mandi,Onion,Nashik Red,1895.08,2137.0,2016.04,210
2026-08-20,Uttar Pradesh,Lucknow,Lucknow Mandi,Onion,Nashik Red,1902.59,2145.47,2024.03,210
2026-08-21,Uttar Pradesh,Lucknow,Lucknow Mandi,Onion,Nashik Red,1896.67,2138.79,2017.73,210
2026-08-22,Uttar Pradesh,Lucknow,Lucknow Mandi,Onion,Nashik Red,1907.78,2151.32,2029.55,210
2026-08-23,Uttar Pradesh,Lucknow,Lucknow Mandi,Onion,Nashik Red,1890.82,2132.2,2011.51,210
2026-08-24,Uttar Pradesh,Lucknow,Lucknow Mandi,Onion,Nashik Red,1892.5,2134.1,2013.3,210
2026-08-25,Uttar Pradesh,Lucknow,Lucknow Mandi,Onion,Nashik Red,1917.14,2161.88,2039.51,210
2026-08-26,Uttar Pradesh,Lucknow,Lucknow Mandi,Onion,Nashik Red,1904.55,2147.69,2026.12,210
2026-08-27,Uttar Pradesh,Lucknow,Lucknow Mandi,Onion,Nashik Red,1896.06,2138.12,2017.09,210
2026-08-28,Uttar Pradesh,Lucknow,Lucknow Mandi,Onion,Nashik Red,1902.65,2145.55,2024.1,210
2026-08-29,Uttar Pradesh,Lucknow,Lucknow Mandi,Onion,Nashik Red,1905.0,2148.2,2026.6,210
2026-08-30,Uttar Pradesh,Lucknow,Lucknow Mandi,Onion,Nashik Red,1909.53,2153.31,2031.42,210
2026-08-31,Uttar Pradesh,Lucknow,Lucknow Mandi,Onion,Nashik Red,1915.8,2160.38,2038.09,210
2026-09-01,Uttar Pradesh,Lucknow,Lucknow Mandi,Onion,Nashik Red,1923.93,2169.53,2046.73,210
2026-09-02,Uttar Pradesh,Lucknow,Lucknow Mandi,Onion,Nashik Red,1938.06,2185.48,2061.77,210
2026-09-03,Uttar Pradesh,Lucknow,Lucknow Mandi,Onion,Nashik Red,1943.33,2191.41,2067.37,210
2026-09-04,Uttar Pradesh,Lucknow,Lucknow Mandi,Onion,Nashik Red,1940.37,2188.07,2064.22,210
2026-09-05,Uttar Pradesh,Lucknow,Lucknow Mandi,Onion,Nashik Red,1948.96,2197.76,2073.36,210
2026-09-06,Uttar Pradesh,Lucknow,Lucknow Mandi,Onion,Nashik Red,1973.1,2224.98,2099.04,210
2026-09-07,Uttar Pradesh,Lucknow,Lucknow Mandi,Onion,Nashik Red,1971.5,2223.18,2097.34,210
2026-09-08,Uttar Pradesh,Lucknow,Lucknow Mandi,Onion,Nashik Red,1959.25,2209.37,2084.31,210
2026-09-09,Uttar Pradesh,Lucknow,Lucknow Mandi,Onion,Nashik Red,1973.35,2225.27,2099.31,210
2026-09-10,Uttar Pradesh,Lucknow,Lucknow Mandi,Onion,Nashik Red,1971.9,2223.64,2097.77,210
2026-05-14,Uttar Pradesh,Mathura,Mathura Mandi,Onion,Local,1680.12,1894.6,1787.36,55
2026-05-15,Uttar Pradesh,Mathura,Mathura Mandi,Onion,Local,1685.17,1900.29,1792.73,55
2026-05-16,Uttar Pradesh,Mathura,Mathura Mandi,Onion,Local,1666.54,1879.28,1772.91,55
2026-05-17,Uttar Pradesh,Mathura,Mathura Mandi,Onion,Local,1668.94,1882.0,1775.47,55
2026-05-18,Uttar Pradesh,Mathura,Mathura Mandi,Onion,Local,1668.83,1881.87,1775.35,55
2026-05-19,Uttar Pradesh,Mathura,Mathura Mandi,Onion,Local,1676.25,1890.23,1783.24,55
2026-05-20,Uttar Pradesh,Mathura,Mathura Mandi,Onion,Local,1677.84,1892.04,1784.94,55
2026-05-21,Uttar Pradesh,Mathura,Mathura Mandi,Onion,Local,1665.61,1878.25,1771.93,55
2026-05-22,Uttar Pradesh,Mathura,Mathura Mandi,Onion,Local,1680.84,1895.42,1788.13,55
2026-05-23,Uttar Pradesh,Mathura,Mathura Mandi,Onion,Local,1678.92,1893.24,1786.08,55
2026-05-24,Uttar Pradesh,Mathura,Mathura Mandi,Onion,Local,1678.66,1892.96,1785.81,55
2026-05-25,Uttar Pradesh,Mathura,Mathura Mandi,Onion,Local,1666.93,1879.73,1773.33,55
2026-05-26,Uttar Pradesh,Mathura,Mathura Mandi,Onion,Local,1661.41,1873.51,1767.46,55
2026-05-27,Uttar Pradesh,Mathura,Mathura Mandi,Onion,Local,1650.3,1860.98,1755.64,55
2026-05-28,Uttar Pradesh,Mathura,Mathura Mandi,Onion,Local,1648.2,1858.6,1753.4,55
2026-05-29,Uttar Pradesh,Mathura,Mathura Mandi,Onion,Local,1669.94,1883.12,1776.53,55
2026-05-30,Uttar Pradesh,Mathura,Mathura Mandi,Onion,Local,1652.66,1863.64,1758.15,55
2026-05-31,Uttar Pradesh,Mathura,Mathura Mandi,Onion,Local,1632.33,1840.71,1736.52,55
2026-06-01,Uttar Pradesh,Mathura,Mathura Mandi,Onion,Local,1651.03,1861.81,1756.42,55
2026-06-02,Uttar Pradesh,Mathura,Mathura Mandi,Onion,Local,1648.47,1858.91,1753.69,55
2026-06-03,Uttar Pradesh,Mathura,Mathura Mandi,Onion,Local,1640.08,1849.46,1744.77,55
2026-06-04,Uttar Pradesh,Mathura,Mathura Mandi,Onion,Local,1653.33,1864.39,1758.86,55
2026-06-05,Uttar Pradesh,Mathura,Mathura Mandi,Onion,Local,1645.75,1855.85,1750.8,55
2026-06-06,Uttar Pradesh,Mathura,Mathura Mandi,Onion,Local,1668.93,1881.99,1775.46,55
2026-06-07,Uttar Pradesh,Mathura,Mathura Mandi,Onion,Local,1677.6,1891.76,1784.68,55
2026-06-08,Uttar Pradesh,Mathura,Mathura Mandi,Onion,Local,1671.51,1884.89,1778.2,55
2026-06-09,Uttar Pradesh,Mathura,Mathura Mandi,Onion,Local,1698.89,1915.77,1807.33,55
2026-06-10,Uttar Pradesh,Mathura,Mathura Mandi,Onion,Local,1691.3,1907.22,1799.26,55
2026-06-11,Uttar Pradesh,Mathura,Mathura Mandi,Onion,Local,1700.78,1917.9,1809.34,55
2026-06-12,Uttar Pradesh,Mathura,Mathura Mandi,Onion,Local,1704.65,1922.27,1813.46,55
2026-06-13,Uttar Pradesh,Mathura,Mathura Mandi,Onion,Local,1721.21,1940.93,1831.07,55
2026-06-14,Uttar Pradesh,Mathura,Mathura Mandi,Onion,Local,1741.05,1963.31,1852.18,55
2026-06-15,Uttar Pradesh,Mathura,Mathura Mandi,Onion,Local,1741.54,1963.86,1852.7,55
2026-06-16,Uttar Pradesh,Mathura,Mathura Mandi,Onion,Local,1732.09,1953.21,1842.65,55
2026-06-17,Uttar Pradesh,Mathura,Mathura Mandi,Onion,Local,1737.99,1959.87,1848.93,55
2026-06-18,Uttar Pradesh,Mathura,Mathura Mandi,Onion,Local,1729.51,1950.29,1839.9,55
2026-06-19,Uttar Pradesh,Mathura,Mathura Mandi,Onion,Local,1755.06,1979.12,1867.09,55
2026-06-20,Uttar Pradesh,Mathura,Mathura Mandi,Onion,Local,1756.87,1981.15,1869.01,55
2026-06-21,Uttar Pradesh,Mathura,Mathura Mandi,Onion,Local,1752.34,1976.04,1864.19,55
2026-06-22,Uttar Pradesh,Mathura,Mathura Mandi,Onion,Local,1754.75,1978.77,1866.76,55
2026-06-23,Uttar Pradesh,Mathura,Mathura Mandi,Onion,Local,1737.8,1959.64,1848.72,55
2026-06-24,Uttar Pradesh,Mathura,Mathura Mandi,Onion,Local,1725.59,1945.87,1835.73,55
2026-06-25,Uttar Pradesh,Mathura,Mathura Mandi,Onion,Local,1740.86,1963.1,1851.98,55
2026-06-26,Uttar Pradesh,Mathura,Mathura Mandi,Onion,Local,1732.64,1953.82,1843.23,55
2026-06-27,Uttar Pradesh,Mathura,Mathura Mandi,Onion,Local,1719.48,1938.98,1829.23,55
2026-06-28,Uttar Pradesh,Mathura,Mathura Mandi,Onion,Local,1726.35,1946.73,1836.54,55
2026-06-29,Uttar Pradesh,Mathura,Mathura Mandi,Onion,Local,1741.43,1963.75,1852.59,55
2026-06-30,Uttar Pradesh,Mathura,Mathura Mandi,Onion,Local,1750.61,1974.09,1862.35,55
2026-07-01,Uttar Pradesh,Mathura,Mathura Mandi,Onion,Local,1763.3,1988.4,1875.85,55
2026-07-02,Uttar Pradesh,Mathura,Mathura Mandi,Onion,Local,1753.81,1977.69,1865.75,55
2026-07-03,Uttar Pradesh,Mathura,Mathura Mandi,Onion,Local,1735.91,1957.51,1846.71,55
2026-07-04,Uttar Pradesh,Mathura,Mathura Mandi,Onion,Local,1754.98,1979.02,1867.0,55
2026-07-05,Uttar Pradesh,Mathura,Mathura Mandi,Onion,Local,1750.98,1974.52,1862.75,55
2026-07-06,Uttar Pradesh,Mathura,Mathura Mandi,Onion,Local,1747.89,1971.03,1859.46,55
2026-07-07,Uttar Pradesh,Mathura,Mathura Mandi,Onion,Local,1764.78,1990.08,1877.43,55
2026-07-08,Uttar Pradesh,Mathura,Mathura Mandi,Onion,Local,1771.91,1998.11,1885.01,55
2026-07-09,Uttar Pradesh,Mathura,Mathura Mandi,Onion,Local,1777.76,2004.7,1891.23,55
2026-07-10,Uttar Pradesh,Mathura,Mathura Mandi,Onion,Local,1805.23,2035.69,1920.46,55
2026-07-11,Uttar Pradesh,Mathura,Mathura Mandi,Onion,Local,1797.18,2026.6,1911.89,55
2026-07-12,Uttar Pradesh,Mathura,Mathura Mandi,Onion,Local,1809.0,2039.94,1924.47,55
2026-07-13,Uttar Pradesh,Mathura,Mathura Mandi,Onion,Local,1809.81,2040.85,1925.33,55
2026-07-14,Uttar Pradesh,Mathura,Mathura Mandi,Onion,Local,1813.29,2044.77,1929.03,55
2026-07-15,Uttar Pradesh,Mathura,Mathura Mandi,Onion,Local,1832.71,2066.67,1949.69,55
2026-07-16,Uttar Pradesh,Mathura,Mathura Mandi,Onion,Local,1839.22,2074.02,1956.62,55
2026-07-17,Uttar Pradesh,Mathura,Mathura Mandi,Onion,Local,1846.11,2081.79,1963.95,55
2026-07-18,Uttar Pradesh,Mathura,Mathura Mandi,Onion,Local,1859.77,2097.19,1978.48,55
2026-07-19,Uttar Pradesh,Mathura,Mathura Mandi,Onion,Local,1855.24,2092.08,1973.66,55
2026-07-20,Uttar Pradesh,Mathura,Mathura Mandi,Onion,Local,1844.7,2080.2,1962.45,55
2026-07-21,Uttar Pradesh,Mathura,Mathura Mandi,Onion,Local,1831.57,2065.39,1948.48,55
2026-07-22,Uttar Pradesh,Mathura,Mathura Mandi,Onion,Local,1806.77,2037.43,1922.1,55
2026-07-23,Uttar Pradesh,Mathura,Mathura Mandi,Onion,Local,1832.88,2066.86,1949.87,55
2026-07-24,Uttar Pradesh,Mathura,Mathura Mandi,Onion,Local,1819.0,2051.22,1935.11,55
2026-07-25,Uttar Pradesh,Mathura,Mathura Mandi,Onion,Local,1816.29,2048.15,1932.22,55
2026-07-26,Uttar Pradesh,Mathura,Mathura Mandi,Onion,Local,1812.87,2044.29,1928.58,55
2026-07-27,Uttar Pradesh,Mathura,Mathura Mandi,Onion,Local,1816.84,2048.78,1932.81,55
2026-07-28,Uttar Pradesh,Mathura,Mathura Mandi,Onion,Local,1827.25,2060.51,1943.88,55
2026-07-29,Uttar Pradesh,Mathura,Mathura Mandi,Onion,Local,1838.22,2072.88,1955.55,55
2026-07-30,Uttar Pradesh,Mathura,Mathura Mandi,Onion,Local,1830.92,2064.66,1947.79,55
2026-07-31,Uttar Pradesh,Mathura,Mathura Mandi,Onion,Local,1828.89,2062.37,1945.63,55
2026-08-01,Uttar Pradesh,Mathura,Mathura Mandi,Onion,Local,1832.56,2066.5,1949.53,55
2026-08-02,Uttar Pradesh,Mathura,Mathura Mandi,Onion,Local,1829.49,2063.05,1946.27,55
2026-08-03,Uttar Pradesh,Mathura,Mathura Mandi,Onion,Local,1849.91,2086.07,1967.99,55
2026-08-04,Uttar Pradesh,Mathura,Mathura Mandi,Onion,Local,1856.21,2093.17,1974.69,55
2026-08-05,Uttar Pradesh,Mathura,Mathura Mandi,Onion,Local,1865.59,2103.75,1984.67,55
2026-08-06,Uttar Pradesh,Mathura,Mathura Mandi,Onion,Local,1874.06,2113.3,1993.68,55
2026-08-07,Uttar Pradesh,Mathura,Mathura Mandi,Onion,Local,1889.0,2130.14,2009.57,55
2026-08-08,Uttar Pradesh,Mathura,Mathura Mandi,Onion,Local,1891.36,2132.82,2012.09,55
2026-08-09,Uttar Pradesh,Mathura,Mathura Mandi,Onion,Local,1875.05,2114.41,1994.73,55
2026-08-10,Uttar Pradesh,Mathura,Mathura Mandi,Onion,Local,1880.19,2120.21,2000.2,55
2026-08-11,Uttar Pradesh,Mathura,Mathura Mandi,Onion,Local,1872.03,2111.01,1991.52,55
2026-08-12,Uttar Pradesh,Mathura,Mathura Mandi,Onion,Local,1865.43,2103.57,1984.5,55
2026-08-13,Uttar Pradesh,Mathura,Mathura Mandi,Onion,Local,1872.93,2112.03,1992.48,55
2026-08-14,Uttar Pradesh,Mathura,Mathura Mandi,Onion,Local,1888.68,2129.78,2009.23,55
2026-08-15,Uttar Pradesh,Mathura,Mathura Mandi,Onion,Local,1889.03,2130.19,2009.61,55
2026-08-16,Uttar Pradesh,Mathura,Mathura Mandi,Onion,Local,1893.03,2134.69,2013.86,55
2026-08-17,Uttar Pradesh,Mathura,Mathura Mandi,Onion,Local,1914.65,2159.07,2036.86,55
2026-08-18,Uttar Pradesh,Mathura,Mathura Mandi,Onion,Local,1917.78,2162.6,2040.19,55
2026-08-19,Uttar Pradesh,Mathura,Mathura Mandi,Onion,Local,1950.78,2199.82,2075.3,55
2026-08-20,Uttar Pradesh,Mathura,Mathura Mandi,Onion,Local,1958.02,2207.98,2083.0,55
2026-08-21,Uttar Pradesh,Mathura,Mathura Mandi,Onion,Local,1935.83,2182.95,2059.39,55
2026-08-22,Uttar Pradesh,Mathura,Mathura Mandi,Onion,Local,1945.44,2193.8,2069.62,55
2026-08-23,Uttar Pradesh,Mathura,Mathura Mandi,Onion,Local,1950.35,2199.33,2074.84,55
2026-08-24,Uttar Pradesh,Mathura,Mathura Mandi,Onion,Local,1966.75,2217.83,2092.29,55
2026-08-25,Uttar Pradesh,Mathura,Mathura Mandi,Onion,Local,1975.35,2227.53,2101.44,55
2026-08-26,Uttar Pradesh,Mathura,Mathura Mandi,Onion,Local,1973.68,2225.64,2099.66,55
2026-08-27,Uttar Pradesh,Mathura,Mathura Mandi,Onion,Local,1958.27,2208.27,2083.27,55
2026-08-28,Uttar Pradesh,Mathura,Mathura Mandi,Onion,Local,1955.72,2205.38,2080.55,55
2026-08-29,Uttar Pradesh,Mathura,Mathura Mandi,Onion,Local,1945.04,2193.34,2069.19,55
2026-08-30,Uttar Pradesh,Mathura,Mathura Mandi,Onion,Local,1937.78,2185.16,2061.47,55
2026-08-31,Uttar Pradesh,Mathura,Mathura Mandi,Onion,Local,1945.31,2193.65,2069.48,55
2026-09-01,Uttar Pradesh,Mathura,Mathura Mandi,Onion,Local,1966.53,2217.57,2092.05,55
2026-09-02,Uttar Pradesh,Mathura,Mathura Mandi,Onion,Local,1971.6,2223.3,2097.45,55
2026-09-03,Uttar Pradesh,Mathura,Mathura Mandi,Onion,Local,1956.55,2206.33,2081.44,55
2026-09-04,Uttar Pradesh,Mathura,Mathura Mandi,Onion,Local,1962.27,2212.77,2087.52,55
2026-09-05,Uttar Pradesh,Mathura,Mathura Mandi,Onion,Local,1977.49,2229.93,2103.71,55
2026-09-06,Uttar Pradesh,Mathura,Mathura Mandi,Onion,Local,1969.85,2221.33,2095.59,55
2026-09-07,Uttar Pradesh,Mathura,Mathura Mandi,Onion,Local,1968.25,2219.51,2093.88,55
2026-09-08,Uttar Pradesh,Mathura,Mathura Mandi,Onion,Local,1968.52,2219.82,2094.17,55
2026-09-09,Uttar Pradesh,Mathura,Mathura Mandi,Onion,Local,1958.67,2208.71,2083.69,55
2026-09-10,Uttar Pradesh,Mathura,Mathura Mandi,Onion,Local,1966.96,2218.06,2092.51,55
2026-05-14,Uttar Pradesh,Agra,Agra Mandi,Potato,Jyoti,1159.36,1307.36,1233.36,15
2026-05-15,Uttar Pradesh,Agra,Agra Mandi,Potato,Jyoti,1152.33,1299.43,1225.88,15
2026-05-16,Uttar Pradesh,Agra,Agra Mandi,Potato,Jyoti,1152.23,1299.33,1225.78,15
2026-05-17,Uttar Pradesh,Agra,Agra Mandi,Potato,Jyoti,1161.22,1309.46,1235.34,15
2026-05-18,Uttar Pradesh,Agra,Agra Mandi,Potato,Jyoti,1164.74,1313.44,1239.09,15
2026-05-19,Uttar Pradesh,Agra,Agra Mandi,Potato,Jyoti,1163.48,1312.02,1237.75,15
2026-05-20,Uttar Pradesh,Agra,Agra Mandi,Potato,Jyoti,1167.07,1316.05,1241.56,15
2026-05-21,Uttar Pradesh,Agra,Agra Mandi,Potato,Jyoti,1159.66,1307.7,1233.68,15
2026-05-22,Uttar Pradesh,Agra,Agra Mandi,Potato,Jyoti,1155.58,1303.1,1229.34,15
2026-05-23,Uttar Pradesh,Agra,Agra Mandi,Potato,Jyoti,1149.24,1295.96,1222.6,15
2026-05-24,Uttar Pradesh,Agra,Agra Mandi,Potato,Jyoti,1151.9,1298.96,1225.43,15
2026-05-25,Uttar Pradesh,Agra,Agra Mandi,Potato,Jyoti,1155.97,1303.55,1229.76,15
2026-05-26,Uttar Pradesh,Agra,Agra Mandi,Potato,Jyoti,1155.03,1302.47,1228.75,15
2026-05-27,Uttar Pradesh,Agra,Agra Mandi,Potato,Jyoti,1149.92,1296.72,1223.32,15
2026-05-28,Uttar Pradesh,Agra,Agra Mandi,Potato,Jyoti,1149.74,1296.52,1223.13,15
2026-05-29,Uttar Pradesh,Agra,Agra Mandi,Potato,Jyoti,1146.87,1293.27,1220.07,15
2026-05-30,Uttar Pradesh,Agra,Agra Mandi,Potato,Jyoti,1142.2,1288.02,1215.11,15
2026-05-31,Uttar Pradesh,Agra,Agra Mandi,Potato,Jyoti,1144.1,1290.16,1217.13,15
2026-06-01,Uttar Pradesh,Agra,Agra Mandi,Potato,Jyoti,1139.66,1285.14,1212.4,15
2026-06-02,Uttar Pradesh,Agra,Agra Mandi,Potato,Jyoti,1130.53,1274.85,1202.69,15
2026-06-03,Uttar Pradesh,Agra,Agra Mandi,Potato,Jyoti,1122.69,1266.01,1194.35,15
2026-06-04,Uttar Pradesh,Agra,Agra Mandi,Potato,Jyoti,1113.35,1255.47,1184.41,15
2026-06-05,Uttar Pradesh,Agra,Agra Mandi,Potato,Jyoti,1114.73,1257.03,1185.88,15
2026-06-06,Uttar Pradesh,Agra,Agra Mandi,Potato,Jyoti,1115.54,1257.94,1186.74,15
2026-06-07,Uttar Pradesh,Agra,Agra Mandi,Potato,Jyoti,1116.06,1258.54,1187.3,15
2026-06-08,Uttar Pradesh,Agra,Agra Mandi,Potato,Jyoti,1119.41,1262.31,1190.86,15
2026-06-09,Uttar Pradesh,Agra,Agra Mandi,Potato,Jyoti,1126.25,1270.03,1198.14,15
2026-06-10,Uttar Pradesh,Agra,Agra Mandi,Potato,Jyoti,1122.76,1266.1,1194.43,15
2026-06-11,Uttar Pradesh,Agra,Agra Mandi,Potato,Jyoti,1125.06,1268.68,1196.87,15
2026-06-12,Uttar Pradesh,Agra,Agra Mandi,Potato,Jyoti,1115.86,1258.3,1187.08,15
2026-06-13,Uttar Pradesh,Agra,Agra Mandi,Potato,Jyoti,1123.78,1267.24,1195.51,15
2026-06-14,Uttar Pradesh,Agra,Agra Mandi,Potato,Jyoti,1116.51,1259.05,1187.78,15
2026-06-15,Uttar Pradesh,Agra,Agra Mandi,Potato,Jyoti,1112.35,1254.35,1183.35,15
2026-06-16,Uttar Pradesh,Agra,Agra Mandi,Potato,Jyoti,1108.82,1250.38,1179.6,15
2026-06-17,Uttar Pradesh,Agra,Agra Mandi,Potato,Jyoti,1099.93,1240.35,1170.14,15
2026-06-18,Uttar Pradesh,Agra,Agra Mandi,Potato,Jyoti,1100.06,1240.5,1170.28,15
2026-06-19,Uttar Pradesh,Agra,Agra Mandi,Potato,Jyoti,1101.24,1241.82,1171.53,15
2026-06-20,Uttar Pradesh,Agra,Agra Mandi,Potato,Jyoti,1100.09,1240.53,1170.31,15
2026-06-21,Uttar Pradesh,Agra,Agra Mandi,Potato,Jyoti,1091.11,1230.41,1160.76,15
2026-06-22,Uttar Pradesh,Agra,Agra Mandi,Potato,Jyoti,1102.54,1243.28,1172.91,15
2026-06-23,Uttar Pradesh,Agra,Agra Mandi,Potato,Jyoti,1105.66,1246.8,1176.23,15
2026-06-24,Uttar Pradesh,Agra,Agra Mandi,Potato,Jyoti,1120.86,1263.94,1192.4,15
2026-06-25,Uttar Pradesh,Agra,Agra Mandi,Potato,Jyoti,1116.14,1258.62,1187.38,15
2026-06-26,Uttar Pradesh,Agra,Agra Mandi,Potato,Jyoti,1121.63,1264.81,1193.22,15
2026-06-27,Uttar Pradesh,Agra,Agra Mandi,Potato,Jyoti,1126.08,1269.84,1197.96,15
2026-06-28,Uttar Pradesh,Agra,Agra Mandi,Potato,Jyoti,1124.33,1267.87,1196.1,15
2026-06-29,Uttar Pradesh,Agra,Agra Mandi,Potato,Jyoti,1132.45,1277.01,1204.73,15
2026-06-30,Uttar Pradesh,Agra,Agra Mandi,Potato,Jyoti,1130.05,1274.31,1202.18,15
2026-07-01,Uttar Pradesh,Agra,Agra Mandi,Potato,Jyoti,1127.9,1271.88,1199.89,15
2026-07-02,Uttar Pradesh,Agra,Agra Mandi,Potato,Jyoti,1107.74,1249.16,1178.45,15
2026-07-03,Uttar Pradesh,Agra,Agra Mandi,Potato,Jyoti,1110.05,1251.75,1180.9,15
2026-07-04,Uttar Pradesh,Agra,Agra Mandi,Potato,Jyoti,1102.32,1243.04,1172.68,15
2026-07-05,Uttar Pradesh,Agra,Agra Mandi,Potato,Jyoti,1099.07,1239.37,1169.22,15
2026-07-06,Uttar Pradesh,Agra,Agra Mandi,Potato,Jyoti,1093.07,1232.61,1162.84,15
2026-07-07,Uttar Pradesh,Agra,Agra Mandi,Potato,Jyoti,1090.89,1230.15,1160.52,15
2026-07-08,Uttar Pradesh,Agra,Agra Mandi,Potato,Jyoti,1093.4,1232.98,1163.19,15
2026-07-09,Uttar Pradesh,Agra,Agra Mandi,Potato,Jyoti,1093.41,1232.99,1163.2,15
2026-07-10,Uttar Pradesh,Agra,Agra Mandi,Potato,Jyoti,1097.46,1237.56,1167.51,15
2026-07-11,Uttar Pradesh,Agra,Agra Mandi,Potato,Jyoti,1104.73,1245.77,1175.25,15
2026-07-12,Uttar Pradesh,Agra,Agra Mandi,Potato,Jyoti,1102.54,1243.28,1172.91,15
2026-07-13,Uttar Pradesh,Agra,Agra Mandi,Potato,Jyoti,1099.71,1240.09,1169.9,15
2026-07-14,Uttar Pradesh,Agra,Agra Mandi,Potato,Jyoti,1105.2,1246.28,1175.74,15
2026-07-15,Uttar Pradesh,Agra,Agra Mandi,Potato,Jyoti,1111.15,1252.99,1182.07,15
2026-07-16,Uttar Pradesh,Agra,Agra Mandi,Potato,Jyoti,1115.38,1257.76,1186.57,15
2026-07-17,Uttar Pradesh,Agra,Agra Mandi,Potato,Jyoti,1109.8,1251.48,1180.64,15
2026-07-18,Uttar Pradesh,Agra,Agra Mandi,Potato,Jyoti,1112.19,1254.17,1183.18,15
2026-07-19,Uttar Pradesh,Agra,Agra Mandi,Potato,Jyoti,1112.77,1254.83,1183.8,15
2026-07-20,Uttar Pradesh,Agra,Agra Mandi,Potato,Jyoti,1118.81,1261.63,1190.22,15
2026-07-21,Uttar Pradesh,Agra,Agra Mandi,Potato,Jyoti,1115.43,1257.83,1186.63,15
2026-07-22,Uttar Pradesh,Agra,Agra Mandi,Potato,Jyoti,1105.72,1246.88,1176.3,15
2026-07-23,Uttar Pradesh,Agra,Agra Mandi,Potato,Jyoti,1109.66,1251.32,1180.49,15
2026-07-24,Uttar Pradesh,Agra,Agra Mandi,Potato,Jyoti,1094.79,1234.55,1164.67,15
2026-07-25,Uttar Pradesh,Agra,Agra Mandi,Potato,Jyoti,1090.49,1229.71,1160.1,15
2026-07-26,Uttar Pradesh,Agra,Agra Mandi,Potato,Jyoti,1084.52,1222.96,1153.74,15
2026-07-27,Uttar Pradesh,Agra,Agra Mandi,Potato,Jyoti,1078.49,1216.17,1147.33,15
2026-07-28,Uttar Pradesh,Agra,Agra Mandi,Potato,Jyoti,1074.09,1211.21,1142.65,15
2026-07-29,Uttar Pradesh,Agra,Agra Mandi,Potato,Jyoti,1081.08,1219.1,1150.09,15
2026-07-30,Uttar Pradesh,Agra,Agra Mandi,Potato,Jyoti,1085.78,1224.4,1155.09,15
2026-07-31,Uttar Pradesh,Agra,Agra Mandi,Potato,Jyoti,1084.26,1222.68,1153.47,15
2026-08-01,Uttar Pradesh,Agra,Agra Mandi,Potato,Jyoti,1090.77,1230.01,1160.39,15
2026-08-02,Uttar Pradesh,Agra,Agra Mandi,Potato,Jyoti,1084.56,1223.02,1153.79,15
2026-08-03,Uttar Pradesh,Agra,Agra Mandi,Potato,Jyoti,1077.57,1215.13,1146.35,15
2026-08-04,Uttar Pradesh,Agra,Agra Mandi,Potato,Jyoti,1082.5,1220.7,1151.6,15
2026-08-05,Uttar Pradesh,Agra,Agra Mandi,Potato,Jyoti,1085.8,1224.42,1155.11,15
2026-08-06,Uttar Pradesh,Agra,Agra Mandi,Potato,Jyoti,1083.09,1221.35,1152.22,15
2026-08-07,Uttar Pradesh,Agra,Agra Mandi,Potato,Jyoti,1076.45,1213.87,1145.16,15
2026-08-08,Uttar Pradesh,Agra,Agra Mandi,Potato,Jyoti,1084.84,1223.34,1154.09,15
2026-08-09,Uttar Pradesh,Agra,Agra Mandi,Potato,Jyoti,1074.82,1212.04,1143.43,15
2026-08-10,Uttar Pradesh,Agra,Agra Mandi,Potato,Jyoti,1071.31,1208.07,1139.69,15
2026-08-11,Uttar Pradesh,Agra,Agra Mandi,Potato,Jyoti,1072.57,1209.49,1141.03,15
2026-08-12,Uttar Pradesh,Agra,Agra Mandi,Potato,Jyoti,1082.95,1221.19,1152.07,15
2026-08-13,Uttar Pradesh,Agra,Agra Mandi,Potato,Jyoti,1085.11,1223.63,1154.37,15
2026-08-14,Uttar Pradesh,Agra,Agra Mandi,Potato,Jyoti,1087.83,1226.71,1157.27,15
2026-08-15,Uttar Pradesh,Agra,Agra Mandi,Potato,Jyoti,1084.48,1222.92,1153.7,15
2026-08-16,Uttar Pradesh,Agra,Agra Mandi,Potato,Jyoti,1087.71,1226.57,1157.14,15
2026-08-17,Uttar Pradesh,Agra,Agra Mandi,Potato,Jyoti,1088.27,1227.19,1157.73,15
2026-08-18,Uttar Pradesh,Agra,Agra Mandi,Potato,Jyoti,1079.01,1216.75,1147.88,15
2026-08-19,Uttar Pradesh,Agra,Agra Mandi,Potato,Jyoti,1083.54,1221.86,1152.7,15
2026-08-20,Uttar Pradesh,Agra,Agra Mandi,Potato,Jyoti,1089.1,1228.14,1158.62,15
2026-08-21,Uttar Pradesh,Agra,Agra Mandi,Potato,Jyoti,1093.69,1233.31,1163.5,15
2026-08-22,Uttar Pradesh,Agra,Agra Mandi,Potato,Jyoti,1093.83,1233.47,1163.65,15
2026-08-23,Uttar Pradesh,Agra,Agra Mandi,Potato,Jyoti,1088.24,1227.16,1157.7,15
2026-08-24,Uttar Pradesh,Agra,Agra Mandi,Potato,Jyoti,1074.81,1212.01,1143.41,15
2026-08-25,Uttar Pradesh,Agra,Agra Mandi,Potato,Jyoti,1075.66,1212.98,1144.32,15
2026-08-26,Uttar Pradesh,Agra,Agra Mandi,Potato,Jyoti,1081.86,1219.98,1150.92,15
2026-08-27,Uttar Pradesh,Agra,Agra Mandi,Potato,Jyoti,1087.57,1226.41,1156.99,15
2026-08-28,Uttar Pradesh,Agra,Agra Mandi,Potato,Jyoti,1092.24,1231.68,1161.96,15
2026-08-29,Uttar Pradesh,Agra,Agra Mandi,Potato,Jyoti,1091.75,1231.13,1161.44,15
2026-08-30,Uttar Pradesh,Agra,Agra Mandi,Potato,Jyoti,1097.99,1238.15,1168.07,15
2026-08-31,Uttar Pradesh,Agra,Agra Mandi,Potato,Jyoti,1103.29,1244.13,1173.71,15
2026-09-01,Uttar Pradesh,Agra,Agra Mandi,Potato,Jyoti,1100.78,1241.3,1171.04,15
2026-09-02,Uttar Pradesh,Agra,Agra Mandi,Potato,Jyoti,1104.64,1245.66,1175.15,15
2026-09-03,Uttar Pradesh,Agra,Agra Mandi,Potato,Jyoti,1101.47,1242.09,1171.78,15
2026-09-04,Uttar Pradesh,Agra,Agra Mandi,Potato,Jyoti,1104.55,1245.55,1175.05,15
2026-09-05,Uttar Pradesh,Agra,Agra Mandi,Potato,Jyoti,1096.96,1237.0,1166.98,15
2026-09-06,Uttar Pradesh,Agra,Agra Mandi,Potato,Jyoti,1089.83,1228.95,1159.39,15
2026-09-07,Uttar Pradesh,Agra,Agra Mandi,Potato,Jyoti,1095.9,1235.8,1165.85,15
2026-09-08,Uttar Pradesh,Agra,Agra Mandi,Potato,Jyoti,1101.27,1241.85,1171.56,15
2026-09-09,Uttar Pradesh,Agra,Agra Mandi,Potato,Jyoti,1104.89,1245.93,1175.41,15
2026-09-10,Uttar Pradesh,Agra,Agra Mandi,Potato,Jyoti,1105.34,1246.44,1175.89,15
2026-05-14,Delhi,North Delhi,Azadpur Mandi,Potato,Jyoti,1117.23,1259.85,1188.54,60
2026-05-15,Delhi,North Delhi,Azadpur Mandi,Potato,Jyoti,1110.33,1252.07,1181.2,60
2026-05-16,Delhi,North Delhi,Azadpur Mandi,Potato,Jyoti,1107.43,1248.81,1178.12,60
2026-05-17,Delhi,North Delhi,Azadpur Mandi,Potato,Jyoti,1106.55,1247.81,1177.18,60
2026-05-18,Delhi,North Delhi,Azadpur Mandi,Potato,Jyoti,1103.95,1244.87,1174.41,60
2026-05-19,Delhi,North Delhi,Azadpur Mandi,Potato,Jyoti,1112.03,1253.99,1183.01,60
2026-05-20,Delhi,North Delhi,Azadpur Mandi,Potato,Jyoti,1113.81,1255.99,1184.9,60
2026-05-21,Delhi,North Delhi,Azadpur Mandi,Potato,Jyoti,1115.43,1257.83,1186.63,60
2026-05-22,Delhi,North Delhi,Azadpur Mandi,Potato,Jyoti,1118.86,1261.7,1190.28,60
2026-05-23,Delhi,North Delhi,Azadpur Mandi,Potato,Jyoti,1112.42,1254.44,1183.43,60
2026-05-24,Delhi,North Delhi,Azadpur Mandi,Potato,Jyoti,1118.19,1260.93,1189.56,60
2026-05-25,Delhi,North Delhi,Azadpur Mandi,Potato,Jyoti,1117.71,1260.39,1189.05,60
2026-05-26,Delhi,North Delhi,Azadpur Mandi,Potato,Jyoti,1121.41,1264.57,1192.99,60
2026-05-27,Delhi,North Delhi,Azadpur Mandi,Potato,Jyoti,1115.35,1257.73,1186.54,60
2026-05-28,Delhi,North Delhi,Azadpur Mandi,Potato,Jyoti,1106.59,1247.85,1177.22,60
2026-05-29,Delhi,North Delhi,Azadpur Mandi,Potato,Jyoti,1111.12,1252.96,1182.04,60
2026-05-30,Delhi,North Delhi,Azadpur Mandi,Potato,Jyoti,1113.17,1255.27,1184.22,60
2026-05-31,Delhi,North Delhi,Azadpur Mandi,Potato,Jyoti,1108.06,1249.52,1178.79,60
2026-06-01,Delhi,North Delhi,Azadpur Mandi,Potato,Jyoti,1103.13,1243.95,1173.54,60
2026-06-02,Delhi,North Delhi,Azadpur Mandi,Potato,Jyoti,1109.38,1251.0,1180.19,60
2026-06-03,Delhi,North Delhi,Azadpur Mandi,Potato,Jyoti,1102.66,1243.42,1173.04,60
2026-06-04,Delhi,North Delhi,Azadpur Mandi,Potato,Jyoti,1111.8,1253.74,1182.77,60
2026-06-05,Delhi,North Delhi,Azadpur Mandi,Potato,Jyoti,1106.71,1247.99,1177.35,60
2026-06-06,Delhi,North Delhi,Azadpur Mandi,Potato,Jyoti,1110.22,1251.96,1181.09,60
2026-06-07,Delhi,North Delhi,Azadpur Mandi,Potato,Jyoti,1108.33,1249.81,1179.07,60
2026-06-08,Delhi,North Delhi,Azadpur Mandi,Potato,Jyoti,1111.65,1253.57,1182.61,60
2026-06-09,Delhi,North Delhi,Azadpur Mandi,Potato,Jyoti,1108.55,1250.07,1179.31,60
2026-06-10,Delhi,North Delhi,Azadpur Mandi,Potato,Jyoti,1107.58,1248.98,1178.28,60
2026-06-11,Delhi,North Delhi,Azadpur Mandi,Potato,Jyoti,1107.75,1249.17,1178.46,60
2026-06-12,Delhi,North Delhi,Azadpur Mandi,Potato,Jyoti,1102.08,1242.78,1172.43,60
2026-06-13,Delhi,North Delhi,Azadpur Mandi,Potato,Jyoti,1106.17,1247.39,1176.78,60
2026-06-14,Delhi,North Delhi,Azadpur Mandi,Potato,Jyoti,1103.25,1244.09,1173.67,60
2026-06-15,Delhi,North Delhi,Azadpur Mandi,Potato,Jyoti,1101.91,1242.57,1172.24,60
2026-06-16,Delhi,North Delhi,Azadpur Mandi,Potato,Jyoti,1096.28,1236.24,1166.26,60
2026-06-17,Delhi,North Delhi,Azadpur Mandi,Potato,Jyoti,1081.87,1219.99,1150.93,60
2026-06-18,Delhi,North Delhi,Azadpur Mandi,Potato,Jyoti,1080.75,1218.71,1149.73,60
2026-06-19,Delhi,North Delhi,Azadpur Mandi,Potato,Jyoti,1094.21,1233.89,1164.05,60
2026-06-20,Delhi,North Delhi,Azadpur Mandi,Potato,Jyoti,1098.55,1238.79,1168.67,60
2026-06-21,Delhi,North Delhi,Azadpur Mandi,Potato,Jyoti,1098.38,1238.6,1168.49,60
2026-06-22,Delhi,North Delhi,Azadpur Mandi,Potato,Jyoti,1096.85,1236.87,1166.86,60
2026-06-23,Delhi,North Delhi,Azadpur Mandi,Potato,Jyoti,1096.92,1236.96,1166.94,60
2026-06-24,Delhi,North Delhi,Azadpur Mandi,Potato,Jyoti,1099.93,1240.35,1170.14,60
2026-06-25,Delhi,North Delhi,Azadpur Mandi,Potato,Jyoti,1093.26,1232.82,1163.04,60
2026-06-26,Delhi,North Delhi,Azadpur Mandi,Potato,Jyoti,1099.44,1239.8,1169.62,60
2026-06-27,Delhi,North Delhi,Azadpur Mandi,Potato,Jyoti,1103.4,1244.26,1173.83,60
2026-06-28,Delhi,North Delhi,Azadpur Mandi,Potato,Jyoti,1107.37,1248.73,1178.05,60
2026-06-29,Delhi,North Delhi,Azadpur Mandi,Potato,Jyoti,1109.76,1251.44,1180.6,60
2026-06-30,Delhi,North Delhi,Azadpur Mandi,Potato,Jyoti,1109.82,1251.5,1180.66,60
2026-07-01,Delhi,North Delhi,Azadpur Mandi,Potato,Jyoti,1113.53,1255.69,1184.61,60
2026-07-02,Delhi,North Delhi,Azadpur Mandi,Potato,Jyoti,1116.8,1259.36,1188.08,60
2026-07-03,Delhi,North Delhi,Azadpur Mandi,Potato,Jyoti,1114.76,1257.06,1185.91,60
2026-07-04,Delhi,North Delhi,Azadpur Mandi,Potato,Jyoti,1111.48,1253.38,1182.43,60
2026-07-05,Delhi,North Delhi,Azadpur Mandi,Potato,Jyoti,1112.0,1253.96,1182.98,60
2026-07-06,Delhi,North Delhi,Azadpur Mandi,Potato,Jyoti,1120.62,1263.68,1192.15,60
2026-07-07,Delhi,North Delhi,Azadpur Mandi,Potato,Jyoti,1113.62,1255.78,1184.7,60
2026-07-08,Delhi,North Delhi,Azadpur Mandi,Potato,Jyoti,1105.35,1246.45,1175.9,60
2026-07-09,Delhi,North Delhi,Azadpur Mandi,Potato,Jyoti,1106.21,1247.43,1176.82,60
2026-07-10,Delhi,North Delhi,Azadpur Mandi,Potato,Jyoti,1106.45,1247.69,1177.07,60
2026-07-11,Delhi,North Delhi,Azadpur Mandi,Potato,Jyoti,1107.36,1248.72,1178.04,60
2026-07-12,Delhi,North Delhi,Azadpur Mandi,Potato,Jyoti,1108.66,1250.2,1179.43,60
2026-07-13,Delhi,North Delhi,Azadpur Mandi,Potato,Jyoti,1107.36,1248.72,1178.04,60
2026-07-14,Delhi,North Delhi,Azadpur Mandi,Potato,Jyoti,1115.65,1258.07,1186.86,60
2026-07-15,Delhi,North Delhi,Azadpur Mandi,Potato,Jyoti,1106.62,1247.9,1177.26,60
2026-07-16,Delhi,North Delhi,Azadpur Mandi,Potato,Jyoti,1101.93,1242.61,1172.27,60
2026-07-17,Delhi,North Delhi,Azadpur Mandi,Potato,Jyoti,1101.29,1241.89,1171.59,60
2026-07-18,Delhi,North Delhi,Azadpur Mandi,Potato,Jyoti,1092.04,1231.44,1161.74,60
2026-07-19,Delhi,North Delhi,Azadpur Mandi,Potato,Jyoti,1090.99,1230.27,1160.63,60
2026-07-20,Delhi,North Delhi,Azadpur Mandi,Potato,Jyoti,1100.24,1240.7,1170.47,60
2026-07-21,Delhi,North Delhi,Azadpur Mandi,Potato,Jyoti,1100.31,1240.77,1170.54,60
2026-07-22,Delhi,North Delhi,Azadpur Mandi,Potato,Jyoti,1101.54,1242.16,1171.85,60
2026-07-23,Delhi,North Delhi,Azadpur Mandi,Potato,Jyoti,1094.42,1234.14,1164.28,60
2026-07-24,Delhi,North Delhi,Azadpur Mandi,Potato,Jyoti,1090.92,1230.18,1160.55,60
2026-07-25,Delhi,North Delhi,Azadpur Mandi,Potato,Jyoti,1088.76,1227.76,1158.26,60
2026-07-26,Delhi,North Delhi,Azadpur Mandi,Potato,Jyoti,1086.92,1225.68,1156.3,60
2026-07-27,Delhi,North Delhi,Azadpur Mandi,Potato,Jyoti,1094.05,1233.71,1163.88,60
2026-07-28,Delhi,North Delhi,Azadpur Mandi,Potato,Jyoti,1097.11,1237.17,1167.14,60
2026-07-29,Delhi,North Delhi,Azadpur Mandi,Potato,Jyoti,1090.83,1230.09,1160.46,60
2026-07-30,Delhi,North Delhi,Azadpur Mandi,Potato,Jyoti,1092.16,1231.58,1161.87,60
2026-07-31,Delhi,North Delhi,Azadpur Mandi,Potato,Jyoti,1094.89,1234.67,1164.78,60
2026-08-01,Delhi,North Delhi,Azadpur Mandi,Potato,Jyoti,1101.22,1241.8,1171.51,60
2026-08-02,Delhi,North Delhi,Azadpur Mandi,Potato,Jyoti,1110.02,1251.72,1180.87,60
2026-08-03,Delhi,North Delhi,Azadpur Mandi,Potato,Jyoti,1104.28,1245.26,1174.77,60
2026-08-04,Delhi,North Delhi,Azadpur Mandi,Potato,Jyoti,1099.68,1240.06,1169.87,60
2026-08-05,Delhi,North Delhi,Azadpur Mandi,Potato,Jyoti,1092.58,1232.06,1162.32,60
2026-08-06,Delhi,North Delhi,Azadpur Mandi,Potato,Jyoti,1091.22,1230.52,1160.87,60
2026-08-07,Delhi,North Delhi,Azadpur Mandi,Potato,Jyoti,1093.77,1233.41,1163.59,60
2026-08-08,Delhi,North Delhi,Azadpur Mandi,Potato,Jyoti,1099.25,1239.57,1169.41,60
2026-08-09,Delhi,North Delhi,Azadpur Mandi,Potato,Jyoti,1098.77,1239.03,1168.9,60
2026-08-10,Delhi,North Delhi,Azadpur Mandi,Potato,Jyoti,1096.91,1236.95,1166.93,60
2026-08-11,Delhi,North Delhi,Azadpur Mandi,Potato,Jyoti,1097.71,1237.85,1167.78,60
2026-08-12,Delhi,North Delhi,Azadpur Mandi,Potato,Jyoti,1092.98,1232.5,1162.74,60
2026-08-13,Delhi,North Delhi,Azadpur Mandi,Potato,Jyoti,1104.62,1245.64,1175.13,60
2026-08-14,Delhi,North Delhi,Azadpur Mandi,Potato,Jyoti,1095.56,1235.42,1165.49,60
2026-08-15,Delhi,North Delhi,Azadpur Mandi,Potato,Jyoti,1096.54,1236.52,1166.53,60
2026-08-16,Delhi,North Delhi,Azadpur Mandi,Potato,Jyoti,1107.82,1249.24,1178.53,60
2026-08-17,Delhi,North Delhi,Azadpur Mandi,Potato,Jyoti,1107.8,1249.22,1178.51,60
2026-08-18,Delhi,North Delhi,Azadpur Mandi,Potato,Jyoti,1106.68,1247.96,1177.32,60
2026-08-19,Delhi,North Delhi,Azadpur Mandi,Potato,Jyoti,1104.62,1245.64,1175.13,60
2026-08-20,Delhi,North Delhi,Azadpur Mandi,Potato,Jyoti,1103.56,1244.44,1174.0,60
2026-08-21,Delhi,North Delhi,Azadpur Mandi,Potato,Jyoti,1111.19,1253.05,1182.12,60
2026-08-22,Delhi,North Delhi,Azadpur Mandi,Potato,Jyoti,1098.75,1239.01,1168.88,60
2026-08-23,Delhi,North Delhi,Azadpur Mandi,Potato,Jyoti,1107.28,1248.64,1177.96,60
2026-08-24,Delhi,North Delhi,Azadpur Mandi,Potato,Jyoti,1099.25,1239.57,1169.41,60
2026-08-25,Delhi,North Delhi,Azadpur Mandi,Potato,Jyoti,1097.69,1237.83,1167.76,60
2026-08-26,Delhi,North Delhi,Azadpur Mandi,Potato,Jyoti,1095.24,1235.06,1165.15,60
2026-08-27,Delhi,North Delhi,Azadpur Mandi,Potato,Jyoti,1098.47,1238.71,1168.59,60
2026-08-28,Delhi,North Delhi,Azadpur Mandi,Potato,Jyoti,1089.47,1228.55,1159.01,60
2026-08-29,Delhi,North Delhi,Azadpur Mandi,Potato,Jyoti,1092.0,1231.4,1161.7,60
2026-08-30,Delhi,North Delhi,Azadpur Mandi,Potato,Jyoti,1103.29,1244.13,1173.71,60
2026-08-31,Delhi,North Delhi,Azadpur Mandi,Potato,Jyoti,1095.6,1235.46,1165.53,60
2026-09-01,Delhi,North Delhi,Azadpur Mandi,Potato,Jyoti,1096.6,1236.6,1166.6,60
2026-09-02,Delhi,North Delhi,Azadpur Mandi,Potato,Jyoti,1092.83,1232.35,1162.59,60
2026-09-03,Delhi,North Delhi,Azadpur Mandi,Potato,Jyoti,1095.17,1234.97,1165.07,60
2026-09-04,Delhi,North Delhi,Azadpur Mandi,Potato,Jyoti,1095.21,1235.03,1165.12,60
2026-09-05,Delhi,North Delhi,Azadpur Mandi,Potato,Jyoti,1091.57,1230.91,1161.24,60
2026-09-06,Delhi,North Delhi,Azadpur Mandi,Potato,Jyoti,1094.24,1233.94,1164.09,60
2026-09-07,Delhi,North Delhi,Azadpur Mandi,Potato,Jyoti,1104.29,1245.27,1174.78,60
2026-09-08,Delhi,North Delhi,Azadpur Mandi,Potato,Jyoti,1103.17,1244.01,1173.59,60
2026-09-09,Delhi,North Delhi,Azadpur Mandi,Potato,Jyoti,1107.15,1248.49,1177.82,60
2026-09-10,Delhi,North Delhi,Azadpur Mandi,Potato,Jyoti,1099.85,1240.25,1170.05,60
2026-05-14,Madhya Pradesh,Bhopal,Bhopal Mandi,Potato,Jyoti,1160.91,1309.11,1235.01,480
2026-05-15,Madhya Pradesh,Bhopal,Bhopal Mandi,Potato,Jyoti,1162.99,1311.45,1237.22,480
2026-05-16,Madhya Pradesh,Bhopal,Bhopal Mandi,Potato,Jyoti,1165.21,1313.97,1239.59,480
2026-05-17,Madhya Pradesh,Bhopal,Bhopal Mandi,Potato,Jyoti,1153.99,1301.31,1227.65,480
2026-05-18,Madhya Pradesh,Bhopal,Bhopal Mandi,Potato,Jyoti,1152.32,1299.42,1225.87,480
2026-05-19,Madhya Pradesh,Bhopal,Bhopal Mandi,Potato,Jyoti,1157.16,1304.88,1231.02,480
2026-05-20,Madhya Pradesh,Bhopal,Bhopal Mandi,Potato,Jyoti,1156.81,1304.49,1230.65,480
2026-05-21,Madhya Pradesh,Bhopal,Bhopal Mandi,Potato,Jyoti,1148.61,1295.25,1221.93,480
2026-05-22,Madhya Pradesh,Bhopal,Bhopal Mandi,Potato,Jyoti,1148.26,1294.84,1221.55,480
2026-05-23,Madhya Pradesh,Bhopal,Bhopal Mandi,Potato,Jyoti,1158.07,1305.91,1231.99,480
2026-05-24,Madhya Pradesh,Bhopal,Bhopal Mandi,Potato,Jyoti,1165.23,1313.99,1239.61,480
2026-05-25,Madhya Pradesh,Bhopal,Bhopal Mandi,Potato,Jyoti,1164.81,1313.51,1239.16,480
2026-05-26,Madhya Pradesh,Bhopal,Bhopal Mandi,Potato,Jyoti,1170.26,1319.66,1244.96,480
2026-05-27,Madhya Pradesh,Bhopal,Bhopal Mandi,Potato,Jyoti,1168.08,1317.2,1242.64,480
2026-05-28,Madhya Pradesh,Bhopal,Bhopal Mandi,Potato,Jyoti,1158.16,1306.0,1232.08,480
2026-05-29,Madhya Pradesh,Bhopal,Bhopal Mandi,Potato,Jyoti,1152.75,1299.91,1226.33,480
2026-05-30,Madhya Pradesh,Bhopal,Bhopal Mandi,Potato,Jyoti,1161.74,1310.04,1235.89,480
2026-05-31,Madhya Pradesh,Bhopal,Bhopal Mandi,Potato,Jyoti,1160.1,1308.2,1234.15,480
2026-06-01,Madhya Pradesh,Bhopal,Bhopal Mandi,Potato,Jyoti,1158.63,1306.53,1232.58,480
2026-06-02,Madhya Pradesh,Bhopal,Bhopal Mandi,Potato,Jyoti,1156.84,1304.52,1230.68,480
2026-06-03,Madhya Pradesh,Bhopal,Bhopal Mandi,Potato,Jyoti,1167.8,1316.88,1242.34,480
2026-06-04,Madhya Pradesh,Bhopal,Bhopal Mandi,Potato,Jyoti,1177.16,1327.44,1252.3,480
2026-06-05,Madhya Pradesh,Bhopal,Bhopal Mandi,Potato,Jyoti,1189.96,1341.86,1265.91,480
2026-06-06,Madhya Pradesh,Bhopal,Bhopal Mandi,Potato,Jyoti,1188.98,1340.76,1264.87,480
2026-06-07,Madhya Pradesh,Bhopal,Bhopal Mandi,Potato,Jyoti,1190.62,1342.62,1266.62,480
2026-06-08,Madhya Pradesh,Bhopal,Bhopal Mandi,Potato,Jyoti,1181.79,1332.65,1257.22,480
2026-06-09,Madhya Pradesh,Bhopal,Bhopal Mandi,Potato,Jyoti,1190.28,1342.24,1266.26,480
2026-06-10,Madhya Pradesh,Bhopal,Bhopal Mandi,Potato,Jyoti,1183.46,1334.54,1259.0,480
2026-06-11,Madhya Pradesh,Bhopal,Bhopal Mandi,Potato,Jyoti,1184.66,1335.9,1260.28,480
2026-06-12,Madhya Pradesh,Bhopal,Bhopal Mandi,Potato,Jyoti,1178.24,1328.66,1253.45,480
2026-06-13,Madhya Pradesh,Bhopal,Bhopal Mandi,Potato,Jyoti,1174.77,1324.75,1249.76,480
2026-06-14,Madhya Pradesh,Bhopal,Bhopal Mandi,Potato,Jyoti,1169.87,1319.21,1244.54,480
2026-06-15,Madhya Pradesh,Bhopal,Bhopal Mandi,Potato,Jyoti,1166.3,1315.18,1240.74,480
2026-06-16,Madhya Pradesh,Bhopal,Bhopal Mandi,Potato,Jyoti,1163.12,1311.6,1237.36,480
2026-06-17,Madhya Pradesh,Bhopal,Bhopal Mandi,Potato,Jyoti,1159.88,1307.96,1233.92,480
2026-06-18,Madhya Pradesh,Bhopal,Bhopal Mandi,Potato,Jyoti,1164.65,1313.33,1238.99,480
2026-06-19,Madhya Pradesh,Bhopal,Bhopal Mandi,Potato,Jyoti,1158.19,1306.05,1232.12,480
2026-06-20,Madhya Pradesh,Bhopal,Bhopal Mandi,Potato,Jyoti,1159.41,1307.43,1233.42,480
2026-06-21,Madhya Pradesh,Bhopal,Bhopal Mandi,Potato,Jyoti,1166.41,1315.31,1240.86,480
2026-06-22,Madhya Pradesh,Bhopal,Bhopal Mandi,Potato,Jyoti,1163.38,1311.9,1237.64,480
2026-06-23,Madhya Pradesh,Bhopal,Bhopal Mandi,Potato,Jyoti,1159.16,1307.14,1233.15,480
2026-06-24,Madhya Pradesh,Bhopal,Bhopal Mandi,Potato,Jyoti,1157.77,1305.57,1231.67,480
2026-06-25,Madhya Pradesh,Bhopal,Bhopal Mandi,Potato,Jyoti,1164.55,1313.21,1238.88,480
2026-06-26,Madhya Pradesh,Bhopal,Bhopal Mandi,Potato,Jyoti,1165.61,1314.41,1240.01,480
2026-06-27,Madhya Pradesh,Bhopal,Bhopal Mandi,Potato,Jyoti,1162.48,1310.88,1236.68,480
2026-06-28,Madhya Pradesh,Bhopal,Bhopal Mandi,Potato,Jyoti,1165.22,1313.98,1239.6,480
2026-06-29,Madhya Pradesh,Bhopal,Bhopal Mandi,Potato,Jyoti,1158.78,1306.7,1232.74,480
2026-06-30,Madhya Pradesh,Bhopal,Bhopal Mandi,Potato,Jyoti,1162.67,1311.09,1236.88,480
2026-07-01,Madhya Pradesh,Bhopal,Bhopal Mandi,Potato,Jyoti,1164.97,1313.69,1239.33,480
2026-07-02,Madhya Pradesh,Bhopal,Bhopal Mandi,Potato,Jyoti,1163.14,1311.62,1237.38,480
2026-07-03,Madhya Pradesh,Bhopal,Bhopal Mandi,Potato,Jyoti,1158.22,1306.08,1232.15,480
2026-07-04,Madhya Pradesh,Bhopal,Bhopal Mandi,Potato,Jyoti,1153.02,1300.22,1226.62,480
2026-07-05,Madhya Pradesh,Bhopal,Bhopal Mandi,Potato,Jyoti,1156.07,1303.65,1229.86,480
2026-07-06,Madhya Pradesh,Bhopal,Bhopal Mandi,Potato,Jyoti,1163.13,1311.61,1237.37,480
2026-07-07,Madhya Pradesh,Bhopal,Bhopal Mandi,Potato,Jyoti,1159.38,1307.38,1233.38,480
2026-07-08,Madhya Pradesh,Bhopal,Bhopal Mandi,Potato,Jyoti,1161.97,1310.31,1236.14,480
2026-07-09,Madhya Pradesh,Bhopal,Bhopal Mandi,Potato,Jyoti,1149.83,1296.61,1223.22,480
2026-07-10,Madhya Pradesh,Bhopal,Bhopal Mandi,Potato,Jyoti,1146.39,1292.73,1219.56,480
2026-07-11,Madhya Pradesh,Bhopal,Bhopal Mandi,Potato,Jyoti,1146.15,1292.47,1219.31,480
2026-07-12,Madhya Pradesh,Bhopal,Bhopal Mandi,Potato,Jyoti,1140.82,1286.46,1213.64,480
2026-07-13,Madhya Pradesh,Bhopal,Bhopal Mandi,Potato,Jyoti,1135.34,1280.28,1207.81,480
2026-07-14,Madhya Pradesh,Bhopal,Bhopal Mandi,Potato,Jyoti,1131.41,1275.85,1203.63,480
2026-07-15,Madhya Pradesh,Bhopal,Bhopal Mandi,Potato,Jyoti,1133.05,1277.69,1205.37,480
2026-07-16,Madhya Pradesh,Bhopal,Bhopal Mandi,Potato,Jyoti,1131.91,1276.41,1204.16,480
2026-07-17,Madhya Pradesh,Bhopal,Bhopal Mandi,Potato,Jyoti,1118.89,1261.73,1190.31,480
2026-07-18,Madhya Pradesh,Bhopal,Bhopal Mandi,Potato,Jyoti,1106.55,1247.81,1177.18,480
2026-07-19,Madhya Pradesh,Bhopal,Bhopal Mandi,Potato,Jyoti,1102.98,1243.78,1173.38,480
2026-07-20,Madhya Pradesh,Bhopal,Bhopal Mandi,Potato,Jyoti,1105.57,1246.71,1176.14,480
2026-07-21,Madhya Pradesh,Bhopal,Bhopal Mandi,Potato,Jyoti,1089.6,1228.7,1159.15,480
2026-07-22,Madhya Pradesh,Bhopal,Bhopal Mandi,Potato,Jyoti,1086.65,1225.37,1156.01,480
2026-07-23,Madhya Pradesh,Bhopal,Bhopal Mandi,Potato,Jyoti,1083.55,1221.87,1152.71,480
2026-07-24,Madhya Pradesh,Bhopal,Bhopal Mandi,Potato,Jyoti,1091.53,1230.87,1161.2,480
2026-07-25,Madhya Pradesh,Bhopal,Bhopal Mandi,Potato,Jyoti,1089.24,1228.3,1158.77,480
2026-07-26,Madhya Pradesh,Bhopal,Bhopal Mandi,Potato,Jyoti,1091.4,1230.72,1161.06,480
2026-07-27,Madhya Pradesh,Bhopal,Bhopal Mandi,Potato,Jyoti,1092.16,1231.58,1161.87,480
2026-07-28,Madhya Pradesh,Bhopal,Bhopal Mandi,Potato,Jyoti,1079.76,1217.6,1148.68,480
2026-07-29,Madhya Pradesh,Bhopal,Bhopal Mandi,Potato,Jyoti,1084.16,1222.56,1153.36,480
2026-07-30,Madhya Pradesh,Bhopal,Bhopal Mandi,Potato,Jyoti,1085.34,1223.9,1154.62,480
2026-07-31,Madhya Pradesh,Bhopal,Bhopal Mandi,Potato,Jyoti,1088.23,1227.15,1157.69,480
2026-08-01,Madhya Pradesh,Bhopal,Bhopal Mandi,Potato,Jyoti,1110.91,1252.73,1181.82,480
2026-08-02,Madhya Pradesh,Bhopal,Bhopal Mandi,Potato,Jyoti,1098.78,1239.06,1168.92,480
2026-08-03,Madhya Pradesh,Bhopal,Bhopal Mandi,Potato,Jyoti,1108.71,1250.25,1179.48,480
2026-08-04,Madhya Pradesh,Bhopal,Bhopal Mandi,Potato,Jyoti,1106.99,1248.31,1177.65,480
2026-08-05,Madhya Pradesh,Bhopal,Bhopal Mandi,Potato,Jyoti,1108.6,1250.12,1179.36,480
2026-08-06,Madhya Pradesh,Bhopal,Bhopal Mandi,Potato,Jyoti,1108.27,1249.75,1179.01,480
2026-08-07,Madhya Pradesh,Bhopal,Bhopal Mandi,Potato,Jyoti,1105.76,1246.92,1176.34,480
2026-08-08,Madhya Pradesh,Bhopal,Bhopal Mandi,Potato,Jyoti,1102.4,1243.14,1172.77,480
2026-08-09,Madhya Pradesh,Bhopal,Bhopal Mandi,Potato,Jyoti,1104.25,1245.21,1174.73,480
2026-08-10,Madhya Pradesh,Bhopal,Bhopal Mandi,Potato,Jyoti,1095.41,1235.25,1165.33,480
2026-08-11,Madhya Pradesh,Bhopal,Bhopal Mandi,Potato,Jyoti,1099.7,1240.08,1169.89,480
2026-08-12,Madhya Pradesh,Bhopal,Bhopal Mandi,Potato,Jyoti,1097.22,1237.3,1167.26,480
2026-08-13,Madhya Pradesh,Bhopal,Bhopal Mandi,Potato,Jyoti,1090.63,1229.85,1160.24,480
2026-08-14,Madhya Pradesh,Bhopal,Bhopal Mandi,Potato,Jyoti,1087.97,1226.85,1157.41,480
2026-08-15,Madhya Pradesh,Bhopal,Bhopal Mandi,Potato,Jyoti,1095.18,1235.0,1165.09,480
2026-08-16,Madhya Pradesh,Bhopal,Bhopal Mandi,Potato,Jyoti,1092.03,1231.43,1161.73,480
2026-08-17,Madhya Pradesh,Bhopal,Bhopal Mandi,Potato,Jyoti,1094.05,1233.71,1163.88,480
2026-08-18,Madhya Pradesh,Bhopal,Bhopal Mandi,Potato,Jyoti,1089.75,1228.87,1159.31,480
2026-08-19,Madhya Pradesh,Bhopal,Bhopal Mandi,Potato,Jyoti,1094.08,1233.76,1163.92,480
2026-08-20,Madhya Pradesh,Bhopal,Bhopal Mandi,Potato,Jyoti,1098.0,1238.16,1168.08,480
2026-08-21,Madhya Pradesh,Bhopal,Bhopal Mandi,Potato,Jyoti,1108.65,1250.17,1179.41,480
2026-08-22,Madhya Pradesh,Bhopal,Bhopal Mandi,Potato,Jyoti,1107.56,1248.96,1178.26,480
2026-08-23,Madhya Pradesh,Bhopal,Bhopal Mandi,Potato,Jyoti,1111.38,1253.26,1182.32,480
2026-08-24,Madhya Pradesh,Bhopal,Bhopal Mandi,Potato,Jyoti,1111.89,1253.83,1182.86,480
2026-08-25,Madhya Pradesh,Bhopal,Bhopal Mandi,Potato,Jyoti,1119.34,1262.24,1190.79,480
2026-08-26,Madhya Pradesh,Bhopal,Bhopal Mandi,Potato,Jyoti,1115.12,1257.48,1186.3,480
2026-08-27,Madhya Pradesh,Bhopal,Bhopal Mandi,Potato,Jyoti,1119.37,1262.27,1190.82,480
2026-08-28,Madhya Pradesh,Bhopal,Bhopal Mandi,Potato,Jyoti,1118.19,1260.93,1189.56,480
2026-08-29,Madhya Pradesh,Bhopal,Bhopal Mandi,Potato,Jyoti,1117.76,1260.46,1189.11,480
2026-08-30,Madhya Pradesh,Bhopal,Bhopal Mandi,Potato,Jyoti,1118.23,1260.99,1189.61,480
2026-08-31,Madhya Pradesh,Bhopal,Bhopal Mandi,Potato,Jyoti,1119.63,1262.57,1191.1,480
2026-09-01,Madhya Pradesh,Bhopal,Bhopal Mandi,Potato,Jyoti,1118.9,1261.74,1190.32,480
2026-09-02,Madhya Pradesh,Bhopal,Bhopal Mandi,Potato,Jyoti,1120.09,1263.09,1191.59,480
2026-09-03,Madhya Pradesh,Bhopal,Bhopal Mandi,Potato,Jyoti,1129.17,1273.33,1201.25,480
2026-09-04,Madhya Pradesh,Bhopal,Bhopal Mandi,Potato,Jyoti,1134.82,1279.68,1207.25,480
2026-09-05,Madhya Pradesh,Bhopal,Bhopal Mandi,Potato,Jyoti,1139.8,1285.3,1212.55,480
2026-09-06,Madhya Pradesh,Bhopal,Bhopal Mandi,Potato,Jyoti,1137.1,1282.26,1209.68,480
2026-09-07,Madhya Pradesh,Bhopal,Bhopal Mandi,Potato,Jyoti,1131.89,1276.39,1204.14,480
2026-09-08,Madhya Pradesh,Bhopal,Bhopal Mandi,Potato,Jyoti,1137.36,1282.56,1209.96,480
2026-09-09,Madhya Pradesh,Bhopal,Bhopal Mandi,Potato,Jyoti,1142.38,1288.22,1215.3,480
2026-09-10,Madhya Pradesh,Bhopal,Bhopal Mandi,Potato,Jyoti,1150.85,1297.77,1224.31,480
2026-05-14,Uttar Pradesh,Gautam Buddh Nagar,Greater Noida Mandi,Potato,Jyoti,1148.71,1295.35,1222.03,45
2026-05-15,Uttar Pradesh,Gautam Buddh Nagar,Greater Noida Mandi,Potato,Jyoti,1146.72,1293.12,1219.92,45
2026-05-16,Uttar Pradesh,Gautam Buddh Nagar,Greater Noida Mandi,Potato,Jyoti,1149.04,1295.72,1222.38,45
2026-05-17,Uttar Pradesh,Gautam Buddh Nagar,Greater Noida Mandi,Potato,Jyoti,1157.5,1305.26,1231.38,45
2026-05-18,Uttar Pradesh,Gautam Buddh Nagar,Greater Noida Mandi,Potato,Jyoti,1164.1,1312.7,1238.4,45
2026-05-19,Uttar Pradesh,Gautam Buddh Nagar,Greater Noida Mandi,Potato,Jyoti,1162.87,1311.33,1237.1,45
2026-05-20,Uttar Pradesh,Gautam Buddh Nagar,Greater Noida Mandi,Potato,Jyoti,1162.05,1310.39,1236.22,45
2026-05-21,Uttar Pradesh,Gautam Buddh Nagar,Greater Noida Mandi,Potato,Jyoti,1167.71,1316.79,1242.25,45
2026-05-22,Uttar Pradesh,Gautam Buddh Nagar,Greater Noida Mandi,Potato,Jyoti,1180.98,1331.74,1256.36,45
2026-05-23,Uttar Pradesh,Gautam Buddh Nagar,Greater Noida Mandi,Potato,Jyoti,1182.02,1332.92,1257.47,45
2026-05-24,Uttar Pradesh,Gautam Buddh Nagar,Greater Noida Mandi,Potato,Jyoti,1193.14,1345.46,1269.3,45
2026-05-25,Uttar Pradesh,Gautam Buddh Nagar,Greater Noida Mandi,Potato,Jyoti,1191.7,1343.84,1267.77,45
2026-05-26,Uttar Pradesh,Gautam Buddh Nagar,Greater Noida Mandi,Potato,Jyoti,1197.08,1349.9,1273.49,45
2026-05-27,Uttar Pradesh,Gautam Buddh Nagar,Greater Noida Mandi,Potato,Jyoti,1203.31,1356.93,1280.12,45
2026-05-28,Uttar Pradesh,Gautam Buddh Nagar,Greater Noida Mandi,Potato,Jyoti,1200.92,1354.22,1277.57,45
2026-05-29,Uttar Pradesh,Gautam Buddh Nagar,Greater Noida Mandi,Potato,Jyoti,1196.59,1349.35,1272.97,45
2026-05-30,Uttar Pradesh,Gautam Buddh Nagar,Greater Noida Mandi,Potato,Jyoti,1203.08,1356.66,1279.87,45
2026-05-31,Uttar Pradesh,Gautam Buddh Nagar,Greater Noida Mandi,Potato,Jyoti,1199.99,1353.17,1276.58,45
2026-06-01,Uttar Pradesh,Gautam Buddh Nagar,Greater Noida Mandi,Potato,Jyoti,1194.82,1347.36,1271.09,45
2026-06-02,Uttar Pradesh,Gautam Buddh Nagar,Greater Noida Mandi,Potato,Jyoti,1190.86,1342.88,1266.87,45
2026-06-03,Uttar Pradesh,Gautam Buddh Nagar,Greater Noida Mandi,Potato,Jyoti,1187.75,1339.37,1263.56,45
2026-06-04,Uttar Pradesh,Gautam Buddh Nagar,Greater Noida Mandi,Potato,Jyoti,1192.58,1344.82,1268.7,45
2026-06-05,Uttar Pradesh,Gautam Buddh Nagar,Greater Noida Mandi,Potato,Jyoti,1195.46,1348.08,1271.77,45
2026-06-06,Uttar Pradesh,Gautam Buddh Nagar,Greater Noida Mandi,Potato,Jyoti,1199.49,1352.61,1276.05,45
2026-06-07,Uttar Pradesh,Gautam Buddh Nagar,Greater Noida Mandi,Potato,Jyoti,1201.84,1355.26,1278.55,45
2026-06-08,Uttar Pradesh,Gautam Buddh Nagar,Greater Noida Mandi,Potato,Jyoti,1198.39,1351.37,1274.88,45
2026-06-09,Uttar Pradesh,Gautam Buddh Nagar,Greater Noida Mandi,Potato,Jyoti,1202.32,1355.8,1279.06,45
2026-06-10,Uttar Pradesh,Gautam Buddh Nagar,Greater Noida Mandi,Potato,Jyoti,1209.01,1363.35,1286.18,45
2026-06-11,Uttar Pradesh,Gautam Buddh Nagar,Greater Noida Mandi,Potato,Jyoti,1212.29,1367.05,1289.67,45
2026-06-12,Uttar Pradesh,Gautam Buddh Nagar,Greater Noida Mandi,Potato,Jyoti,1214.8,1369.88,1292.34,45
2026-06-13,Uttar Pradesh,Gautam Buddh Nagar,Greater Noida Mandi,Potato,Jyoti,1210.36,1364.88,1287.62,45
2026-06-14,Uttar Pradesh,Gautam Buddh Nagar,Greater Noida Mandi,Potato,Jyoti,1211.51,1366.17,1288.84,45
2026-06-15,Uttar Pradesh,Gautam Buddh Nagar,Greater Noida Mandi,Potato,Jyoti,1206.77,1360.83,1283.8,45
2026-06-16,Uttar Pradesh,Gautam Buddh Nagar,Greater Noida Mandi,Potato,Jyoti,1206.57,1360.61,1283.59,45
2026-06-17,Uttar Pradesh,Gautam Buddh Nagar,Greater Noida Mandi,Potato,Jyoti,1197.16,1349.98,1273.57,45
2026-06-18,Uttar Pradesh,Gautam Buddh Nagar,Greater Noida Mandi,Potato,Jyoti,1187.77,1339.41,1263.59,45
2026-06-19,Uttar Pradesh,Gautam Buddh Nagar,Greater Noida Mandi,Potato,Jyoti,1186.63,1338.11,1262.37,45
2026-06-20,Uttar Pradesh,Gautam Buddh Nagar,Greater Noida Mandi,Potato,Jyoti,1183.44,1334.52,1258.98,45
2026-06-21,Uttar Pradesh,Gautam Buddh Nagar,Greater Noida Mandi,Potato,Jyoti,1184.0,1335.14,1259.57,45
2026-06-22,Uttar Pradesh,Gautam Buddh Nagar,Greater Noida Mandi,Potato,Jyoti,1183.17,1334.21,1258.69,45
2026-06-23,Uttar Pradesh,Gautam Buddh Nagar,Greater Noida Mandi,Potato,Jyoti,1183.28,1334.34,1258.81,45
2026-06-24,Uttar Pradesh,Gautam Buddh Nagar,Greater Noida Mandi,Potato,Jyoti,1186.7,1338.2,1262.45,45
2026-06-25,Uttar Pradesh,Gautam Buddh Nagar,Greater Noida Mandi,Potato,Jyoti,1184.0,1335.14,1259.57,45
2026-06-26,Uttar Pradesh,Gautam Buddh Nagar,Greater Noida Mandi,Potato,Jyoti,1182.69,1333.67,1258.18,45
2026-06-27,Uttar Pradesh,Gautam Buddh Nagar,Greater Noida Mandi,Potato,Jyoti,1190.94,1342.98,1266.96,45
2026-06-28,Uttar Pradesh,Gautam Buddh Nagar,Greater Noida Mandi,Potato,Jyoti,1190.9,1342.92,1266.91,45
2026-06-29,Uttar Pradesh,Gautam Buddh Nagar,Greater Noida Mandi,Potato,Jyoti,1189.82,1341.72,1265.77,45
2026-06-30,Uttar Pradesh,Gautam Buddh Nagar,Greater Noida Mandi,Potato,Jyoti,1190.24,1342.18,1266.21,45
2026-07-01,Uttar Pradesh,Gautam Buddh Nagar,Greater Noida Mandi,Potato,Jyoti,1189.25,1341.07,1265.16,45
2026-07-02,Uttar Pradesh,Gautam Buddh Nagar,Greater Noida Mandi,Potato,Jyoti,1185.14,1336.44,1260.79,45
2026-07-03,Uttar Pradesh,Gautam Buddh Nagar,Greater Noida Mandi,Potato,Jyoti,1179.39,1329.95,1254.67,45
2026-07-04,Uttar Pradesh,Gautam Buddh Nagar,Greater Noida Mandi,Potato,Jyoti,1174.97,1324.97,1249.97,45
2026-07-05,Uttar Pradesh,Gautam Buddh Nagar,Greater Noida Mandi,Potato,Jyoti,1179.9,1330.52,1255.21,45
2026-07-06,Uttar Pradesh,Gautam Buddh Nagar,Greater Noida Mandi,Potato,Jyoti,1176.25,1326.41,1251.33,45
2026-07-07,Uttar Pradesh,Gautam Buddh Nagar,Greater Noida Mandi,Potato,Jyoti,1175.31,1325.35,1250.33,45
2026-07-08,Uttar Pradesh,Gautam Buddh Nagar,Greater Noida Mandi,Potato,Jyoti,1179.25,1329.79,1254.52,45
2026-07-09,Uttar Pradesh,Gautam Buddh Nagar,Greater Noida Mandi,Potato,Jyoti,1177.6,1327.94,1252.77,45
2026-07-10,Uttar Pradesh,Gautam Buddh Nagar,Greater Noida Mandi,Potato,Jyoti,1181.17,1331.95,1256.56,45
2026-07-11,Uttar Pradesh,Gautam Buddh Nagar,Greater Noida Mandi,Potato,Jyoti,1172.31,1321.97,1247.14,45
2026-07-12,Uttar Pradesh,Gautam Buddh Nagar,Greater Noida Mandi,Potato,Jyoti,1171.49,1321.05,1246.27,45
2026-07-13,Uttar Pradesh,Gautam Buddh Nagar,Greater Noida Mandi,Potato,Jyoti,1171.89,1321.49,1246.69,45
2026-07-14,Uttar Pradesh,Gautam Buddh Nagar,Greater Noida Mandi,Potato,Jyoti,1171.96,1321.58,1246.77,45
2026-07-15,Uttar Pradesh,Gautam Buddh Nagar,Greater Noida Mandi,Potato,Jyoti,1162.47,1310.87,1236.67,45
2026-07-16,Uttar Pradesh,Gautam Buddh Nagar,Greater Noida Mandi,Potato,Jyoti,1169.28,1318.56,1243.92,45
2026-07-17,Uttar Pradesh,Gautam Buddh Nagar,Greater Noida Mandi,Potato,Jyoti,1164.34,1312.98,1238.66,45
2026-07-18,Uttar Pradesh,Gautam Buddh Nagar,Greater Noida Mandi,Potato,Jyoti,1166.2,1315.08,1240.64,45
2026-07-19,Uttar Pradesh,Gautam Buddh Nagar,Greater Noida Mandi,Potato,Jyoti,1166.19,1315.07,1240.63,45
2026-07-20,Uttar Pradesh,Gautam Buddh Nagar,Greater Noida Mandi,Potato,Jyoti,1171.86,1321.46,1246.66,45
2026-07-21,Uttar Pradesh,Gautam Buddh Nagar,Greater Noida Mandi,Potato,Jyoti,1184.3,1335.48,1259.89,45
2026-07-22,Uttar Pradesh,Gautam Buddh Nagar,Greater Noida Mandi,Potato,Jyoti,1176.87,1327.11,1251.99,45
2026-07-23,Uttar Pradesh,Gautam Buddh Nagar,Greater Noida Mandi,Potato,Jyoti,1173.11,1322.87,1247.99,45
2026-07-24,Uttar Pradesh,Gautam Buddh Nagar,Greater Noida Mandi,Potato,Jyoti,1174.13,1324.01,1249.07,45
2026-07-25,Uttar Pradesh,Gautam Buddh Nagar,Greater Noida Mandi,Potato,Jyoti,1167.76,1316.84,1242.3,45
2026-07-26,Uttar Pradesh,Gautam Buddh Nagar,Greater Noida Mandi,Potato,Jyoti,1172.17,1321.81,1246.99,45
2026-07-27,Uttar Pradesh,Gautam Buddh Nagar,Greater Noida Mandi,Potato,Jyoti,1176.93,1327.17,1252.05,45
2026-07-28,Uttar Pradesh,Gautam Buddh Nagar,Greater Noida Mandi,Potato,Jyoti,1180.07,1330.71,1255.39,45
2026-07-29,Uttar Pradesh,Gautam Buddh Nagar,Greater Noida Mandi,Potato,Jyoti,1181.36,1332.18,1256.77,45
2026-07-30,Uttar Pradesh,Gautam Buddh Nagar,Greater Noida Mandi,Potato,Jyoti,1189.12,1340.92,1265.02,45
2026-07-31,Uttar Pradesh,Gautam Buddh Nagar,Greater Noida Mandi,Potato,Jyoti,1182.46,1333.42,1257.94,45
2026-08-01,Uttar Pradesh,Gautam Buddh Nagar,Greater Noida Mandi,Potato,Jyoti,1182.78,1333.78,1258.28,45
2026-08-02,Uttar Pradesh,Gautam Buddh Nagar,Greater Noida Mandi,Potato,Jyoti,1178.51,1328.95,1253.73,45
2026-08-03,Uttar Pradesh,Gautam Buddh Nagar,Greater Noida Mandi,Potato,Jyoti,1183.54,1334.62,1259.08,45
2026-08-04,Uttar Pradesh,Gautam Buddh Nagar,Greater Noida Mandi,Potato,Jyoti,1173.01,1322.75,1247.88,45
2026-08-05,Uttar Pradesh,Gautam Buddh Nagar,Greater Noida Mandi,Potato,Jyoti,1172.79,1322.51,1247.65,45
2026-08-06,Uttar Pradesh,Gautam Buddh Nagar,Greater Noida Mandi,Potato,Jyoti,1174.64,1324.6,1249.62,45
2026-08-07,Uttar Pradesh,Gautam Buddh Nagar,Greater Noida Mandi,Potato,Jyoti,1169.18,1318.44,1243.81,45
2026-08-08,Uttar Pradesh,Gautam Buddh Nagar,Greater Noida Mandi,Potato,Jyoti,1165.54,1314.34,1239.94,45
2026-08-09,Uttar Pradesh,Gautam Buddh Nagar,Greater Noida Mandi,Potato,Jyoti,1165.58,1314.38,1239.98,45
2026-08-10,Uttar Pradesh,Gautam Buddh Nagar,Greater Noida Mandi,Potato,Jyoti,1170.98,1320.46,1245.72,45
2026-08-11,Uttar Pradesh,Gautam Buddh Nagar,Greater Noida Mandi,Potato,Jyoti,1165.02,1313.74,1239.38,45
2026-08-12,Uttar Pradesh,Gautam Buddh Nagar,Greater Noida Mandi,Potato,Jyoti,1160.06,1308.16,1234.11,45
2026-08-13,Uttar Pradesh,Gautam Buddh Nagar,Greater Noida Mandi,Potato,Jyoti,1166.43,1315.33,1240.88,45
2026-08-14,Uttar Pradesh,Gautam Buddh Nagar,Greater Noida Mandi,Potato,Jyoti,1164.81,1313.51,1239.16,45
2026-08-15,Uttar Pradesh,Gautam Buddh Nagar,Greater Noida Mandi,Potato,Jyoti,1160.32,1308.44,1234.38,45
2026-08-16,Uttar Pradesh,Gautam Buddh Nagar,Greater Noida Mandi,Potato,Jyoti,1164.42,1313.08,1238.75,45
2026-08-17,Uttar Pradesh,Gautam Buddh Nagar,Greater Noida Mandi,Potato,Jyoti,1161.58,1309.86,1235.72,45
2026-08-18,Uttar Pradesh,Gautam Buddh Nagar,Greater Noida Mandi,Potato,Jyoti,1167.39,1316.41,1241.9,45
2026-08-19,Uttar Pradesh,Gautam Buddh Nagar,Greater Noida Mandi,Potato,Jyoti,1163.54,1312.08,1237.81,45
2026-08-20,Uttar Pradesh,Gautam Buddh Nagar,Greater Noida Mandi,Potato,Jyoti,1162.57,1310.99,1236.78,45
2026-08-21,Uttar Pradesh,Gautam Buddh Nagar,Greater Noida Mandi,Potato,Jyoti,1167.91,1317.01,1242.46,45
2026-08-22,Uttar Pradesh,Gautam Buddh Nagar,Greater Noida Mandi,Potato,Jyoti,1166.56,1315.48,1241.02,45
2026-08-23,Uttar Pradesh,Gautam Buddh Nagar,Greater Noida Mandi,Potato,Jyoti,1170.82,1320.28,1245.55,45
2026-08-24,Uttar Pradesh,Gautam Buddh Nagar,Greater Noida Mandi,Potato,Jyoti,1170.38,1319.8,1245.09,45
2026-08-25,Uttar Pradesh,Gautam Buddh Nagar,Greater Noida Mandi,Potato,Jyoti,1181.65,1332.49,1257.07,45
2026-08-26,Uttar Pradesh,Gautam Buddh Nagar,Greater Noida Mandi,Potato,Jyoti,1190.55,1342.53,1266.54,45
2026-08-27,Uttar Pradesh,Gautam Buddh Nagar,Greater Noida Mandi,Potato,Jyoti,1182.91,1333.91,1258.41,45
2026-08-28,Uttar Pradesh,Gautam Buddh Nagar,Greater Noida Mandi,Potato,Jyoti,1185.83,1337.21,1261.52,45
2026-08-29,Uttar Pradesh,Gautam Buddh Nagar,Greater Noida Mandi,Potato,Jyoti,1181.11,1331.89,1256.5,45
2026-08-30,Uttar Pradesh,Gautam Buddh Nagar,Greater Noida Mandi,Potato,Jyoti,1182.15,1333.07,1257.61,45
2026-08-31,Uttar Pradesh,Gautam Buddh Nagar,Greater Noida Mandi,Potato,Jyoti,1182.48,1333.44,1257.96,45
2026-09-01,Uttar Pradesh,Gautam Buddh Nagar,Greater Noida Mandi,Potato,Jyoti,1176.4,1326.58,1251.49,45
2026-09-02,Uttar Pradesh,Gautam Buddh Nagar,Greater Noida Mandi,Potato,Jyoti,1182.39,1333.33,1257.86,45
2026-09-03,Uttar Pradesh,Gautam Buddh Nagar,Greater Noida Mandi,Potato,Jyoti,1183.49,1334.57,1259.03,45
2026-09-04,Uttar Pradesh,Gautam Buddh Nagar,Greater Noida Mandi,Potato,Jyoti,1181.81,1332.67,1257.24,45
2026-09-05,Uttar Pradesh,Gautam Buddh Nagar,Greater Noida Mandi,Potato,Jyoti,1179.25,1329.79,1254.52,45
2026-09-06,Uttar Pradesh,Gautam Buddh Nagar,Greater Noida Mandi,Potato,Jyoti,1179.99,1330.63,1255.31,45
2026-09-07,Uttar Pradesh,Gautam Buddh Nagar,Greater Noida Mandi,Potato,Jyoti,1182.27,1333.19,1257.73,45
2026-09-08,Uttar Pradesh,Gautam Buddh Nagar,Greater Noida Mandi,Potato,Jyoti,1181.5,1332.32,1256.91,45
2026-09-09,Uttar Pradesh,Gautam Buddh Nagar,Greater Noida Mandi,Potato,Jyoti,1165.26,1314.02,1239.64,45
2026-09-10,Uttar Pradesh,Gautam Buddh Nagar,Greater Noida Mandi,Potato,Jyoti,1165.3,1314.06,1239.68,45
2026-05-14,Rajasthan,Jaipur,Jaipur Mandi,Potato,Local,1048.08,1181.88,1114.98,240
2026-05-15,Rajasthan,Jaipur,Jaipur Mandi,Potato,Local,1044.92,1178.32,1111.62,240
2026-05-16,Rajasthan,Jaipur,Jaipur Mandi,Potato,Local,1035.43,1167.61,1101.52,240
2026-05-17,Rajasthan,Jaipur,Jaipur Mandi,Potato,Local,1038.71,1171.31,1105.01,240
2026-05-18,Rajasthan,Jaipur,Jaipur Mandi,Potato,Local,1032.4,1164.2,1098.3,240
2026-05-19,Rajasthan,Jaipur,Jaipur Mandi,Potato,Local,1035.96,1168.2,1102.08,240
2026-05-20,Rajasthan,Jaipur,Jaipur Mandi,Potato,Local,1042.85,1175.99,1109.42,240
2026-05-21,Rajasthan,Jaipur,Jaipur Mandi,Potato,Local,1046.09,1179.63,1112.86,240
2026-05-22,Rajasthan,Jaipur,Jaipur Mandi,Potato,Local,1051.62,1185.86,1118.74,240
2026-05-23,Rajasthan,Jaipur,Jaipur Mandi,Potato,Local,1062.09,1197.67,1129.88,240
2026-05-24,Rajasthan,Jaipur,Jaipur Mandi,Potato,Local,1067.07,1203.29,1135.18,240
2026-05-25,Rajasthan,Jaipur,Jaipur Mandi,Potato,Local,1068.73,1205.17,1136.95,240
2026-05-26,Rajasthan,Jaipur,Jaipur Mandi,Potato,Local,1077.19,1214.71,1145.95,240
2026-05-27,Rajasthan,Jaipur,Jaipur Mandi,Potato,Local,1086.28,1224.96,1155.62,240
2026-05-28,Rajasthan,Jaipur,Jaipur Mandi,Potato,Local,1095.45,1235.29,1165.37,240
2026-05-29,Rajasthan,Jaipur,Jaipur Mandi,Potato,Local,1092.83,1232.35,1162.59,240
2026-05-30,Rajasthan,Jaipur,Jaipur Mandi,Potato,Local,1085.73,1224.33,1155.03,240
2026-05-31,Rajasthan,Jaipur,Jaipur Mandi,Potato,Local,1082.8,1221.02,1151.91,240
2026-06-01,Rajasthan,Jaipur,Jaipur Mandi,Potato,Local,1086.4,1225.1,1155.75,240
2026-06-02,Rajasthan,Jaipur,Jaipur Mandi,Potato,Local,1087.19,1225.97,1156.58,240
2026-06-03,Rajasthan,Jaipur,Jaipur Mandi,Potato,Local,1086.06,1224.7,1155.38,240
2026-06-04,Rajasthan,Jaipur,Jaipur Mandi,Potato,Local,1088.92,1227.94,1158.43,240
2026-06-05,Rajasthan,Jaipur,Jaipur Mandi,Potato,Local,1081.21,1219.23,1150.22,240
2026-06-06,Rajasthan,Jaipur,Jaipur Mandi,Potato,Local,1081.89,1220.01,1150.95,240
2026-06-07,Rajasthan,Jaipur,Jaipur Mandi,Potato,Local,1087.66,1226.52,1157.09,240
2026-06-08,Rajasthan,Jaipur,Jaipur Mandi,Potato,Local,1090.48,1229.68,1160.08,240
2026-06-09,Rajasthan,Jaipur,Jaipur Mandi,Potato,Local,1094.03,1233.69,1163.86,240
2026-06-10,Rajasthan,Jaipur,Jaipur Mandi,Potato,Local,1102.29,1243.01,1172.65,240
2026-06-11,Rajasthan,Jaipur,Jaipur Mandi,Potato,Local,1101.9,1242.56,1172.23,240
2026-06-12,Rajasthan,Jaipur,Jaipur Mandi,Potato,Local,1098.45,1238.67,1168.56,240
2026-06-13,Rajasthan,Jaipur,Jaipur Mandi,Potato,Local,1104.58,1245.6,1175.09,240
2026-06-14,Rajasthan,Jaipur,Jaipur Mandi,Potato,Local,1110.64,1252.42,1181.53,240
2026-06-15,Rajasthan,Jaipur,Jaipur Mandi,Potato,Local,1113.5,1255.64,1184.57,240
2026-06-16,Rajasthan,Jaipur,Jaipur Mandi,Potato,Local,1112.6,1254.64,1183.62,240
2026-06-17,Rajasthan,Jaipur,Jaipur Mandi,Potato,Local,1112.56,1254.58,1183.57,240
2026-06-18,Rajasthan,Jaipur,Jaipur Mandi,Potato,Local,1105.85,1247.03,1176.44,240
2026-06-19,Rajasthan,Jaipur,Jaipur Mandi,Potato,Local,1111.61,1253.51,1182.56,240
2026-06-20,Rajasthan,Jaipur,Jaipur Mandi,Potato,Local,1117.16,1259.78,1188.47,240
2026-06-21,Rajasthan,Jaipur,Jaipur Mandi,Potato,Local,1110.28,1252.02,1181.15,240
2026-06-22,Rajasthan,Jaipur,Jaipur Mandi,Potato,Local,1114.75,1257.05,1185.9,240
2026-06-23,Rajasthan,Jaipur,Jaipur Mandi,Potato,Local,1116.8,1259.36,1188.08,240
2026-06-24,Rajasthan,Jaipur,Jaipur Mandi,Potato,Local,1111.43,1253.31,1182.37,240
2026-06-25,Rajasthan,Jaipur,Jaipur Mandi,Potato,Local,1105.09,1246.17,1175.63,240
2026-06-26,Rajasthan,Jaipur,Jaipur Mandi,Potato,Local,1106.98,1248.3,1177.64,240
2026-06-27,Rajasthan,Jaipur,Jaipur Mandi,Potato,Local,1104.86,1245.9,1175.38,240
2026-06-28,Rajasthan,Jaipur,Jaipur Mandi,Potato,Local,1114.29,1256.53,1185.41,240
2026-06-29,Rajasthan,Jaipur,Jaipur Mandi,Potato,Local,1119.2,1262.08,1190.64,240
2026-06-30,Rajasthan,Jaipur,Jaipur Mandi,Potato,Local,1121.62,1264.8,1193.21,240
2026-07-01,Rajasthan,Jaipur,Jaipur Mandi,Potato,Local,1124.29,1267.81,1196.05,240
2026-07-02,Rajasthan,Jaipur,Jaipur Mandi,Potato,Local,1131.17,1275.57,1203.37,240
2026-07-03,Rajasthan,Jaipur,Jaipur Mandi,Potato,Local,1135.52,1280.48,1208.0,240
2026-07-04,Rajasthan,Jaipur,Jaipur Mandi,Potato,Local,1138.08,1283.36,1210.72,240
2026-07-05,Rajasthan,Jaipur,Jaipur Mandi,Potato,Local,1132.92,1277.54,1205.23,240
2026-07-06,Rajasthan,Jaipur,Jaipur Mandi,Potato,Local,1148.81,1295.47,1222.14,240
2026-07-07,Rajasthan,Jaipur,Jaipur Mandi,Potato,Local,1143.01,1288.93,1215.97,240
2026-07-08,Rajasthan,Jaipur,Jaipur Mandi,Potato,Local,1141.34,1287.04,1214.19,240
2026-07-09,Rajasthan,Jaipur,Jaipur Mandi,Potato,Local,1132.66,1277.26,1204.96,240
2026-07-10,Rajasthan,Jaipur,Jaipur Mandi,Potato,Local,1135.42,1280.36,1207.89,240
2026-07-11,Rajasthan,Jaipur,Jaipur Mandi,Potato,Local,1136.15,1281.19,1208.67,240
2026-07-12,Rajasthan,Jaipur,Jaipur Mandi,Potato,Local,1140.09,1285.63,1212.86,240
2026-07-13,Rajasthan,Jaipur,Jaipur Mandi,Potato,Local,1130.98,1275.36,1203.17,240
2026-07-14,Rajasthan,Jaipur,Jaipur Mandi,Potato,Local,1136.72,1281.84,1209.28,240
2026-07-15,Rajasthan,Jaipur,Jaipur Mandi,Potato,Local,1132.46,1277.04,1204.75,240
2026-07-16,Rajasthan,Jaipur,Jaipur Mandi,Potato,Local,1131.64,1276.1,1203.87,240
2026-07-17,Rajasthan,Jaipur,Jaipur Mandi,Potato,Local,1136.43,1281.51,1208.97,240
2026-07-18,Rajasthan,Jaipur,Jaipur Mandi,Potato,Local,1137.75,1282.99,1210.37,240
2026-07-19,Rajasthan,Jaipur,Jaipur Mandi,Potato,Local,1139.42,1284.88,1212.15,240
2026-07-20,Rajasthan,Jaipur,Jaipur Mandi,Potato,Local,1143.53,1289.51,1216.52,240
2026-07-21,Rajasthan,Jaipur,Jaipur Mandi,Potato,Local,1145.72,1291.98,1218.85,240
2026-07-22,Rajasthan,Jaipur,Jaipur Mandi,Potato,Local,1143.89,1289.91,1216.9,240
2026-07-23,Rajasthan,Jaipur,Jaipur Mandi,Potato,Local,1142.96,1288.88,1215.92,240
2026-07-24,Rajasthan,Jaipur,Jaipur Mandi,Potato,Local,1144.02,1290.06,1217.04,240
2026-07-25,Rajasthan,Jaipur,Jaipur Mandi,Potato,Local,1139.3,1284.74,1212.02,240
2026-07-26,Rajasthan,Jaipur,Jaipur Mandi,Potato,Local,1144.44,1290.54,1217.49,240
2026-07-27,Rajasthan,Jaipur,Jaipur Mandi,Potato,Local,1145.89,1292.17,1219.03,240
2026-07-28,Rajasthan,Jaipur,Jaipur Mandi,Potato,Local,1146.23,1292.55,1219.39,240
2026-07-29,Rajasthan,Jaipur,Jaipur Mandi,Potato,Local,1152.38,1299.5,1225.94,240
2026-07-30,Rajasthan,Jaipur,Jaipur Mandi,Potato,Local,1151.71,1298.73,1225.22,240
2026-07-31,Rajasthan,Jaipur,Jaipur Mandi,Potato,Local,1150.7,1297.6,1224.15,240
2026-08-01,Rajasthan,Jaipur,Jaipur Mandi,Potato,Local,1148.13,1294.69,1221.41,240
2026-08-02,Rajasthan,Jaipur,Jaipur Mandi,Potato,Local,1149.86,1296.66,1223.26,240
2026-08-03,Rajasthan,Jaipur,Jaipur Mandi,Potato,Local,1151.42,1298.4,1224.91,240
2026-08-04,Rajasthan,Jaipur,Jaipur Mandi,Potato,Local,1147.9,1294.44,1221.17,240
2026-08-05,Rajasthan,Jaipur,Jaipur Mandi,Potato,Local,1146.92,1293.34,1220.13,240
2026-08-06,Rajasthan,Jaipur,Jaipur Mandi,Potato,Local,1143.43,1289.39,1216.41,240
2026-08-07,Rajasthan,Jaipur,Jaipur Mandi,Potato,Local,1139.7,1285.2,1212.45,240
2026-08-08,Rajasthan,Jaipur,Jaipur Mandi,Potato,Local,1130.64,1274.98,1202.81,240
2026-08-09,Rajasthan,Jaipur,Jaipur Mandi,Potato,Local,1129.39,1273.57,1201.48,240
2026-08-10,Rajasthan,Jaipur,Jaipur Mandi,Potato,Local,1120.47,1263.51,1191.99,240
2026-08-11,Rajasthan,Jaipur,Jaipur Mandi,Potato,Local,1118.01,1260.73,1189.37,240
2026-08-12,Rajasthan,Jaipur,Jaipur Mandi,Potato,Local,1114.76,1257.08,1185.92,240
2026-08-13,Rajasthan,Jaipur,Jaipur Mandi,Potato,Local,1120.19,1263.19,1191.69,240
2026-08-14,Rajasthan,Jaipur,Jaipur Mandi,Potato,Local,1114.85,1257.17,1186.01,240
2026-08-15,Rajasthan,Jaipur,Jaipur Mandi,Potato,Local,1110.84,1252.64,1181.74,240
2026-08-16,Rajasthan,Jaipur,Jaipur Mandi,Potato,Local,1108.8,1250.34,1179.57,240
2026-08-17,Rajasthan,Jaipur,Jaipur Mandi,Potato,Local,1105.72,1246.88,1176.3,240
2026-08-18,Rajasthan,Jaipur,Jaipur Mandi,Potato,Local,1112.8,1254.86,1183.83,240
2026-08-19,Rajasthan,Jaipur,Jaipur Mandi,Potato,Local,1106.82,1248.12,1177.47,240
2026-08-20,Rajasthan,Jaipur,Jaipur Mandi,Potato,Local,1104.79,1245.83,1175.31,240
2026-08-21,Rajasthan,Jaipur,Jaipur Mandi,Potato,Local,1106.46,1247.72,1177.09,240
2026-08-22,Rajasthan,Jaipur,Jaipur Mandi,Potato,Local,1111.0,1252.84,1181.92,240
2026-08-23,Rajasthan,Jaipur,Jaipur Mandi,Potato,Local,1108.97,1250.55,1179.76,240
2026-08-24,Rajasthan,Jaipur,Jaipur Mandi,Potato,Local,1098.93,1239.21,1169.07,240
2026-08-25,Rajasthan,Jaipur,Jaipur Mandi,Potato,Local,1098.1,1238.28,1168.19,240
2026-08-26,Rajasthan,Jaipur,Jaipur Mandi,Potato,Local,1105.08,1246.16,1175.62,240
2026-08-27,Rajasthan,Jaipur,Jaipur Mandi,Potato,Local,1106.5,1247.76,1177.13,240
2026-08-28,Rajasthan,Jaipur,Jaipur Mandi,Potato,Local,1107.69,1249.09,1178.39,240
2026-08-29,Rajasthan,Jaipur,Jaipur Mandi,Potato,Local,1102.09,1242.79,1172.44,240
2026-08-30,Rajasthan,Jaipur,Jaipur Mandi,Potato,Local,1095.96,1235.88,1165.92,240
2026-08-31,Rajasthan,Jaipur,Jaipur Mandi,Potato,Local,1096.01,1235.93,1165.97,240
2026-09-01,Rajasthan,Jaipur,Jaipur Mandi,Potato,Local,1088.53,1227.49,1158.01,240
2026-09-02,Rajasthan,Jaipur,Jaipur Mandi,Potato,Local,1092.54,1232.02,1162.28,240
2026-09-03,Rajasthan,Jaipur,Jaipur Mandi,Potato,Local,1088.09,1226.99,1157.54,240
2026-09-04,Rajasthan,Jaipur,Jaipur Mandi,Potato,Local,1087.9,1226.78,1157.34,240
2026-09-05,Rajasthan,Jaipur,Jaipur Mandi,Potato,Local,1078.03,1215.65,1146.84,240
2026-09-06,Rajasthan,Jaipur,Jaipur Mandi,Potato,Local,1075.92,1213.28,1144.6,240
2026-09-07,Rajasthan,Jaipur,Jaipur Mandi,Potato,Local,1069.69,1206.25,1137.97,240
2026-09-08,Rajasthan,Jaipur,Jaipur Mandi,Potato,Local,1057.55,1192.55,1125.05,240
2026-09-09,Rajasthan,Jaipur,Jaipur Mandi,Potato,Local,1060.32,1195.68,1128.0,240
2026-09-10,Rajasthan,Jaipur,Jaipur Mandi,Potato,Local,1068.82,1205.26,1137.04,240
2026-05-14,Uttar Pradesh,Kanpur Nagar,Kanpur Mandi,Potato,Jyoti,1075.6,1212.9,1144.25,130
2026-05-15,Uttar Pradesh,Kanpur Nagar,Kanpur Mandi,Potato,Jyoti,1078.59,1216.29,1147.44,130
2026-05-16,Uttar Pradesh,Kanpur Nagar,Kanpur Mandi,Potato,Jyoti,1074.79,1211.99,1143.39,130
2026-05-17,Uttar Pradesh,Kanpur Nagar,Kanpur Mandi,Potato,Jyoti,1070.06,1206.66,1138.36,130
2026-05-18,Uttar Pradesh,Kanpur Nagar,Kanpur Mandi,Potato,Jyoti,1079.17,1216.93,1148.05,130
2026-05-19,Uttar Pradesh,Kanpur Nagar,Kanpur Mandi,Potato,Jyoti,1077.49,1215.05,1146.27,130
2026-05-20,Uttar Pradesh,Kanpur Nagar,Kanpur Mandi,Potato,Jyoti,1086.11,1224.77,1155.44,130
2026-05-21,Uttar Pradesh,Kanpur Nagar,Kanpur Mandi,Potato,Jyoti,1091.41,1230.73,1161.07,130
2026-05-22,Uttar Pradesh,Kanpur Nagar,Kanpur Mandi,Potato,Jyoti,1093.55,1233.15,1163.35,130
2026-05-23,Uttar Pradesh,Kanpur Nagar,Kanpur Mandi,Potato,Jyoti,1095.92,1235.82,1165.87,130
2026-05-24,Uttar Pradesh,Kanpur Nagar,Kanpur Mandi,Potato,Jyoti,1088.35,1227.29,1157.82,130
2026-05-25,Uttar Pradesh,Kanpur Nagar,Kanpur Mandi,Potato,Jyoti,1089.4,1228.48,1158.94,130
2026-05-26,Uttar Pradesh,Kanpur Nagar,Kanpur Mandi,Potato,Jyoti,1096.96,1237.0,1166.98,130
2026-05-27,Uttar Pradesh,Kanpur Nagar,Kanpur Mandi,Potato,Jyoti,1100.56,1241.06,1170.81,130
2026-05-28,Uttar Pradesh,Kanpur Nagar,Kanpur Mandi,Potato,Jyoti,1101.34,1241.94,1171.64,130
2026-05-29,Uttar Pradesh,Kanpur Nagar,Kanpur Mandi,Potato,Jyoti,1110.48,1252.24,1181.36,130
2026-05-30,Uttar Pradesh,Kanpur Nagar,Kanpur Mandi,Potato,Jyoti,1109.43,1251.05,1180.24,130
2026-05-31,Uttar Pradesh,Kanpur Nagar,Kanpur Mandi,Potato,Jyoti,1106.05,1247.25,1176.65,130
2026-06-01,Uttar Pradesh,Kanpur Nagar,Kanpur Mandi,Potato,Jyoti,1106.82,1248.12,1177.47,130
2026-06-02,Uttar Pradesh,Kanpur Nagar,Kanpur Mandi,Potato,Jyoti,1110.88,1252.7,1181.79,130
2026-06-03,Uttar Pradesh,Kanpur Nagar,Kanpur Mandi,Potato,Jyoti,1101.6,1242.24,1171.92,130
2026-06-04,Uttar Pradesh,Kanpur Nagar,Kanpur Mandi,Potato,Jyoti,1103.08,1243.9,1173.49,130
2026-06-05,Uttar Pradesh,Kanpur Nagar,Kanpur Mandi,Potato,Jyoti,1107.38,1248.74,1178.06,130
2026-06-06,Uttar Pradesh,Kanpur Nagar,Kanpur Mandi,Potato,Jyoti,1105.88,1247.06,1176.47,130
2026-06-07,Uttar Pradesh,Kanpur Nagar,Kanpur Mandi,Potato,Jyoti,1111.77,1253.69,1182.73,130
2026-06-08,Uttar Pradesh,Kanpur Nagar,Kanpur Mandi,Potato,Jyoti,1115.16,1257.52,1186.34,130
2026-06-09,Uttar Pradesh,Kanpur Nagar,Kanpur Mandi,Potato,Jyoti,1126.6,1270.42,1198.51,130
2026-06-10,Uttar Pradesh,Kanpur Nagar,Kanpur Mandi,Potato,Jyoti,1122.51,1265.81,1194.16,130
2026-06-11,Uttar Pradesh,Kanpur Nagar,Kanpur Mandi,Potato,Jyoti,1126.92,1270.78,1198.85,130
2026-06-12,Uttar Pradesh,Kanpur Nagar,Kanpur Mandi,Potato,Jyoti,1121.4,1264.56,1192.98,130
2026-06-13,Uttar Pradesh,Kanpur Nagar,Kanpur Mandi,Potato,Jyoti,1112.68,1254.72,1183.7,130
2026-06-14,Uttar Pradesh,Kanpur Nagar,Kanpur Mandi,Potato,Jyoti,1101.7,1242.34,1172.02,130
2026-06-15,Uttar Pradesh,Kanpur Nagar,Kanpur Mandi,Potato,Jyoti,1104.54,1245.54,1175.04,130
2026-06-16,Uttar Pradesh,Kanpur Nagar,Kanpur Mandi,Potato,Jyoti,1105.47,1246.59,1176.03,130
2026-06-17,Uttar Pradesh,Kanpur Nagar,Kanpur Mandi,Potato,Jyoti,1102.85,1243.63,1173.24,130
2026-06-18,Uttar Pradesh,Kanpur Nagar,Kanpur Mandi,Potato,Jyoti,1093.27,1232.83,1163.05,130
2026-06-19,Uttar Pradesh,Kanpur Nagar,Kanpur Mandi,Potato,Jyoti,1089.51,1228.59,1159.05,130
2026-06-20,Uttar Pradesh,Kanpur Nagar,Kanpur Mandi,Potato,Jyoti,1089.48,1228.56,1159.02,130
2026-06-21,Uttar Pradesh,Kanpur Nagar,Kanpur Mandi,Potato,Jyoti,1093.68,1233.3,1163.49,130
2026-06-22,Uttar Pradesh,Kanpur Nagar,Kanpur Mandi,Potato,Jyoti,1093.54,1233.14,1163.34,130
2026-06-23,Uttar Pradesh,Kanpur Nagar,Kanpur Mandi,Potato,Jyoti,1094.84,1234.6,1164.72,130
2026-06-24,Uttar Pradesh,Kanpur Nagar,Kanpur Mandi,Potato,Jyoti,1092.77,1232.27,1162.52,130
2026-06-25,Uttar Pradesh,Kanpur Nagar,Kanpur Mandi,Potato,Jyoti,1102.1,1242.8,1172.45,130
2026-06-26,Uttar Pradesh,Kanpur Nagar,Kanpur Mandi,Potato,Jyoti,1096.59,1236.57,1166.58,130
2026-06-27,Uttar Pradesh,Kanpur Nagar,Kanpur Mandi,Potato,Jyoti,1092.78,1232.28,1162.53,130
2026-06-28,Uttar Pradesh,Kanpur Nagar,Kanpur Mandi,Potato,Jyoti,1090.08,1229.24,1159.66,130
2026-06-29,Uttar Pradesh,Kanpur Nagar,Kanpur Mandi,Potato,Jyoti,1092.94,1232.46,1162.7,130
2026-06-30,Uttar Pradesh,Kanpur Nagar,Kanpur Mandi,Potato,Jyoti,1087.31,1226.11,1156.71,130
2026-07-01,Uttar Pradesh,Kanpur Nagar,Kanpur Mandi,Potato,Jyoti,1087.98,1226.88,1157.43,130
2026-07-02,Uttar Pradesh,Kanpur Nagar,Kanpur Mandi,Potato,Jyoti,1088.81,1227.81,1158.31,130
2026-07-03,Uttar Pradesh,Kanpur Nagar,Kanpur Mandi,Potato,Jyoti,1085.03,1223.55,1154.29,130
2026-07-04,Uttar Pradesh,Kanpur Nagar,Kanpur Mandi,Potato,Jyoti,1086.75,1225.49,1156.12,130
2026-07-05,Uttar Pradesh,Kanpur Nagar,Kanpur Mandi,Potato,Jyoti,1081.28,1219.32,1150.3,130
2026-07-06,Uttar Pradesh,Kanpur Nagar,Kanpur Mandi,Potato,Jyoti,1075.24,1212.5,1143.87,130
2026-07-07,Uttar Pradesh,Kanpur Nagar,Kanpur Mandi,Potato,Jyoti,1075.72,1213.04,1144.38,130
2026-07-08,Uttar Pradesh,Kanpur Nagar,Kanpur Mandi,Potato,Jyoti,1066.75,1202.93,1134.84,130
2026-07-09,Uttar Pradesh,Kanpur Nagar,Kanpur Mandi,Potato,Jyoti,1055.19,1189.89,1122.54,130
2026-07-10,Uttar Pradesh,Kanpur Nagar,Kanpur Mandi,Potato,Jyoti,1057.99,1193.05,1125.52,130
2026-07-11,Uttar Pradesh,Kanpur Nagar,Kanpur Mandi,Potato,Jyoti,1063.57,1199.35,1131.46,130
2026-07-12,Uttar Pradesh,Kanpur Nagar,Kanpur Mandi,Potato,Jyoti,1061.01,1196.45,1128.73,130
2026-07-13,Uttar Pradesh,Kanpur Nagar,Kanpur Mandi,Potato,Jyoti,1057.37,1192.35,1124.86,130
2026-07-14,Uttar Pradesh,Kanpur Nagar,Kanpur Mandi,Potato,Jyoti,1062.72,1198.38,1130.55,130
2026-07-15,Uttar Pradesh,Kanpur Nagar,Kanpur Mandi,Potato,Jyoti,1056.51,1191.39,1123.95,130
2026-07-16,Uttar Pradesh,Kanpur Nagar,Kanpur Mandi,Potato,Jyoti,1049.13,1183.07,1116.1,130
2026-07-17,Uttar Pradesh,Kanpur Nagar,Kanpur Mandi,Potato,Jyoti,1052.88,1187.3,1120.09,130
2026-07-18,Uttar Pradesh,Kanpur Nagar,Kanpur Mandi,Potato,Jyoti,1052.88,1187.28,1120.08,130
2026-07-19,Uttar Pradesh,Kanpur Nagar,Kanpur Mandi,Potato,Jyoti,1058.54,1193.68,1126.11,130
2026-07-20,Uttar Pradesh,Kanpur Nagar,Kanpur Mandi,Potato,Jyoti,1047.0,1180.66,1113.83,130
2026-07-21,Uttar Pradesh,Kanpur Nagar,Kanpur Mandi,Potato,Jyoti,1039.42,1172.12,1105.77,130
2026-07-22,Uttar Pradesh,Kanpur Nagar,Kanpur Mandi,Potato,Jyoti,1039.44,1172.14,1105.79,130
2026-07-23,Uttar Pradesh,Kanpur Nagar,Kanpur Mandi,Potato,Jyoti,1041.63,1174.61,1108.12,130
2026-07-24,Uttar Pradesh,Kanpur Nagar,Kanpur Mandi,Potato,Jyoti,1046.13,1179.67,1112.9,130
2026-07-25,Uttar Pradesh,Kanpur Nagar,Kanpur Mandi,Potato,Jyoti,1047.01,1180.67,1113.84,130
2026-07-26,Uttar Pradesh,Kanpur Nagar,Kanpur Mandi,Potato,Jyoti,1047.85,1181.61,1114.73,130
2026-07-27,Uttar Pradesh,Kanpur Nagar,Kanpur Mandi,Potato,Jyoti,1045.7,1179.2,1112.45,130
2026-07-28,Uttar Pradesh,Kanpur Nagar,Kanpur Mandi,Potato,Jyoti,1054.18,1188.76,1121.47,130
2026-07-29,Uttar Pradesh,Kanpur Nagar,Kanpur Mandi,Potato,Jyoti,1048.21,1182.03,1115.12,130
2026-07-30,Uttar Pradesh,Kanpur Nagar,Kanpur Mandi,Potato,Jyoti,1050.08,1184.14,1117.11,130
2026-07-31,Uttar Pradesh,Kanpur Nagar,Kanpur Mandi,Potato,Jyoti,1044.73,1178.09,1111.41,130
2026-08-01,Uttar Pradesh,Kanpur Nagar,Kanpur Mandi,Potato,Jyoti,1047.55,1181.27,1114.41,130
2026-08-02,Uttar Pradesh,Kanpur Nagar,Kanpur Mandi,Potato,Jyoti,1041.92,1174.94,1108.43,130
2026-08-03,Uttar Pradesh,Kanpur Nagar,Kanpur Mandi,Potato,Jyoti,1045.86,1179.38,1112.62,130
2026-08-04,Uttar Pradesh,Kanpur Nagar,Kanpur Mandi,Potato,Jyoti,1046.41,1179.99,1113.2,130
2026-08-05,Uttar Pradesh,Kanpur Nagar,Kanpur Mandi,Potato,Jyoti,1055.72,1190.5,1123.11,130
2026-08-06,Uttar Pradesh,Kanpur Nagar,Kanpur Mandi,Potato,Jyoti,1054.16,1188.74,1121.45,130
2026-08-07,Uttar Pradesh,Kanpur Nagar,Kanpur Mandi,Potato,Jyoti,1056.39,1191.25,1123.82,130
2026-08-08,Uttar Pradesh,Kanpur Nagar,Kanpur Mandi,Potato,Jyoti,1052.15,1186.47,1119.31,130
2026-08-09,Uttar Pradesh,Kanpur Nagar,Kanpur Mandi,Potato,Jyoti,1050.55,1184.67,1117.61,130
2026-08-10,Uttar Pradesh,Kanpur Nagar,Kanpur Mandi,Potato,Jyoti,1051.06,1185.24,1118.15,130
2026-08-11,Uttar Pradesh,Kanpur Nagar,Kanpur Mandi,Potato,Jyoti,1042.81,1175.93,1109.37,130
2026-08-12,Uttar Pradesh,Kanpur Nagar,Kanpur Mandi,Potato,Jyoti,1035.15,1167.29,1101.22,130
2026-08-13,Uttar Pradesh,Kanpur Nagar,Kanpur Mandi,Potato,Jyoti,1038.31,1170.87,1104.59,130
2026-08-14,Uttar Pradesh,Kanpur Nagar,Kanpur Mandi,Potato,Jyoti,1037.48,1169.92,1103.7,130
2026-08-15,Uttar Pradesh,Kanpur Nagar,Kanpur Mandi,Potato,Jyoti,1034.24,1166.28,1100.26,130
2026-08-16,Uttar Pradesh,Kanpur Nagar,Kanpur Mandi,Potato,Jyoti,1030.23,1161.75,1095.99,130
2026-08-17,Uttar Pradesh,Kanpur Nagar,Kanpur Mandi,Potato,Jyoti,1026.42,1157.46,1091.94,130
2026-08-18,Uttar Pradesh,Kanpur Nagar,Kanpur Mandi,Potato,Jyoti,1026.98,1158.08,1092.53,130
2026-08-19,Uttar Pradesh,Kanpur Nagar,Kanpur Mandi,Potato,Jyoti,1029.31,1160.71,1095.01,130
2026-08-20,Uttar Pradesh,Kanpur Nagar,Kanpur Mandi,Potato,Jyoti,1018.03,1147.99,1083.01,130
2026-08-21,Uttar Pradesh,Kanpur Nagar,Kanpur Mandi,Potato,Jyoti,1025.56,1156.48,1091.02,130
2026-08-22,Uttar Pradesh,Kanpur Nagar,Kanpur Mandi,Potato,Jyoti,1032.7,1164.54,1098.62,130
2026-08-23,Uttar Pradesh,Kanpur Nagar,Kanpur Mandi,Potato,Jyoti,1020.14,1150.38,1085.26,130
2026-08-24,Uttar Pradesh,Kanpur Nagar,Kanpur Mandi,Potato,Jyoti,1025.92,1156.88,1091.4,130
2026-08-25,Uttar Pradesh,Kanpur Nagar,Kanpur Mandi,Potato,Jyoti,1031.53,1163.21,1097.37,130
2026-08-26,Uttar Pradesh,Kanpur Nagar,Kanpur Mandi,Potato,Jyoti,1031.48,1163.16,1097.32,130
2026-08-27,Uttar Pradesh,Kanpur Nagar,Kanpur Mandi,Potato,Jyoti,1024.46,1155.24,1089.85,130
2026-08-28,Uttar Pradesh,Kanpur Nagar,Kanpur Mandi,Potato,Jyoti,1029.85,1161.33,1095.59,130
2026-08-29,Uttar Pradesh,Kanpur Nagar,Kanpur Mandi,Potato,Jyoti,1028.51,1159.81,1094.16,130
2026-08-30,Uttar Pradesh,Kanpur Nagar,Kanpur Mandi,Potato,Jyoti,1031.4,1163.06,1097.23,130
2026-08-31,Uttar Pradesh,Kanpur Nagar,Kanpur Mandi,Potato,Jyoti,1043.26,1176.44,1109.85,130
2026-09-01,Uttar Pradesh,Kanpur Nagar,Kanpur Mandi,Potato,Jyoti,1044.56,1177.9,1111.23,130
2026-09-02,Uttar Pradesh,Kanpur Nagar,Kanpur Mandi,Potato,Jyoti,1039.58,1172.3,1105.94,130
2026-09-03,Uttar Pradesh,Kanpur Nagar,Kanpur Mandi,Potato,Jyoti,1037.73,1170.21,1103.97,130
2026-09-04,Uttar Pradesh,Kanpur Nagar,Kanpur Mandi,Potato,Jyoti,1033.44,1165.36,1099.4,130
2026-09-05,Uttar Pradesh,Kanpur Nagar,Kanpur Mandi,Potato,Jyoti,1035.71,1167.93,1101.82,130
2026-09-06,Uttar Pradesh,Kanpur Nagar,Kanpur Mandi,Potato,Jyoti,1031.33,1162.99,1097.16,130
2026-09-07,Uttar Pradesh,Kanpur Nagar,Kanpur Mandi,Potato,Jyoti,1028.74,1160.06,1094.4,130
2026-09-08,Uttar Pradesh,Kanpur Nagar,Kanpur Mandi,Potato,Jyoti,1021.79,1152.23,1087.01,130
2026-09-09,Uttar Pradesh,Kanpur Nagar,Kanpur Mandi,Potato,Jyoti,1021.03,1151.37,1086.2,130
2026-09-10,Uttar Pradesh,Kanpur Nagar,Kanpur Mandi,Potato,Jyoti,1021.92,1152.38,1087.15,130
2026-05-14,Uttar Pradesh,Lucknow,Lucknow Mandi,Potato,Local,1127.66,1271.62,1199.64,210
2026-05-15,Uttar Pradesh,Lucknow,Lucknow Mandi,Potato,Local,1127.32,1271.24,1199.28,210
2026-05-16,Uttar Pradesh,Lucknow,Lucknow Mandi,Potato,Local,1142.06,1287.86,1214.96,210
2026-05-17,Uttar Pradesh,Lucknow,Lucknow Mandi,Potato,Local,1135.73,1280.71,1208.22,210
2026-05-18,Uttar Pradesh,Lucknow,Lucknow Mandi,Potato,Local,1143.94,1289.98,1216.96,210
2026-05-19,Uttar Pradesh,Lucknow,Lucknow Mandi,Potato,Local,1149.52,1296.26,1222.89,210
2026-05-20,Uttar Pradesh,Lucknow,Lucknow Mandi,Potato,Local,1151.04,1297.98,1224.51,210
2026-05-21,Uttar Pradesh,Lucknow,Lucknow Mandi,Potato,Local,1160.92,1309.12,1235.02,210
2026-05-22,Uttar Pradesh,Lucknow,Lucknow Mandi,Potato,Local,1162.96,1311.42,1237.19,210
2026-05-23,Uttar Pradesh,Lucknow,Lucknow Mandi,Potato,Local,1165.1,1313.84,1239.47,210
2026-05-24,Uttar Pradesh,Lucknow,Lucknow Mandi,Potato,Local,1164.74,1313.44,1239.09,210
2026-05-25,Uttar Pradesh,Lucknow,Lucknow Mandi,Potato,Local,1171.6,1321.16,1246.38,210
2026-05-26,Uttar Pradesh,Lucknow,Lucknow Mandi,Potato,Local,1177.74,1328.08,1252.91,210
2026-05-27,Uttar Pradesh,Lucknow,Lucknow Mandi,Potato,Local,1174.14,1324.04,1249.09,210
2026-05-28,Uttar Pradesh,Lucknow,Lucknow Mandi,Potato,Local,1166.63,1315.57,1241.1,210
2026-05-29,Uttar Pradesh,Lucknow,Lucknow Mandi,Potato,Local,1165.43,1314.21,1239.82,210
2026-05-30,Uttar Pradesh,Lucknow,Lucknow Mandi,Potato,Local,1160.86,1309.06,1234.96,210
2026-05-31,Uttar Pradesh,Lucknow,Lucknow Mandi,Potato,Local,1160.45,1308.59,1234.52,210
2026-06-01,Uttar Pradesh,Lucknow,Lucknow Mandi,Potato,Local,1167.38,1316.4,1241.89,210
2026-06-02,Uttar Pradesh,Lucknow,Lucknow Mandi,Potato,Local,1164.74,1313.42,1239.08,210
2026-06-03,Uttar Pradesh,Lucknow,Lucknow Mandi,Potato,Local,1164.43,1313.09,1238.76,210
2026-06-04,Uttar Pradesh,Lucknow,Lucknow Mandi,Potato,Local,1164.71,1313.39,1239.05,210
2026-06-05,Uttar Pradesh,Lucknow,Lucknow Mandi,Potato,Local,1169.44,1318.74,1244.09,210
2026-06-06,Uttar Pradesh,Lucknow,Lucknow Mandi,Potato,Local,1156.7,1304.36,1230.53,210
2026-06-07,Uttar Pradesh,Lucknow,Lucknow Mandi,Potato,Local,1153.22,1300.44,1226.83,210
2026-06-08,Uttar Pradesh,Lucknow,Lucknow Mandi,Potato,Local,1154.36,1301.72,1228.04,210
2026-06-09,Uttar Pradesh,Lucknow,Lucknow Mandi,Potato,Local,1161.08,1309.3,1235.19,210
2026-06-10,Uttar Pradesh,Lucknow,Lucknow Mandi,Potato,Local,1158.24,1306.1,1232.17,210
2026-06-11,Uttar Pradesh,Lucknow,Lucknow Mandi,Potato,Local,1147.59,1294.09,1220.84,210
2026-06-12,Uttar Pradesh,Lucknow,Lucknow Mandi,Potato,Local,1151.03,1297.97,1224.5,210
2026-06-13,Uttar Pradesh,Lucknow,Lucknow Mandi,Potato,Local,1147.38,1293.86,1220.62,210
2026-06-14,Uttar Pradesh,Lucknow,Lucknow Mandi,Potato,Local,1140.61,1286.23,1213.42,210
2026-06-15,Uttar Pradesh,Lucknow,Lucknow Mandi,Potato,Local,1137.02,1282.18,1209.6,210
2026-06-16,Uttar Pradesh,Lucknow,Lucknow Mandi,Potato,Local,1135.93,1280.95,1208.44,210
2026-06-17,Uttar Pradesh,Lucknow,Lucknow Mandi,Potato,Local,1132.46,1277.02,1204.74,210
2026-06-18,Uttar Pradesh,Lucknow,Lucknow Mandi,Potato,Local,1119.94,1262.92,1191.43,210
2026-06-19,Uttar Pradesh,Lucknow,Lucknow Mandi,Potato,Local,1124.95,1268.57,1196.76,210
2026-06-20,Uttar Pradesh,Lucknow,Lucknow Mandi,Potato,Local,1132.1,1276.62,1204.36,210
2026-06-21,Uttar Pradesh,Lucknow,Lucknow Mandi,Potato,Local,1135.72,1280.7,1208.21,210
2026-06-22,Uttar Pradesh,Lucknow,Lucknow Mandi,Potato,Local,1129.24,1273.4,1201.32,210
2026-06-23,Uttar Pradesh,Lucknow,Lucknow Mandi,Potato,Local,1128.05,1272.05,1200.05,210
2026-06-24,Uttar Pradesh,Lucknow,Lucknow Mandi,Potato,Local,1127.95,1271.95,1199.95,210
2026-06-25,Uttar Pradesh,Lucknow,Lucknow Mandi,Potato,Local,1131.28,1275.7,1203.49,210
2026-06-26,Uttar Pradesh,Lucknow,Lucknow Mandi,Potato,Local,1134.99,1279.89,1207.44,210
2026-06-27,Uttar Pradesh,Lucknow,Lucknow Mandi,Potato,Local,1130.79,1275.15,1202.97,210
2026-06-28,Uttar Pradesh,Lucknow,Lucknow Mandi,Potato,Local,1131.2,1275.6,1203.4,210
2026-06-29,Uttar Pradesh,Lucknow,Lucknow Mandi,Potato,Local,1133.72,1278.46,1206.09,210
2026-06-30,Uttar Pradesh,Lucknow,Lucknow Mandi,Potato,Local,1141.89,1287.67,1214.78,210
2026-07-01,Uttar Pradesh,Lucknow,Lucknow Mandi,Potato,Local,1145.81,1292.09,1218.95,210
2026-07-02,Uttar Pradesh,Lucknow,Lucknow Mandi,Potato,Local,1150.21,1297.05,1223.63,210
2026-07-03,Uttar Pradesh,Lucknow,Lucknow Mandi,Potato,Local,1150.63,1297.51,1224.07,210
2026-07-04,Uttar Pradesh,Lucknow,Lucknow Mandi,Potato,Local,1158.54,1306.44,1232.49,210
2026-07-05,Uttar Pradesh,Lucknow,Lucknow Mandi,Potato,Local,1160.8,1308.98,1234.89,210
2026-07-06,Uttar Pradesh,Lucknow,Lucknow Mandi,Potato,Local,1155.88,1303.44,1229.66,210
2026-07-07,Uttar Pradesh,Lucknow,Lucknow Mandi,Potato,Local,1163.75,1312.31,1238.03,210
2026-07-08,Uttar Pradesh,Lucknow,Lucknow Mandi,Potato,Local,1167.63,1316.69,1242.16,210
2026-07-09,Uttar Pradesh,Lucknow,Lucknow Mandi,Potato,Local,1165.07,1313.81,1239.44,210
2026-07-10,Uttar Pradesh,Lucknow,Lucknow Mandi,Potato,Local,1162.31,1310.69,1236.5,210
2026-07-11,Uttar Pradesh,Lucknow,Lucknow Mandi,Potato,Local,1163.93,1312.51,1238.22,210
2026-07-12,Uttar Pradesh,Lucknow,Lucknow Mandi,Potato,Local,1166.48,1315.4,1240.94,210
2026-07-13,Uttar Pradesh,Lucknow,Lucknow Mandi,Potato,Local,1167.55,1316.59,1242.07,210
2026-07-14,Uttar Pradesh,Lucknow,Lucknow Mandi,Potato,Local,1169.25,1318.51,1243.88,210
2026-07-15,Uttar Pradesh,Lucknow,Lucknow Mandi,Potato,Local,1178.79,1329.27,1254.03,210
2026-07-16,Uttar Pradesh,Lucknow,Lucknow Mandi,Potato,Local,1184.78,1336.02,1260.4,210
2026-07-17,Uttar Pradesh,Lucknow,Lucknow Mandi,Potato,Local,1185.8,1337.18,1261.49,210
2026-07-18,Uttar Pradesh,Lucknow,Lucknow Mandi,Potato,Local,1191.06,1343.1,1267.08,210
2026-07-19,Uttar Pradesh,Lucknow,Lucknow Mandi,Potato,Local,1185.17,1336.47,1260.82,210
2026-07-20,Uttar Pradesh,Lucknow,Lucknow Mandi,Potato,Local,1187.36,1338.94,1263.15,210
2026-07-21,Uttar Pradesh,Lucknow,Lucknow Mandi,Potato,Local,1197.52,1350.4,1273.96,210
2026-07-22,Uttar Pradesh,Lucknow,Lucknow Mandi,Potato,Local,1196.23,1348.95,1272.59,210
2026-07-23,Uttar Pradesh,Lucknow,Lucknow Mandi,Potato,Local,1191.39,1343.49,1267.44,210
2026-07-24,Uttar Pradesh,Lucknow,Lucknow Mandi,Potato,Local,1187.65,1339.27,1263.46,210
2026-07-25,Uttar Pradesh,Lucknow,Lucknow Mandi,Potato,Local,1181.45,1332.27,1256.86,210
2026-07-26,Uttar Pradesh,Lucknow,Lucknow Mandi,Potato,Local,1176.96,1327.2,1252.08,210
2026-07-27,Uttar Pradesh,Lucknow,Lucknow Mandi,Potato,Local,1174.81,1324.79,1249.8,210
2026-07-28,Uttar Pradesh,Lucknow,Lucknow Mandi,Potato,Local,1166.81,1315.77,1241.29,210
2026-07-29,Uttar Pradesh,Lucknow,Lucknow Mandi,Potato,Local,1166.85,1315.81,1241.33,210
2026-07-30,Uttar Pradesh,Lucknow,Lucknow Mandi,Potato,Local,1171.89,1321.49,1246.69,210
2026-07-31,Uttar Pradesh,Lucknow,Lucknow Mandi,Potato,Local,1166.7,1315.64,1241.17,210
2026-08-01,Uttar Pradesh,Lucknow,Lucknow Mandi,Potato,Local,1175.23,1325.25,1250.24,210
2026-08-02,Uttar Pradesh,Lucknow,Lucknow Mandi,Potato,Local,1178.06,1328.44,1253.25,210
2026-08-03,Uttar Pradesh,Lucknow,Lucknow Mandi,Potato,Local,1183.82,1334.94,1259.38,210
2026-08-04,Uttar Pradesh,Lucknow,Lucknow Mandi,Potato,Local,1180.05,1330.69,1255.37,210
2026-08-05,Uttar Pradesh,Lucknow,Lucknow Mandi,Potato,Local,1184.81,1336.07,1260.44,210
2026-08-06,Uttar Pradesh,Lucknow,Lucknow Mandi,Potato,Local,1178.59,1329.05,1253.82,210
2026-08-07,Uttar Pradesh,Lucknow,Lucknow Mandi,Potato,Local,1183.56,1334.66,1259.11,210
2026-08-08,Uttar Pradesh,Lucknow,Lucknow Mandi,Potato,Local,1184.48,1335.68,1260.08,210
2026-08-09,Uttar Pradesh,Lucknow,Lucknow Mandi,Potato,Local,1187.54,1339.14,1263.34,210
2026-08-10,Uttar Pradesh,Lucknow,Lucknow Mandi,Potato,Local,1180.85,1331.59,1256.22,210
2026-08-11,Uttar Pradesh,Lucknow,Lucknow Mandi,Potato,Local,1175.73,1325.83,1250.78,210
2026-08-12,Uttar Pradesh,Lucknow,Lucknow Mandi,Potato,Local,1179.05,1329.57,1254.31,210
2026-08-13,Uttar Pradesh,Lucknow,Lucknow Mandi,Potato,Local,1173.65,1323.47,1248.56,210
2026-08-14,Uttar Pradesh,Lucknow,Lucknow Mandi,Potato,Local,1176.2,1326.36,1251.28,210
2026-08-15,Uttar Pradesh,Lucknow,Lucknow Mandi,Potato,Local,1168.42,1317.58,1243.0,210
2026-08-16,Uttar Pradesh,Lucknow,Lucknow Mandi,Potato,Local,1173.16,1322.92,1248.04,210
2026-08-17,Uttar Pradesh,Lucknow,Lucknow Mandi,Potato,Local,1166.15,1315.01,1240.58,210
2026-08-18,Uttar Pradesh,Lucknow,Lucknow Mandi,Potato,Local,1169.2,1318.46,1243.83,210
2026-08-19,Uttar Pradesh,Lucknow,Lucknow Mandi,Potato,Local,1172.68,1322.38,1247.53,210
2026-08-20,Uttar Pradesh,Lucknow,Lucknow Mandi,Potato,Local,1168.69,1317.89,1243.29,210
2026-08-21,Uttar Pradesh,Lucknow,Lucknow Mandi,Potato,Local,1171.92,1321.52,1246.72,210
2026-08-22,Uttar Pradesh,Lucknow,Lucknow Mandi,Potato,Local,1173.34,1323.12,1248.23,210
2026-08-23,Uttar Pradesh,Lucknow,Lucknow Mandi,Potato,Local,1170.23,1319.63,1244.93,210
2026-08-24,Uttar Pradesh,Lucknow,Lucknow Mandi,Potato,Local,1164.48,1313.14,1238.81,210
2026-08-25,Uttar Pradesh,Lucknow,Lucknow Mandi,Potato,Local,1153.34,1300.58,1226.96,210
2026-08-26,Uttar Pradesh,Lucknow,Lucknow Mandi,Potato,Local,1155.26,1302.74,1229.0,210
2026-08-27,Uttar Pradesh,Lucknow,Lucknow Mandi,Potato,Local,1146.37,1292.71,1219.54,210
2026-08-28,Uttar Pradesh,Lucknow,Lucknow Mandi,Potato,Local,1146.85,1293.25,1220.05,210
2026-08-29,Uttar Pradesh,Lucknow,Lucknow Mandi,Potato,Local,1145.31,1291.51,1218.41,210
2026-08-30,Uttar Pradesh,Lucknow,Lucknow Mandi,Potato,Local,1149.08,1295.78,1222.43,210
2026-08-31,Uttar Pradesh,Lucknow,Lucknow Mandi,Potato,Local,1147.33,1293.79,1220.56,210
2026-09-01,Uttar Pradesh,Lucknow,Lucknow Mandi,Potato,Local,1145.41,1291.63,1218.52,210
2026-09-02,Uttar Pradesh,Lucknow,Lucknow Mandi,Potato,Local,1149.48,1296.22,1222.85,210
2026-09-03,Uttar Pradesh,Lucknow,Lucknow Mandi,Potato,Local,1151.32,1298.3,1224.81,210
2026-09-04,Uttar Pradesh,Lucknow,Lucknow Mandi,Potato,Local,1153.04,1300.24,1226.64,210
2026-09-05,Uttar Pradesh,Lucknow,Lucknow Mandi,Potato,Local,1155.64,1303.16,1229.4,210
2026-09-06,Uttar Pradesh,Lucknow,Lucknow Mandi,Potato,Local,1146.91,1293.33,1220.12,210
2026-09-07,Uttar Pradesh,Lucknow,Lucknow Mandi,Potato,Local,1151.13,1298.09,1224.61,210
2026-09-08,Uttar Pradesh,Lucknow,Lucknow Mandi,Potato,Local,1154.53,1301.91,1228.22,210
2026-09-09,Uttar Pradesh,Lucknow,Lucknow Mandi,Potato,Local,1148.74,1295.38,1222.06,210
2026-09-10,Uttar Pradesh,Lucknow,Lucknow Mandi,Potato,Local,1147.3,1293.76,1220.53,210
2026-05-14,Uttar Pradesh,Mathura,Mathura Mandi,Potato,Jyoti,1121.12,1264.24,1192.68,55
2026-05-15,Uttar Pradesh,Mathura,Mathura Mandi,Potato,Jyoti,1118.87,1261.71,1190.29,55
2026-05-16,Uttar Pradesh,Mathura,Mathura Mandi,Potato,Jyoti,1122.75,1266.07,1194.41,55
2026-05-17,Uttar Pradesh,Mathura,Mathura Mandi,Potato,Jyoti,1127.47,1271.41,1199.44,55
2026-05-18,Uttar Pradesh,Mathura,Mathura Mandi,Potato,Jyoti,1125.75,1269.47,1197.61,55
2026-05-19,Uttar Pradesh,Mathura,Mathura Mandi,Potato,Jyoti,1125.29,1268.95,1197.12,55
2026-05-20,Uttar Pradesh,Mathura,Mathura Mandi,Potato,Jyoti,1116.68,1259.24,1187.96,55
2026-05-21,Uttar Pradesh,Mathura,Mathura Mandi,Potato,Jyoti,1114.61,1256.91,1185.76,55
2026-05-22,Uttar Pradesh,Mathura,Mathura Mandi,Potato,Jyoti,1119.58,1262.5,1191.04,55
2026-05-23,Uttar Pradesh,Mathura,Mathura Mandi,Potato,Jyoti,1122.76,1266.1,1194.43,55
2026-05-24,Uttar Pradesh,Mathura,Mathura Mandi,Potato,Jyoti,1125.53,1269.21,1197.37,55
2026-05-25,Uttar Pradesh,Mathura,Mathura Mandi,Potato,Jyoti,1125.75,1269.47,1197.61,55
2026-05-26,Uttar Pradesh,Mathura,Mathura Mandi,Potato,Jyoti,1125.73,1269.45,1197.59,55
2026-05-27,Uttar Pradesh,Mathura,Mathura Mandi,Potato,Jyoti,1121.96,1265.18,1193.57,55
2026-05-28,Uttar Pradesh,Mathura,Mathura Mandi,Potato,Jyoti,1125.84,1269.56,1197.7,55
2026-05-29,Uttar Pradesh,Mathura,Mathura Mandi,Potato,Jyoti,1128.16,1272.18,1200.17,55
2026-05-30,Uttar Pradesh,Mathura,Mathura Mandi,Potato,Jyoti,1130.88,1275.24,1203.06,55
2026-05-31,Uttar Pradesh,Mathura,Mathura Mandi,Potato,Jyoti,1127.85,1271.83,1199.84,55
2026-06-01,Uttar Pradesh,Mathura,Mathura Mandi,Potato,Jyoti,1115.66,1258.08,1186.87,55
2026-06-02,Uttar Pradesh,Mathura,Mathura Mandi,Potato,Jyoti,1121.79,1264.99,1193.39,55
2026-06-03,Uttar Pradesh,Mathura,Mathura Mandi,Potato,Jyoti,1119.03,1261.89,1190.46,55
2026-06-04,Uttar Pradesh,Mathura,Mathura Mandi,Potato,Jyoti,1114.12,1256.34,1185.23,55
2026-06-05,Uttar Pradesh,Mathura,Mathura Mandi,Potato,Jyoti,1117.97,1260.69,1189.33,55
2026-06-06,Uttar Pradesh,Mathura,Mathura Mandi,Potato,Jyoti,1115.7,1258.12,1186.91,55
2026-06-07,Uttar Pradesh,Mathura,Mathura Mandi,Potato,Jyoti,1121.62,1264.8,1193.21,55
2026-06-08,Uttar Pradesh,Mathura,Mathura Mandi,Potato,Jyoti,1125.04,1268.66,1196.85,55
2026-06-09,Uttar Pradesh,Mathura,Mathura Mandi,Potato,Jyoti,1128.84,1272.94,1200.89,55
2026-06-10,Uttar Pradesh,Mathura,Mathura Mandi,Potato,Jyoti,1121.08,1264.2,1192.64,55
2026-06-11,Uttar Pradesh,Mathura,Mathura Mandi,Potato,Jyoti,1127.86,1271.84,1199.85,55
2026-06-12,Uttar Pradesh,Mathura,Mathura Mandi,Potato,Jyoti,1129.27,1273.43,1201.35,55
2026-06-13,Uttar Pradesh,Mathura,Mathura Mandi,Potato,Jyoti,1127.14,1271.02,1199.08,55
2026-06-14,Uttar Pradesh,Mathura,Mathura Mandi,Potato,Jyoti,1127.89,1271.87,1199.88,55
2026-06-15,Uttar Pradesh,Mathura,Mathura Mandi,Potato,Jyoti,1117.82,1260.52,1189.17,55
2026-06-16,Uttar Pradesh,Mathura,Mathura Mandi,Potato,Jyoti,1120.07,1263.05,1191.56,55
2026-06-17,Uttar Pradesh,Mathura,Mathura Mandi,Potato,Jyoti,1114.21,1256.45,1185.33,55
2026-06-18,Uttar Pradesh,Mathura,Mathura Mandi,Potato,Jyoti,1106.52,1247.78,1177.15,55
2026-06-19,Uttar Pradesh,Mathura,Mathura Mandi,Potato,Jyoti,1097.89,1238.05,1167.97,55
2026-06-20,Uttar Pradesh,Mathura,Mathura Mandi,Potato,Jyoti,1104.11,1245.05,1174.58,55
2026-06-21,Uttar Pradesh,Mathura,Mathura Mandi,Potato,Jyoti,1100.5,1240.98,1170.74,55
2026-06-22,Uttar Pradesh,Mathura,Mathura Mandi,Potato,Jyoti,1109.09,1250.67,1179.88,55
2026-06-23,Uttar Pradesh,Mathura,Mathura Mandi,Potato,Jyoti,1106.01,1247.21,1176.61,55
2026-06-24,Uttar Pradesh,Mathura,Mathura Mandi,Potato,Jyoti,1096.33,1236.29,1166.31,55
2026-06-25,Uttar Pradesh,Mathura,Mathura Mandi,Potato,Jyoti,1089.99,1229.13,1159.56,55
2026-06-26,Uttar Pradesh,Mathura,Mathura Mandi,Potato,Jyoti,1096.9,1236.92,1166.91,55
2026-06-27,Uttar Pradesh,Mathura,Mathura Mandi,Potato,Jyoti,1095.96,1235.86,1165.91,55
2026-06-28,Uttar Pradesh,Mathura,Mathura Mandi,Potato,Jyoti,1092.81,1232.31,1162.56,55
2026-06-29,Uttar Pradesh,Mathura,Mathura Mandi,Potato,Jyoti,1093.65,1233.27,1163.46,55
2026-06-30,Uttar Pradesh,Mathura,Mathura Mandi,Potato,Jyoti,1096.43,1236.39,1166.41,55
2026-07-01,Uttar Pradesh,Mathura,Mathura Mandi,Potato,Jyoti,1102.67,1243.43,1173.05,55
2026-07-02,Uttar Pradesh,Mathura,Mathura Mandi,Potato,Jyoti,1110.78,1252.58,1181.68,55
2026-07-03,Uttar Pradesh,Mathura,Mathura Mandi,Potato,Jyoti,1108.69,1250.23,1179.46,55
2026-07-04,Uttar Pradesh,Mathura,Mathura Mandi,Potato,Jyoti,1101.16,1241.74,1171.45,55
2026-07-05,Uttar Pradesh,Mathura,Mathura Mandi,Potato,Jyoti,1098.78,1239.04,1168.91,55
2026-07-06,Uttar Pradesh,Mathura,Mathura Mandi,Potato,Jyoti,1100.19,1240.63,1170.41,55
2026-07-07,Uttar Pradesh,Mathura,Mathura Mandi,Potato,Jyoti,1094.7,1234.44,1164.57,55
2026-07-08,Uttar Pradesh,Mathura,Mathura Mandi,Potato,Jyoti,1089.24,1228.3,1158.77,55
2026-07-09,Uttar Pradesh,Mathura,Mathura Mandi,Potato,Jyoti,1091.12,1230.42,1160.77,55
2026-07-10,Uttar Pradesh,Mathura,Mathura Mandi,Potato,Jyoti,1090.79,1230.05,1160.42,55
2026-07-11,Uttar Pradesh,Mathura,Mathura Mandi,Potato,Jyoti,1090.93,1230.19,1160.56,55
2026-07-12,Uttar Pradesh,Mathura,Mathura Mandi,Potato,Jyoti,1086.59,1225.31,1155.95,55
2026-07-13,Uttar Pradesh,Mathura,Mathura Mandi,Potato,Jyoti,1085.24,1223.78,1154.51,55
2026-07-14,Uttar Pradesh,Mathura,Mathura Mandi,Potato,Jyoti,1079.98,1217.84,1148.91,55
2026-07-15,Uttar Pradesh,Mathura,Mathura Mandi,Potato,Jyoti,1084.93,1223.43,1154.18,55
2026-07-16,Uttar Pradesh,Mathura,Mathura Mandi,Potato,Jyoti,1090.71,1229.95,1160.33,55
2026-07-17,Uttar Pradesh,Mathura,Mathura Mandi,Potato,Jyoti,1080.25,1218.15,1149.2,55
2026-07-18,Uttar Pradesh,Mathura,Mathura Mandi,Potato,Jyoti,1074.96,1212.18,1143.57,55
2026-07-19,Uttar Pradesh,Mathura,Mathura Mandi,Potato,Jyoti,1066.46,1202.6,1134.53,55
2026-07-20,Uttar Pradesh,Mathura,Mathura Mandi,Potato,Jyoti,1062.75,1198.41,1130.58,55
2026-07-21,Uttar Pradesh,Mathura,Mathura Mandi,Potato,Jyoti,1062.22,1197.82,1130.02,55
2026-07-22,Uttar Pradesh,Mathura,Mathura Mandi,Potato,Jyoti,1053.98,1188.54,1121.26,55
2026-07-23,Uttar Pradesh,Mathura,Mathura Mandi,Potato,Jyoti,1048.74,1182.62,1115.68,55
2026-07-24,Uttar Pradesh,Mathura,Mathura Mandi,Potato,Jyoti,1043.02,1176.18,1109.6,55
2026-07-25,Uttar Pradesh,Mathura,Mathura Mandi,Potato,Jyoti,1044.13,1177.43,1110.78,55
2026-07-26,Uttar Pradesh,Mathura,Mathura Mandi,Potato,Jyoti,1044.46,1177.8,1111.13,55
2026-07-27,Uttar Pradesh,Mathura,Mathura Mandi,Potato,Jyoti,1040.35,1173.15,1106.75,55
2026-07-28,Uttar Pradesh,Mathura,Mathura Mandi,Potato,Jyoti,1041.29,1174.21,1107.75,55
2026-07-29,Uttar Pradesh,Mathura,Mathura Mandi,Potato,Jyoti,1038.15,1170.67,1104.41,55
2026-07-30,Uttar Pradesh,Mathura,Mathura Mandi,Potato,Jyoti,1036.56,1168.88,1102.72,55
2026-07-31,Uttar Pradesh,Mathura,Mathura Mandi,Potato,Jyoti,1045.94,1179.46,1112.7,55
2026-08-01,Uttar Pradesh,Mathura,Mathura Mandi,Potato,Jyoti,1053.43,1187.91,1120.67,55
2026-08-02,Uttar Pradesh,Mathura,Mathura Mandi,Potato,Jyoti,1046.05,1179.59,1112.82,55
2026-08-03,Uttar Pradesh,Mathura,Mathura Mandi,Potato,Jyoti,1050.68,1184.8,1117.74,55
2026-08-04,Uttar Pradesh,Mathura,Mathura Mandi,Potato,Jyoti,1055.19,1189.89,1122.54,55
2026-08-05,Uttar Pradesh,Mathura,Mathura Mandi,Potato,Jyoti,1048.66,1182.54,1115.6,55
2026-08-06,Uttar Pradesh,Mathura,Mathura Mandi,Potato,Jyoti,1053.22,1187.68,1120.45,55
2026-08-07,Uttar Pradesh,Mathura,Mathura Mandi,Potato,Jyoti,1061.83,1197.39,1129.61,55
2026-08-08,Uttar Pradesh,Mathura,Mathura Mandi,Potato,Jyoti,1055.45,1190.19,1122.82,55
2026-08-09,Uttar Pradesh,Mathura,Mathura Mandi,Potato,Jyoti,1050.21,1184.29,1117.25,55
2026-08-10,Uttar Pradesh,Mathura,Mathura Mandi,Potato,Jyoti,1055.9,1190.7,1123.3,55
2026-08-11,Uttar Pradesh,Mathura,Mathura Mandi,Potato,Jyoti,1057.38,1192.36,1124.87,55
2026-08-12,Uttar Pradesh,Mathura,Mathura Mandi,Potato,Jyoti,1060.42,1195.8,1128.11,55
2026-08-13,Uttar Pradesh,Mathura,Mathura Mandi,Potato,Jyoti,1062.28,1197.9,1130.09,55
2026-08-14,Uttar Pradesh,Mathura,Mathura Mandi,Potato,Jyoti,1064.44,1200.32,1132.38,55
2026-08-15,Uttar Pradesh,Mathura,Mathura Mandi,Potato,Jyoti,1056.9,1191.82,1124.36,55
2026-08-16,Uttar Pradesh,Mathura,Mathura Mandi,Potato,Jyoti,1062.75,1198.41,1130.58,55
2026-08-17,Uttar Pradesh,Mathura,Mathura Mandi,Potato,Jyoti,1069.29,1205.79,1137.54,55
2026-08-18,Uttar Pradesh,Mathura,Mathura Mandi,Potato,Jyoti,1067.93,1204.27,1136.1,55
2026-08-19,Uttar Pradesh,Mathura,Mathura Mandi,Potato,Jyoti,1067.63,1203.93,1135.78,55
2026-08-20,Uttar Pradesh,Mathura,Mathura Mandi,Potato,Jyoti,1058.95,1194.13,1126.54,55
2026-08-21,Uttar Pradesh,Mathura,Mathura Mandi,Potato,Jyoti,1061.79,1197.33,1129.56,55
2026-08-22,Uttar Pradesh,Mathura,Mathura Mandi,Potato,Jyoti,1064.95,1200.91,1132.93,55
2026-08-23,Uttar Pradesh,Mathura,Mathura Mandi,Potato,Jyoti,1064.55,1200.45,1132.5,55
2026-08-24,Uttar Pradesh,Mathura,Mathura Mandi,Potato,Jyoti,1070.83,1207.53,1139.18,55
2026-08-25,Uttar Pradesh,Mathura,Mathura Mandi,Potato,Jyoti,1068.89,1205.35,1137.12,55
2026-08-26,Uttar Pradesh,Mathura,Mathura Mandi,Potato,Jyoti,1072.02,1208.88,1140.45,55
2026-08-27,Uttar Pradesh,Mathura,Mathura Mandi,Potato,Jyoti,1066.21,1202.33,1134.27,55
2026-08-28,Uttar Pradesh,Mathura,Mathura Mandi,Potato,Jyoti,1066.03,1202.11,1134.07,55
2026-08-29,Uttar Pradesh,Mathura,Mathura Mandi,Potato,Jyoti,1064.98,1200.94,1132.96,55
2026-08-30,Uttar Pradesh,Mathura,Mathura Mandi,Potato,Jyoti,1066.2,1202.32,1134.26,55
2026-08-31,Uttar Pradesh,Mathura,Mathura Mandi,Potato,Jyoti,1064.06,1199.9,1131.98,55
2026-09-01,Uttar Pradesh,Mathura,Mathura Mandi,Potato,Jyoti,1063.26,1199.0,1131.13,55
2026-09-02,Uttar Pradesh,Mathura,Mathura Mandi,Potato,Jyoti,1067.86,1204.18,1136.02,55
2026-09-03,Uttar Pradesh,Mathura,Mathura Mandi,Potato,Jyoti,1065.35,1201.35,1133.35,55
2026-09-04,Uttar Pradesh,Mathura,Mathura Mandi,Potato,Jyoti,1056.23,1191.07,1123.65,55
2026-09-05,Uttar Pradesh,Mathura,Mathura Mandi,Potato,Jyoti,1066.04,1202.12,1134.08,55
2026-09-06,Uttar Pradesh,Mathura,Mathura Mandi,Potato,Jyoti,1073.77,1210.85,1142.31,55
2026-09-07,Uttar Pradesh,Mathura,Mathura Mandi,Potato,Jyoti,1066.43,1202.57,1134.5,55
2026-09-08,Uttar Pradesh,Mathura,Mathura Mandi,Potato,Jyoti,1070.26,1206.88,1138.57,55
2026-09-09,Uttar Pradesh,Mathura,Mathura Mandi,Potato,Jyoti,1067.37,1203.63,1135.5,55
2026-09-10,Uttar Pradesh,Mathura,Mathura Mandi,Potato,Jyoti,1068.8,1205.24,1137.02,55
2026-05-14,Uttar Pradesh,Agra,Agra Mandi,Rice,Sona Masoori,2634.59,2970.91,2802.75,15
2026-05-15,Uttar Pradesh,Agra,Agra Mandi,Rice,Sona Masoori,2637.85,2974.59,2806.22,15
2026-05-16,Uttar Pradesh,Agra,Agra Mandi,Rice,Sona Masoori,2646.73,2984.61,2815.67,15
2026-05-17,Uttar Pradesh,Agra,Agra Mandi,Rice,Sona Masoori,2649.24,2987.44,2818.34,15
2026-05-18,Uttar Pradesh,Agra,Agra Mandi,Rice,Sona Masoori,2648.46,2986.56,2817.51,15
2026-05-19,Uttar Pradesh,Agra,Agra Mandi,Rice,Sona Masoori,2655.81,2994.85,2825.33,15
2026-05-20,Uttar Pradesh,Agra,Agra Mandi,Rice,Sona Masoori,2640.38,2977.44,2808.91,15
2026-05-21,Uttar Pradesh,Agra,Agra Mandi,Rice,Sona Masoori,2637.06,2973.7,2805.38,15
2026-05-22,Uttar Pradesh,Agra,Agra Mandi,Rice,Sona Masoori,2632.1,2968.12,2800.11,15
2026-05-23,Uttar Pradesh,Agra,Agra Mandi,Rice,Sona Masoori,2631.95,2967.95,2799.95,15
2026-05-24,Uttar Pradesh,Agra,Agra Mandi,Rice,Sona Masoori,2617.56,2951.72,2784.64,15
2026-05-25,Uttar Pradesh,Agra,Agra Mandi,Rice,Sona Masoori,2626.32,2961.6,2793.96,15
2026-05-26,Uttar Pradesh,Agra,Agra Mandi,Rice,Sona Masoori,2624.75,2959.83,2792.29,15
2026-05-27,Uttar Pradesh,Agra,Agra Mandi,Rice,Sona Masoori,2626.93,2962.29,2794.61,15
2026-05-28,Uttar Pradesh,Agra,Agra Mandi,Rice,Sona Masoori,2628.48,2964.04,2796.26,15
2026-05-29,Uttar Pradesh,Agra,Agra Mandi,Rice,Sona Masoori,2636.87,2973.49,2805.18,15
2026-05-30,Uttar Pradesh,Agra,Agra Mandi,Rice,Sona Masoori,2624.7,2959.76,2792.23,15
2026-05-31,Uttar Pradesh,Agra,Agra Mandi,Rice,Sona Masoori,2625.51,2960.69,2793.1,15
2026-06-01,Uttar Pradesh,Agra,Agra Mandi,Rice,Sona Masoori,2633.14,2969.28,2801.21,15
2026-06-02,Uttar Pradesh,Agra,Agra Mandi,Rice,Sona Masoori,2632.57,2968.65,2800.61,15
2026-06-03,Uttar Pradesh,Agra,Agra Mandi,Rice,Sona Masoori,2626.39,2961.67,2794.03,15
2026-06-04,Uttar Pradesh,Agra,Agra Mandi,Rice,Sona Masoori,2622.49,2957.27,2789.88,15
2026-06-05,Uttar Pradesh,Agra,Agra Mandi,Rice,Sona Masoori,2619.99,2954.45,2787.22,15
2026-06-06,Uttar Pradesh,Agra,Agra Mandi,Rice,Sona Masoori,2615.32,2949.18,2782.25,15
2026-06-07,Uttar Pradesh,Agra,Agra Mandi,Rice,Sona Masoori,2614.39,2948.15,2781.27,15
2026-06-08,Uttar Pradesh,Agra,Agra Mandi,Rice,Sona Masoori,2624.4,2959.42,2791.91,15
2026-06-09,Uttar Pradesh,Agra,Agra Mandi,Rice,Sona Masoori,2620.54,2955.08,2787.81,15
2026-06-10,Uttar Pradesh,Agra,Agra Mandi,Rice,Sona Masoori,2617.41,2951.55,2784.48,15
2026-06-11,Uttar Pradesh,Agra,Agra Mandi,Rice,Sona Masoori,2620.52,2955.06,2787.79,15
2026-06-12,Uttar Pradesh,Agra,Agra Mandi,Rice,Sona Masoori,2619.45,2953.85,2786.65,15
2026-06-13,Uttar Pradesh,Agra,Agra Mandi,Rice,Sona Masoori,2610.77,2944.07,2777.42,15
2026-06-14,Uttar Pradesh,Agra,Agra Mandi,Rice,Sona Masoori,2610.46,2943.7,2777.08,15
2026-06-15,Uttar Pradesh,Agra,Agra Mandi,Rice,Sona Masoori,2609.88,2943.06,2776.47,15
2026-06-16,Uttar Pradesh,Agra,Agra Mandi,Rice,Sona Masoori,2616.39,2950.39,2783.39,15
2026-06-17,Uttar Pradesh,Agra,Agra Mandi,Rice,Sona Masoori,2610.06,2943.26,2776.66,15
2026-06-18,Uttar Pradesh,Agra,Agra Mandi,Rice,Sona Masoori,2616.6,2950.64,2783.62,15
2026-06-19,Uttar Pradesh,Agra,Agra Mandi,Rice,Sona Masoori,2616.04,2950.0,2783.02,15
2026-06-20,Uttar Pradesh,Agra,Agra Mandi,Rice,Sona Masoori,2608.83,2941.87,2775.35,15
2026-06-21,Uttar Pradesh,Agra,Agra Mandi,Rice,Sona Masoori,2600.29,2932.25,2766.27,15
2026-06-22,Uttar Pradesh,Agra,Agra Mandi,Rice,Sona Masoori,2613.11,2946.69,2779.9,15
2026-06-23,Uttar Pradesh,Agra,Agra Mandi,Rice,Sona Masoori,2612.13,2945.59,2778.86,15
2026-06-24,Uttar Pradesh,Agra,Agra Mandi,Rice,Sona Masoori,2618.37,2952.63,2785.5,15
2026-06-25,Uttar Pradesh,Agra,Agra Mandi,Rice,Sona Masoori,2607.21,2940.05,2773.63,15
2026-06-26,Uttar Pradesh,Agra,Agra Mandi,Rice,Sona Masoori,2624.65,2959.71,2792.18,15
2026-06-27,Uttar Pradesh,Agra,Agra Mandi,Rice,Sona Masoori,2630.61,2966.43,2798.52,15
2026-06-28,Uttar Pradesh,Agra,Agra Mandi,Rice,Sona Masoori,2629.01,2964.63,2796.82,15
2026-06-29,Uttar Pradesh,Agra,Agra Mandi,Rice,Sona Masoori,2627.07,2962.45,2794.76,15
2026-06-30,Uttar Pradesh,Agra,Agra Mandi,Rice,Sona Masoori,2631.98,2967.98,2799.98,15
2026-07-01,Uttar Pradesh,Agra,Agra Mandi,Rice,Sona Masoori,2636.52,2973.1,2804.81,15
2026-07-02,Uttar Pradesh,Agra,Agra Mandi,Rice,Sona Masoori,2637.8,2974.54,2806.17,15
2026-07-03,Uttar Pradesh,Agra,Agra Mandi,Rice,Sona Masoori,2637.95,2974.71,2806.33,15
2026-07-04,Uttar Pradesh,Agra,Agra Mandi,Rice,Sona Masoori,2641.72,2978.96,2810.34,15
2026-07-05,Uttar Pradesh,Agra,Agra Mandi,Rice,Sona Masoori,2630.34,2966.12,2798.23,15
2026-07-06,Uttar Pradesh,Agra,Agra Mandi,Rice,Sona Masoori,2627.98,2963.46,2795.72,15
2026-07-07,Uttar Pradesh,Agra,Agra Mandi,Rice,Sona Masoori,2617.21,2951.33,2784.27,15
2026-07-08,Uttar Pradesh,Agra,Agra Mandi,Rice,Sona Masoori,2621.27,2955.91,2788.59,15
2026-07-09,Uttar Pradesh,Agra,Agra Mandi,Rice,Sona Masoori,2616.9,2950.98,2783.94,15
2026-07-10,Uttar Pradesh,Agra,Agra Mandi,Rice,Sona Masoori,2606.64,2939.4,2773.02,15
2026-07-11,Uttar Pradesh,Agra,Agra Mandi,Rice,Sona Masoori,2601.49,2933.59,2767.54,15
2026-07-12,Uttar Pradesh,Agra,Agra Mandi,Rice,Sona Masoori,2602.55,2934.79,2768.67,15
2026-07-13,Uttar Pradesh,Agra,Agra Mandi,Rice,Sona Masoori,2601.28,2933.36,2767.32,15
2026-07-14,Uttar Pradesh,Agra,Agra Mandi,Rice,Sona Masoori,2593.64,2924.74,2759.19,15
2026-07-15,Uttar Pradesh,Agra,Agra Mandi,Rice,Sona Masoori,2582.5,2912.18,2747.34,15
2026-07-16,Uttar Pradesh,Agra,Agra Mandi,Rice,Sona Masoori,2583.06,2912.82,2747.94,15
2026-07-17,Uttar Pradesh,Agra,Agra Mandi,Rice,Sona Masoori,2579.32,2908.6,2743.96,15
2026-07-18,Uttar Pradesh,Agra,Agra Mandi,Rice,Sona Masoori,2577.7,2906.76,2742.23,15
2026-07-19,Uttar Pradesh,Agra,Agra Mandi,Rice,Sona Masoori,2576.73,2905.67,2741.2,15
2026-07-20,Uttar Pradesh,Agra,Agra Mandi,Rice,Sona Masoori,2579.63,2908.95,2744.29,15
2026-07-21,Uttar Pradesh,Agra,Agra Mandi,Rice,Sona Masoori,2585.29,2915.33,2750.31,15
2026-07-22,Uttar Pradesh,Agra,Agra Mandi,Rice,Sona Masoori,2586.33,2916.51,2751.42,15
2026-07-23,Uttar Pradesh,Agra,Agra Mandi,Rice,Sona Masoori,2584.3,2914.22,2749.26,15
2026-07-24,Uttar Pradesh,Agra,Agra Mandi,Rice,Sona Masoori,2584.55,2914.49,2749.52,15
2026-07-25,Uttar Pradesh,Agra,Agra Mandi,Rice,Sona Masoori,2582.39,2912.05,2747.22,15
2026-07-26,Uttar Pradesh,Agra,Agra Mandi,Rice,Sona Masoori,2571.66,2899.96,2735.81,15
2026-07-27,Uttar Pradesh,Agra,Agra Mandi,Rice,Sona Masoori,2578.93,2908.15,2743.54,15
2026-07-28,Uttar Pradesh,Agra,Agra Mandi,Rice,Sona Masoori,2584.95,2914.95,2749.95,15
2026-07-29,Uttar Pradesh,Agra,Agra Mandi,Rice,Sona Masoori,2598.11,2929.79,2763.95,15
2026-07-30,Uttar Pradesh,Agra,Agra Mandi,Rice,Sona Masoori,2613.21,2946.81,2780.01,15
2026-07-31,Uttar Pradesh,Agra,Agra Mandi,Rice,Sona Masoori,2605.55,2938.17,2771.86,15
2026-08-01,Uttar Pradesh,Agra,Agra Mandi,Rice,Sona Masoori,2603.41,2935.77,2769.59,15
2026-08-02,Uttar Pradesh,Agra,Agra Mandi,Rice,Sona Masoori,2620.02,2954.5,2787.26,15
2026-08-03,Uttar Pradesh,Agra,Agra Mandi,Rice,Sona Masoori,2619.84,2954.28,2787.06,15
2026-08-04,Uttar Pradesh,Agra,Agra Mandi,Rice,Sona Masoori,2621.52,2956.18,2788.85,15
2026-08-05,Uttar Pradesh,Agra,Agra Mandi,Rice,Sona Masoori,2611.59,2944.99,2778.29,15
2026-08-06,Uttar Pradesh,Agra,Agra Mandi,Rice,Sona Masoori,2612.65,2946.19,2779.42,15
2026-08-07,Uttar Pradesh,Agra,Agra Mandi,Rice,Sona Masoori,2625.46,2960.62,2793.04,15
2026-08-08,Uttar Pradesh,Agra,Agra Mandi,Rice,Sona Masoori,2634.0,2970.26,2802.13,15
2026-08-09,Uttar Pradesh,Agra,Agra Mandi,Rice,Sona Masoori,2630.06,2965.82,2797.94,15
2026-08-10,Uttar Pradesh,Agra,Agra Mandi,Rice,Sona Masoori,2627.53,2962.97,2795.25,15
2026-08-11,Uttar Pradesh,Agra,Agra Mandi,Rice,Sona Masoori,2620.17,2954.67,2787.42,15
2026-08-12,Uttar Pradesh,Agra,Agra Mandi,Rice,Sona Masoori,2614.65,2948.43,2781.54,15
2026-08-13,Uttar Pradesh,Agra,Agra Mandi,Rice,Sona Masoori,2602.16,2934.34,2768.25,15
2026-08-14,Uttar Pradesh,Agra,Agra Mandi,Rice,Sona Masoori,2601.68,2933.8,2767.74,15
2026-08-15,Uttar Pradesh,Agra,Agra Mandi,Rice,Sona Masoori,2611.7,2945.1,2778.4,15
2026-08-16,Uttar Pradesh,Agra,Agra Mandi,Rice,Sona Masoori,2614.11,2947.83,2780.97,15
2026-08-17,Uttar Pradesh,Agra,Agra Mandi,Rice,Sona Masoori,2623.18,2958.06,2790.62,15
2026-08-18,Uttar Pradesh,Agra,Agra Mandi,Rice,Sona Masoori,2630.33,2966.11,2798.22,15
2026-08-19,Uttar Pradesh,Agra,Agra Mandi,Rice,Sona Masoori,2626.8,2962.14,2794.47,15
2026-08-20,Uttar Pradesh,Agra,Agra Mandi,Rice,Sona Masoori,2621.89,2956.59,2789.24,15
2026-08-21,Uttar Pradesh,Agra,Agra Mandi,Rice,Sona Masoori,2617.21,2951.33,2784.27,15
2026-08-22,Uttar Pradesh,Agra,Agra Mandi,Rice,Sona Masoori,2606.0,2938.68,2772.34,15
2026-08-23,Uttar Pradesh,Agra,Agra Mandi,Rice,Sona Masoori,2606.29,2939.01,2772.65,15
2026-08-24,Uttar Pradesh,Agra,Agra Mandi,Rice,Sona Masoori,2587.25,2917.53,2752.39,15
2026-08-25,Uttar Pradesh,Agra,Agra Mandi,Rice,Sona Masoori,2591.22,2922.02,2756.62,15
2026-08-26,Uttar Pradesh,Agra,Agra Mandi,Rice,Sona Masoori,2591.77,2922.63,2757.2,15
2026-08-27,Uttar Pradesh,Agra,Agra Mandi,Rice,Sona Masoori,2594.95,2926.23,2760.59,15
2026-08-28,Uttar Pradesh,Agra,Agra Mandi,Rice,Sona Masoori,2602.0,2934.16,2768.08,15
2026-08-29,Uttar Pradesh,Agra,Agra Mandi,Rice,Sona Masoori,2603.38,2935.72,2769.55,15
2026-08-30,Uttar Pradesh,Agra,Agra Mandi,Rice,Sona Masoori,2614.2,2947.92,2781.06,15
2026-08-31,Uttar Pradesh,Agra,Agra Mandi,Rice,Sona Masoori,2618.37,2952.63,2785.5,15
2026-09-01,Uttar Pradesh,Agra,Agra Mandi,Rice,Sona Masoori,2613.46,2947.1,2780.28,15
2026-09-02,Uttar Pradesh,Agra,Agra Mandi,Rice,Sona Masoori,2611.98,2945.42,2778.7,15
2026-09-03,Uttar Pradesh,Agra,Agra Mandi,Rice,Sona Masoori,2597.17,2928.73,2762.95,15
2026-09-04,Uttar Pradesh,Agra,Agra Mandi,Rice,Sona Masoori,2591.32,2922.12,2756.72,15
2026-09-05,Uttar Pradesh,Agra,Agra Mandi,Rice,Sona Masoori,2588.88,2919.38,2754.13,15
2026-09-06,Uttar Pradesh,Agra,Agra Mandi,Rice,Sona Masoori,2592.56,2923.52,2758.04,15
2026-09-07,Uttar Pradesh,Agra,Agra Mandi,Rice,Sona Masoori,2587.7,2918.04,2752.87,15
2026-09-08,Uttar Pradesh,Agra,Agra Mandi,Rice,Sona Masoori,2579.58,2908.88,2744.23,15
2026-09-09,Uttar Pradesh,Agra,Agra Mandi,Rice,Sona Masoori,2567.23,2894.97,2731.1,15
2026-09-10,Uttar Pradesh,Agra,Agra Mandi,Rice,Sona Masoori,2563.39,2890.63,2727.01,15
2026-05-14,Delhi,North Delhi,Azadpur Mandi,Rice,Common,2528.74,2851.56,2690.15,60
2026-05-15,Delhi,North Delhi,Azadpur Mandi,Rice,Common,2528.26,2851.02,2689.64,60
2026-05-16,Delhi,North Delhi,Azadpur Mandi,Rice,Common,2542.07,2866.59,2704.33,60
2026-05-17,Delhi,North Delhi,Azadpur Mandi,Rice,Common,2533.14,2856.52,2694.83,60
2026-05-18,Delhi,North Delhi,Azadpur Mandi,Rice,Common,2521.49,2843.39,2682.44,60
2026-05-19,Delhi,North Delhi,Azadpur Mandi,Rice,Common,2526.53,2849.07,2687.8,60
2026-05-20,Delhi,North Delhi,Azadpur Mandi,Rice,Common,2522.31,2844.31,2683.31,60
2026-05-21,Delhi,North Delhi,Azadpur Mandi,Rice,Common,2520.37,2842.11,2681.24,60
2026-05-22,Delhi,North Delhi,Azadpur Mandi,Rice,Common,2515.51,2836.63,2676.07,60
2026-05-23,Delhi,North Delhi,Azadpur Mandi,Rice,Common,2513.94,2834.86,2674.4,60
2026-05-24,Delhi,North Delhi,Azadpur Mandi,Rice,Common,2524.13,2846.35,2685.24,60
2026-05-25,Delhi,North Delhi,Azadpur Mandi,Rice,Common,2529.28,2852.16,2690.72,60
2026-05-26,Delhi,North Delhi,Azadpur Mandi,Rice,Common,2534.81,2858.41,2696.61,60
2026-05-27,Delhi,North Delhi,Azadpur Mandi,Rice,Common,2525.93,2848.39,2687.16,60
2026-05-28,Delhi,North Delhi,Azadpur Mandi,Rice,Common,2518.71,2840.25,2679.48,60
2026-05-29,Delhi,North Delhi,Azadpur Mandi,Rice,Common,2500.82,2820.08,2660.45,60
2026-05-30,Delhi,North Delhi,Azadpur Mandi,Rice,Common,2495.78,2814.38,2655.08,60
2026-05-31,Delhi,North Delhi,Azadpur Mandi,Rice,Common,2501.9,2821.3,2661.6,60
2026-06-01,Delhi,North Delhi,Azadpur Mandi,Rice,Common,2505.25,2825.07,2665.16,60
2026-06-02,Delhi,North Delhi,Azadpur Mandi,Rice,Common,2503.93,2823.57,2663.75,60
2026-06-03,Delhi,North Delhi,Azadpur Mandi,Rice,Common,2503.86,2823.5,2663.68,60
2026-06-04,Delhi,North Delhi,Azadpur Mandi,Rice,Common,2499.57,2818.67,2659.12,60
2026-06-05,Delhi,North Delhi,Azadpur Mandi,Rice,Common,2500.95,2820.21,2660.58,60
2026-06-06,Delhi,North Delhi,Azadpur Mandi,Rice,Common,2505.87,2825.77,2665.82,60
2026-06-07,Delhi,North Delhi,Azadpur Mandi,Rice,Common,2495.72,2814.32,2655.02,60
2026-06-08,Delhi,North Delhi,Azadpur Mandi,Rice,Common,2497.69,2816.55,2657.12,60
2026-06-09,Delhi,North Delhi,Azadpur Mandi,Rice,Common,2503.67,2823.29,2663.48,60
2026-06-10,Delhi,North Delhi,Azadpur Mandi,Rice,Common,2501.12,2820.42,2660.77,60
2026-06-11,Delhi,North Delhi,Azadpur Mandi,Rice,Common,2505.63,2825.49,2665.56,60
2026-06-12,Delhi,North Delhi,Azadpur Mandi,Rice,Common,2523.52,2845.68,2684.6,60
2026-06-13,Delhi,North Delhi,Azadpur Mandi,Rice,Common,2522.94,2845.02,2683.98,60
2026-06-14,Delhi,North Delhi,Azadpur Mandi,Rice,Common,2525.51,2847.91,2686.71,60
2026-06-15,Delhi,North Delhi,Azadpur Mandi,Rice,Common,2520.91,2842.73,2681.82,60
2026-06-16,Delhi,North Delhi,Azadpur Mandi,Rice,Common,2522.13,2844.11,2683.12,60
2026-06-17,Delhi,North Delhi,Azadpur Mandi,Rice,Common,2525.12,2847.48,2686.3,60
2026-06-18,Delhi,North Delhi,Azadpur Mandi,Rice,Common,2526.43,2848.95,2687.69,60
2026-06-19,Delhi,North Delhi,Azadpur Mandi,Rice,Common,2520.06,2841.76,2680.91,60
2026-06-20,Delhi,North Delhi,Azadpur Mandi,Rice,Common,2521.44,2843.32,2682.38,60
2026-06-21,Delhi,North Delhi,Azadpur Mandi,Rice,Common,2530.76,2853.84,2692.3,60
2026-06-22,Delhi,North Delhi,Azadpur Mandi,Rice,Common,2533.69,2857.13,2695.41,60
2026-06-23,Delhi,North Delhi,Azadpur Mandi,Rice,Common,2539.84,2864.08,2701.96,60
2026-06-24,Delhi,North Delhi,Azadpur Mandi,Rice,Common,2538.42,2862.48,2700.45,60
2026-06-25,Delhi,North Delhi,Azadpur Mandi,Rice,Common,2543.25,2867.91,2705.58,60
2026-06-26,Delhi,North Delhi,Azadpur Mandi,Rice,Common,2545.09,2869.99,2707.54,60
2026-06-27,Delhi,North Delhi,Azadpur Mandi,Rice,Common,2539.15,2863.29,2701.22,60
2026-06-28,Delhi,North Delhi,Azadpur Mandi,Rice,Common,2541.23,2865.65,2703.44,60
2026-06-29,Delhi,North Delhi,Azadpur Mandi,Rice,Common,2535.04,2858.66,2696.85,60
2026-06-30,Delhi,North Delhi,Azadpur Mandi,Rice,Common,2531.11,2854.23,2692.67,60
2026-07-01,Delhi,North Delhi,Azadpur Mandi,Rice,Common,2532.38,2855.66,2694.02,60
2026-07-02,Delhi,North Delhi,Azadpur Mandi,Rice,Common,2534.33,2857.87,2696.1,60
2026-07-03,Delhi,North Delhi,Azadpur Mandi,Rice,Common,2526.89,2849.47,2688.18,60
2026-07-04,Delhi,North Delhi,Azadpur Mandi,Rice,Common,2533.64,2857.08,2695.36,60
2026-07-05,Delhi,North Delhi,Azadpur Mandi,Rice,Common,2537.33,2861.25,2699.29,60
2026-07-06,Delhi,North Delhi,Azadpur Mandi,Rice,Common,2532.94,2856.3,2694.62,60
2026-07-07,Delhi,North Delhi,Azadpur Mandi,Rice,Common,2523.29,2845.41,2684.35,60
2026-07-08,Delhi,North Delhi,Azadpur Mandi,Rice,Common,2522.44,2844.46,2683.45,60
2026-07-09,Delhi,North Delhi,Azadpur Mandi,Rice,Common,2519.7,2841.36,2680.53,60
2026-07-10,Delhi,North Delhi,Azadpur Mandi,Rice,Common,2520.5,2842.26,2681.38,60
2026-07-11,Delhi,North Delhi,Azadpur Mandi,Rice,Common,2518.27,2839.75,2679.01,60
2026-07-12,Delhi,North Delhi,Azadpur Mandi,Rice,Common,2505.64,2825.5,2665.57,60
2026-07-13,Delhi,North Delhi,Azadpur Mandi,Rice,Common,2503.26,2822.82,2663.04,60
2026-07-14,Delhi,North Delhi,Azadpur Mandi,Rice,Common,2501.4,2820.72,2661.06,60
2026-07-15,Delhi,North Delhi,Azadpur Mandi,Rice,Common,2505.49,2825.33,2665.41,60
2026-07-16,Delhi,North Delhi,Azadpur Mandi,Rice,Common,2501.14,2820.44,2660.79,60
2026-07-17,Delhi,North Delhi,Azadpur Mandi,Rice,Common,2511.84,2832.5,2672.17,60
2026-07-18,Delhi,North Delhi,Azadpur Mandi,Rice,Common,2499.82,2818.94,2659.38,60
2026-07-19,Delhi,North Delhi,Azadpur Mandi,Rice,Common,2508.19,2828.39,2668.29,60
2026-07-20,Delhi,North Delhi,Azadpur Mandi,Rice,Common,2506.85,2826.87,2666.86,60
2026-07-21,Delhi,North Delhi,Azadpur Mandi,Rice,Common,2512.37,2833.09,2672.73,60
2026-07-22,Delhi,North Delhi,Azadpur Mandi,Rice,Common,2512.95,2833.75,2673.35,60
2026-07-23,Delhi,North Delhi,Azadpur Mandi,Rice,Common,2520.23,2841.97,2681.1,60
2026-07-24,Delhi,North Delhi,Azadpur Mandi,Rice,Common,2517.87,2839.29,2678.58,60
2026-07-25,Delhi,North Delhi,Azadpur Mandi,Rice,Common,2510.98,2831.54,2671.26,60
2026-07-26,Delhi,North Delhi,Azadpur Mandi,Rice,Common,2520.06,2841.76,2680.91,60
2026-07-27,Delhi,North Delhi,Azadpur Mandi,Rice,Common,2519.41,2841.03,2680.22,60
2026-07-28,Delhi,North Delhi,Azadpur Mandi,Rice,Common,2520.89,2842.71,2681.8,60
2026-07-29,Delhi,North Delhi,Azadpur Mandi,Rice,Common,2528.78,2851.6,2690.19,60
2026-07-30,Delhi,North Delhi,Azadpur Mandi,Rice,Common,2522.32,2844.32,2683.32,60
2026-07-31,Delhi,North Delhi,Azadpur Mandi,Rice,Common,2526.17,2848.65,2687.41,60
2026-08-01,Delhi,North Delhi,Azadpur Mandi,Rice,Common,2522.51,2844.53,2683.52,60
2026-08-02,Delhi,North Delhi,Azadpur Mandi,Rice,Common,2521.75,2843.67,2682.71,60
2026-08-03,Delhi,North Delhi,Azadpur Mandi,Rice,Common,2522.28,2844.28,2683.28,60
2026-08-04,Delhi,North Delhi,Azadpur Mandi,Rice,Common,2512.86,2833.66,2673.26,60
2026-08-05,Delhi,North Delhi,Azadpur Mandi,Rice,Common,2508.0,2828.18,2668.09,60
2026-08-06,Delhi,North Delhi,Azadpur Mandi,Rice,Common,2516.63,2837.91,2677.27,60
2026-08-07,Delhi,North Delhi,Azadpur Mandi,Rice,Common,2522.32,2844.32,2683.32,60
2026-08-08,Delhi,North Delhi,Azadpur Mandi,Rice,Common,2522.0,2843.96,2682.98,60
2026-08-09,Delhi,North Delhi,Azadpur Mandi,Rice,Common,2523.62,2845.78,2684.7,60
2026-08-10,Delhi,North Delhi,Azadpur Mandi,Rice,Common,2521.83,2843.77,2682.8,60
2026-08-11,Delhi,North Delhi,Azadpur Mandi,Rice,Common,2530.49,2853.53,2692.01,60
2026-08-12,Delhi,North Delhi,Azadpur Mandi,Rice,Common,2529.3,2852.2,2690.75,60
2026-08-13,Delhi,North Delhi,Azadpur Mandi,Rice,Common,2530.85,2853.93,2692.39,60
2026-08-14,Delhi,North Delhi,Azadpur Mandi,Rice,Common,2538.18,2862.2,2700.19,60
2026-08-15,Delhi,North Delhi,Azadpur Mandi,Rice,Common,2533.33,2856.73,2695.03,60
2026-08-16,Delhi,North Delhi,Azadpur Mandi,Rice,Common,2543.27,2867.95,2705.61,60
2026-08-17,Delhi,North Delhi,Azadpur Mandi,Rice,Common,2533.66,2857.1,2695.38,60
2026-08-18,Delhi,North Delhi,Azadpur Mandi,Rice,Common,2544.05,2868.83,2706.44,60
2026-08-19,Delhi,North Delhi,Azadpur Mandi,Rice,Common,2541.77,2866.25,2704.01,60
2026-08-20,Delhi,North Delhi,Azadpur Mandi,Rice,Common,2540.31,2864.61,2702.46,60
2026-08-21,Delhi,North Delhi,Azadpur Mandi,Rice,Common,2528.42,2851.2,2689.81,60
2026-08-22,Delhi,North Delhi,Azadpur Mandi,Rice,Common,2525.62,2848.04,2686.83,60
2026-08-23,Delhi,North Delhi,Azadpur Mandi,Rice,Common,2519.12,2840.7,2679.91,60
2026-08-24,Delhi,North Delhi,Azadpur Mandi,Rice,Common,2515.35,2836.45,2675.9,60
2026-08-25,Delhi,North Delhi,Azadpur Mandi,Rice,Common,2514.55,2835.55,2675.05,60
2026-08-26,Delhi,North Delhi,Azadpur Mandi,Rice,Common,2520.69,2842.47,2681.58,60
2026-08-27,Delhi,North Delhi,Azadpur Mandi,Rice,Common,2522.08,2844.04,2683.06,60
2026-08-28,Delhi,North Delhi,Azadpur Mandi,Rice,Common,2524.1,2846.32,2685.21,60
2026-08-29,Delhi,North Delhi,Azadpur Mandi,Rice,Common,2517.24,2838.6,2677.92,60
2026-08-30,Delhi,North Delhi,Azadpur Mandi,Rice,Common,2511.75,2832.39,2672.07,60
2026-08-31,Delhi,North Delhi,Azadpur Mandi,Rice,Common,2523.2,2845.32,2684.26,60
2026-09-01,Delhi,North Delhi,Azadpur Mandi,Rice,Common,2518.63,2840.15,2679.39,60
2026-09-02,Delhi,North Delhi,Azadpur Mandi,Rice,Common,2529.19,2852.07,2690.63,60
2026-09-03,Delhi,North Delhi,Azadpur Mandi,Rice,Common,2527.73,2850.41,2689.07,60
2026-09-04,Delhi,North Delhi,Azadpur Mandi,Rice,Common,2527.82,2850.52,2689.17,60
2026-09-05,Delhi,North Delhi,Azadpur Mandi,Rice,Common,2534.66,2858.24,2696.45,60
2026-09-06,Delhi,North Delhi,Azadpur Mandi,Rice,Common,2542.79,2867.41,2705.1,60
2026-09-07,Delhi,North Delhi,Azadpur Mandi,Rice,Common,2542.16,2866.7,2704.43,60
2026-09-08,Delhi,North Delhi,Azadpur Mandi,Rice,Common,2539.79,2864.01,2701.9,60
2026-09-09,Delhi,North Delhi,Azadpur Mandi,Rice,Common,2539.5,2863.7,2701.6,60
2026-09-10,Delhi,North Delhi,Azadpur Mandi,Rice,Common,2541.72,2866.2,2703.96,60
2026-05-14,Madhya Pradesh,Bhopal,Bhopal Mandi,Rice,Sona Masoori,2465.98,2780.78,2623.38,480
2026-05-15,Madhya Pradesh,Bhopal,Bhopal Mandi,Rice,Sona Masoori,2464.47,2779.09,2621.78,480
2026-05-16,Madhya Pradesh,Bhopal,Bhopal Mandi,Rice,Sona Masoori,2463.1,2777.54,2620.32,480
2026-05-17,Madhya Pradesh,Bhopal,Bhopal Mandi,Rice,Sona Masoori,2460.68,2774.8,2617.74,480
2026-05-18,Madhya Pradesh,Bhopal,Bhopal Mandi,Rice,Sona Masoori,2457.46,2771.18,2614.32,480
2026-05-19,Madhya Pradesh,Bhopal,Bhopal Mandi,Rice,Sona Masoori,2459.35,2773.31,2616.33,480
2026-05-20,Madhya Pradesh,Bhopal,Bhopal Mandi,Rice,Sona Masoori,2450.21,2763.01,2606.61,480
2026-05-21,Madhya Pradesh,Bhopal,Bhopal Mandi,Rice,Sona Masoori,2458.17,2771.97,2615.07,480
2026-05-22,Madhya Pradesh,Bhopal,Bhopal Mandi,Rice,Sona Masoori,2454.15,2767.45,2610.8,480
2026-05-23,Madhya Pradesh,Bhopal,Bhopal Mandi,Rice,Sona Masoori,2458.65,2772.53,2615.59,480
2026-05-24,Madhya Pradesh,Bhopal,Bhopal Mandi,Rice,Sona Masoori,2450.93,2763.81,2607.37,480
2026-05-25,Madhya Pradesh,Bhopal,Bhopal Mandi,Rice,Sona Masoori,2455.11,2768.53,2611.82,480
2026-05-26,Madhya Pradesh,Bhopal,Bhopal Mandi,Rice,Sona Masoori,2459.31,2773.27,2616.29,480
2026-05-27,Madhya Pradesh,Bhopal,Bhopal Mandi,Rice,Sona Masoori,2461.75,2776.01,2618.88,480
2026-05-28,Madhya Pradesh,Bhopal,Bhopal Mandi,Rice,Sona Masoori,2455.71,2769.21,2612.46,480
2026-05-29,Madhya Pradesh,Bhopal,Bhopal Mandi,Rice,Sona Masoori,2457.32,2771.02,2614.17,480
2026-05-30,Madhya Pradesh,Bhopal,Bhopal Mandi,Rice,Sona Masoori,2450.12,2762.9,2606.51,480
2026-05-31,Madhya Pradesh,Bhopal,Bhopal Mandi,Rice,Sona Masoori,2448.64,2761.24,2604.94,480
2026-06-01,Madhya Pradesh,Bhopal,Bhopal Mandi,Rice,Sona Masoori,2455.05,2768.45,2611.75,480
2026-06-02,Madhya Pradesh,Bhopal,Bhopal Mandi,Rice,Sona Masoori,2460.02,2774.06,2617.04,480
2026-06-03,Madhya Pradesh,Bhopal,Bhopal Mandi,Rice,Sona Masoori,2460.18,2774.24,2617.21,480
2026-06-04,Madhya Pradesh,Bhopal,Bhopal Mandi,Rice,Sona Masoori,2454.26,2767.58,2610.92,480
2026-06-05,Madhya Pradesh,Bhopal,Bhopal Mandi,Rice,Sona Masoori,2458.31,2772.13,2615.22,480
2026-06-06,Madhya Pradesh,Bhopal,Bhopal Mandi,Rice,Sona Masoori,2458.49,2772.35,2615.42,480
2026-06-07,Madhya Pradesh,Bhopal,Bhopal Mandi,Rice,Sona Masoori,2444.31,2756.35,2600.33,480
2026-06-08,Madhya Pradesh,Bhopal,Bhopal Mandi,Rice,Sona Masoori,2449.19,2761.85,2605.52,480
2026-06-09,Madhya Pradesh,Bhopal,Bhopal Mandi,Rice,Sona Masoori,2449.11,2761.77,2605.44,480
2026-06-10,Madhya Pradesh,Bhopal,Bhopal Mandi,Rice,Sona Masoori,2456.59,2770.19,2613.39,480
2026-06-11,Madhya Pradesh,Bhopal,Bhopal Mandi,Rice,Sona Masoori,2449.92,2762.68,2606.3,480
2026-06-12,Madhya Pradesh,Bhopal,Bhopal Mandi,Rice,Sona Masoori,2430.46,2740.74,2585.6,480
2026-06-13,Madhya Pradesh,Bhopal,Bhopal Mandi,Rice,Sona Masoori,2432.26,2742.76,2587.51,480
2026-06-14,Madhya Pradesh,Bhopal,Bhopal Mandi,Rice,Sona Masoori,2434.12,2744.86,2589.49,480
2026-06-15,Madhya Pradesh,Bhopal,Bhopal Mandi,Rice,Sona Masoori,2423.8,2733.22,2578.51,480
2026-06-16,Madhya Pradesh,Bhopal,Bhopal Mandi,Rice,Sona Masoori,2417.86,2726.52,2572.19,480
2026-06-17,Madhya Pradesh,Bhopal,Bhopal Mandi,Rice,Sona Masoori,2434.87,2745.71,2590.29,480
2026-06-18,Madhya Pradesh,Bhopal,Bhopal Mandi,Rice,Sona Masoori,2433.07,2743.67,2588.37,480
2026-06-19,Madhya Pradesh,Bhopal,Bhopal Mandi,Rice,Sona Masoori,2437.64,2748.82,2593.23,480
2026-06-20,Madhya Pradesh,Bhopal,Bhopal Mandi,Rice,Sona Masoori,2433.71,2744.39,2589.05,480
2026-06-21,Madhya Pradesh,Bhopal,Bhopal Mandi,Rice,Sona Masoori,2420.93,2729.99,2575.46,480
2026-06-22,Madhya Pradesh,Bhopal,Bhopal Mandi,Rice,Sona Masoori,2419.96,2728.9,2574.43,480
2026-06-23,Madhya Pradesh,Bhopal,Bhopal Mandi,Rice,Sona Masoori,2418.4,2727.14,2572.77,480
2026-06-24,Madhya Pradesh,Bhopal,Bhopal Mandi,Rice,Sona Masoori,2416.02,2724.44,2570.23,480
2026-06-25,Madhya Pradesh,Bhopal,Bhopal Mandi,Rice,Sona Masoori,2415.39,2723.73,2569.56,480
2026-06-26,Madhya Pradesh,Bhopal,Bhopal Mandi,Rice,Sona Masoori,2417.09,2725.65,2571.37,480
2026-06-27,Madhya Pradesh,Bhopal,Bhopal Mandi,Rice,Sona Masoori,2416.23,2724.69,2570.46,480
2026-06-28,Madhya Pradesh,Bhopal,Bhopal Mandi,Rice,Sona Masoori,2408.53,2716.01,2562.27,480
2026-06-29,Madhya Pradesh,Bhopal,Bhopal Mandi,Rice,Sona Masoori,2411.6,2719.46,2565.53,480
2026-06-30,Madhya Pradesh,Bhopal,Bhopal Mandi,Rice,Sona Masoori,2399.69,2706.03,2552.86,480
2026-07-01,Madhya Pradesh,Bhopal,Bhopal Mandi,Rice,Sona Masoori,2387.16,2691.9,2539.53,480
2026-07-02,Madhya Pradesh,Bhopal,Bhopal Mandi,Rice,Sona Masoori,2391.77,2697.11,2544.44,480
2026-07-03,Madhya Pradesh,Bhopal,Bhopal Mandi,Rice,Sona Masoori,2394.97,2700.71,2547.84,480
2026-07-04,Madhya Pradesh,Bhopal,Bhopal Mandi,Rice,Sona Masoori,2394.69,2700.39,2547.54,480
2026-07-05,Madhya Pradesh,Bhopal,Bhopal Mandi,Rice,Sona Masoori,2386.18,2690.8,2538.49,480
2026-07-06,Madhya Pradesh,Bhopal,Bhopal Mandi,Rice,Sona Masoori,2381.9,2685.98,2533.94,480
2026-07-07,Madhya Pradesh,Bhopal,Bhopal Mandi,Rice,Sona Masoori,2380.36,2684.24,2532.3,480
2026-07-08,Madhya Pradesh,Bhopal,Bhopal Mandi,Rice,Sona Masoori,2370.62,2673.26,2521.94,480
2026-07-09,Madhya Pradesh,Bhopal,Bhopal Mandi,Rice,Sona Masoori,2366.16,2668.22,2517.19,480
2026-07-10,Madhya Pradesh,Bhopal,Bhopal Mandi,Rice,Sona Masoori,2370.24,2672.82,2521.53,480
2026-07-11,Madhya Pradesh,Bhopal,Bhopal Mandi,Rice,Sona Masoori,2379.09,2682.81,2530.95,480
2026-07-12,Madhya Pradesh,Bhopal,Bhopal Mandi,Rice,Sona Masoori,2376.58,2679.98,2528.28,480
2026-07-13,Madhya Pradesh,Bhopal,Bhopal Mandi,Rice,Sona Masoori,2381.31,2685.31,2533.31,480
2026-07-14,Madhya Pradesh,Bhopal,Bhopal Mandi,Rice,Sona Masoori,2369.62,2672.12,2520.87,480
2026-07-15,Madhya Pradesh,Bhopal,Bhopal Mandi,Rice,Sona Masoori,2373.74,2676.78,2525.26,480
2026-07-16,Madhya Pradesh,Bhopal,Bhopal Mandi,Rice,Sona Masoori,2368.88,2671.28,2520.08,480
2026-07-17,Madhya Pradesh,Bhopal,Bhopal Mandi,Rice,Sona Masoori,2370.84,2673.5,2522.17,480
2026-07-18,Madhya Pradesh,Bhopal,Bhopal Mandi,Rice,Sona Masoori,2369.39,2671.87,2520.63,480
2026-07-19,Madhya Pradesh,Bhopal,Bhopal Mandi,Rice,Sona Masoori,2377.58,2681.1,2529.34,480
2026-07-20,Madhya Pradesh,Bhopal,Bhopal Mandi,Rice,Sona Masoori,2372.28,2675.12,2523.7,480
2026-07-21,Madhya Pradesh,Bhopal,Bhopal Mandi,Rice,Sona Masoori,2376.21,2679.55,2527.88,480
2026-07-22,Madhya Pradesh,Bhopal,Bhopal Mandi,Rice,Sona Masoori,2374.56,2677.7,2526.13,480
2026-07-23,Madhya Pradesh,Bhopal,Bhopal Mandi,Rice,Sona Masoori,2373.67,2676.69,2525.18,480
2026-07-24,Madhya Pradesh,Bhopal,Bhopal Mandi,Rice,Sona Masoori,2372.61,2675.49,2524.05,480
2026-07-25,Madhya Pradesh,Bhopal,Bhopal Mandi,Rice,Sona Masoori,2367.48,2669.72,2518.6,480
2026-07-26,Madhya Pradesh,Bhopal,Bhopal Mandi,Rice,Sona Masoori,2367.47,2669.71,2518.59,480
2026-07-27,Madhya Pradesh,Bhopal,Bhopal Mandi,Rice,Sona Masoori,2367.16,2669.34,2518.25,480
2026-07-28,Madhya Pradesh,Bhopal,Bhopal Mandi,Rice,Sona Masoori,2368.72,2671.1,2519.91,480
2026-07-29,Madhya Pradesh,Bhopal,Bhopal Mandi,Rice,Sona Masoori,2369.31,2671.77,2520.54,480
2026-07-30,Madhya Pradesh,Bhopal,Bhopal Mandi,Rice,Sona Masoori,2374.29,2677.39,2525.84,480
2026-07-31,Madhya Pradesh,Bhopal,Bhopal Mandi,Rice,Sona Masoori,2380.04,2683.88,2531.96,480
2026-08-01,Madhya Pradesh,Bhopal,Bhopal Mandi,Rice,Sona Masoori,2373.65,2676.67,2525.16,480
2026-08-02,Madhya Pradesh,Bhopal,Bhopal Mandi,Rice,Sona Masoori,2379.07,2682.79,2530.93,480
2026-08-03,Madhya Pradesh,Bhopal,Bhopal Mandi,Rice,Sona Masoori,2371.85,2674.63,2523.24,480
2026-08-04,Madhya Pradesh,Bhopal,Bhopal Mandi,Rice,Sona Masoori,2375.54,2678.8,2527.17,480
2026-08-05,Madhya Pradesh,Bhopal,Bhopal Mandi,Rice,Sona Masoori,2379.42,2683.18,2531.3,480
2026-08-06,Madhya Pradesh,Bhopal,Bhopal Mandi,Rice,Sona Masoori,2367.75,2670.01,2518.88,480
2026-08-07,Madhya Pradesh,Bhopal,Bhopal Mandi,Rice,Sona Masoori,2368.39,2670.73,2519.56,480
2026-08-08,Madhya Pradesh,Bhopal,Bhopal Mandi,Rice,Sona Masoori,2365.59,2667.57,2516.58,480
2026-08-09,Madhya Pradesh,Bhopal,Bhopal Mandi,Rice,Sona Masoori,2360.99,2662.39,2511.69,480
2026-08-10,Madhya Pradesh,Bhopal,Bhopal Mandi,Rice,Sona Masoori,2369.37,2671.85,2520.61,480
2026-08-11,Madhya Pradesh,Bhopal,Bhopal Mandi,Rice,Sona Masoori,2365.43,2667.39,2516.41,480
2026-08-12,Madhya Pradesh,Bhopal,Bhopal Mandi,Rice,Sona Masoori,2360.55,2661.89,2511.22,480
2026-08-13,Madhya Pradesh,Bhopal,Bhopal Mandi,Rice,Sona Masoori,2361.08,2662.5,2511.79,480
2026-08-14,Madhya Pradesh,Bhopal,Bhopal Mandi,Rice,Sona Masoori,2365.37,2667.33,2516.35,480
2026-08-15,Madhya Pradesh,Bhopal,Bhopal Mandi,Rice,Sona Masoori,2364.57,2666.43,2515.5,480
2026-08-16,Madhya Pradesh,Bhopal,Bhopal Mandi,Rice,Sona Masoori,2371.82,2674.6,2523.21,480
2026-08-17,Madhya Pradesh,Bhopal,Bhopal Mandi,Rice,Sona Masoori,2375.15,2678.37,2526.76,480
2026-08-18,Madhya Pradesh,Bhopal,Bhopal Mandi,Rice,Sona Masoori,2361.83,2663.35,2512.59,480
2026-08-19,Madhya Pradesh,Bhopal,Bhopal Mandi,Rice,Sona Masoori,2358.66,2659.76,2509.21,480
2026-08-20,Madhya Pradesh,Bhopal,Bhopal Mandi,Rice,Sona Masoori,2355.27,2655.95,2505.61,480
2026-08-21,Madhya Pradesh,Bhopal,Bhopal Mandi,Rice,Sona Masoori,2358.3,2659.36,2508.83,480
2026-08-22,Madhya Pradesh,Bhopal,Bhopal Mandi,Rice,Sona Masoori,2342.24,2641.24,2491.74,480
2026-08-23,Madhya Pradesh,Bhopal,Bhopal Mandi,Rice,Sona Masoori,2357.98,2659.0,2508.49,480
2026-08-24,Madhya Pradesh,Bhopal,Bhopal Mandi,Rice,Sona Masoori,2361.32,2662.76,2512.04,480
2026-08-25,Madhya Pradesh,Bhopal,Bhopal Mandi,Rice,Sona Masoori,2362.3,2663.88,2513.09,480
2026-08-26,Madhya Pradesh,Bhopal,Bhopal Mandi,Rice,Sona Masoori,2369.65,2672.15,2520.9,480
2026-08-27,Madhya Pradesh,Bhopal,Bhopal Mandi,Rice,Sona Masoori,2384.13,2688.49,2536.31,480
2026-08-28,Madhya Pradesh,Bhopal,Bhopal Mandi,Rice,Sona Masoori,2389.56,2694.6,2542.08,480
2026-08-29,Madhya Pradesh,Bhopal,Bhopal Mandi,Rice,Sona Masoori,2395.46,2701.26,2548.36,480
2026-08-30,Madhya Pradesh,Bhopal,Bhopal Mandi,Rice,Sona Masoori,2396.34,2702.26,2549.3,480
2026-08-31,Madhya Pradesh,Bhopal,Bhopal Mandi,Rice,Sona Masoori,2395.54,2701.36,2548.45,480
2026-09-01,Madhya Pradesh,Bhopal,Bhopal Mandi,Rice,Sona Masoori,2392.69,2698.15,2545.42,480
2026-09-02,Madhya Pradesh,Bhopal,Bhopal Mandi,Rice,Sona Masoori,2387.68,2692.5,2540.09,480
2026-09-03,Madhya Pradesh,Bhopal,Bhopal Mandi,Rice,Sona Masoori,2383.54,2687.82,2535.68,480
2026-09-04,Madhya Pradesh,Bhopal,Bhopal Mandi,Rice,Sona Masoori,2375.3,2678.54,2526.92,480
2026-09-05,Madhya Pradesh,Bhopal,Bhopal Mandi,Rice,Sona Masoori,2374.91,2678.09,2526.5,480
2026-09-06,Madhya Pradesh,Bhopal,Bhopal Mandi,Rice,Sona Masoori,2364.63,2666.49,2515.56,480
2026-09-07,Madhya Pradesh,Bhopal,Bhopal Mandi,Rice,Sona Masoori,2365.88,2667.9,2516.89,480
2026-09-08,Madhya Pradesh,Bhopal,Bhopal Mandi,Rice,Sona Masoori,2365.73,2667.73,2516.73,480
2026-09-09,Madhya Pradesh,Bhopal,Bhopal Mandi,Rice,Sona Masoori,2366.7,2668.84,2517.77,480
2026-09-10,Madhya Pradesh,Bhopal,Bhopal Mandi,Rice,Sona Masoori,2363.57,2665.31,2514.44,480
2026-05-14,Uttar Pradesh,Gautam Buddh Nagar,Greater Noida Mandi,Rice,Sona Masoori,2758.27,3110.39,2934.33,45
2026-05-15,Uttar Pradesh,Gautam Buddh Nagar,Greater Noida Mandi,Rice,Sona Masoori,2765.9,3119.0,2942.45,45
2026-05-16,Uttar Pradesh,Gautam Buddh Nagar,Greater Noida Mandi,Rice,Sona Masoori,2765.12,3118.12,2941.62,45
2026-05-17,Uttar Pradesh,Gautam Buddh Nagar,Greater Noida Mandi,Rice,Sona Masoori,2761.28,3113.78,2937.53,45
2026-05-18,Uttar Pradesh,Gautam Buddh Nagar,Greater Noida Mandi,Rice,Sona Masoori,2757.54,3109.56,2933.55,45
2026-05-19,Uttar Pradesh,Gautam Buddh Nagar,Greater Noida Mandi,Rice,Sona Masoori,2771.01,3124.75,2947.88,45
2026-05-20,Uttar Pradesh,Gautam Buddh Nagar,Greater Noida Mandi,Rice,Sona Masoori,2765.97,3119.07,2942.52,45
2026-05-21,Uttar Pradesh,Gautam Buddh Nagar,Greater Noida Mandi,Rice,Sona Masoori,2774.96,3129.22,2952.09,45
2026-05-22,Uttar Pradesh,Gautam Buddh Nagar,Greater Noida Mandi,Rice,Sona Masoori,2767.21,3120.47,2943.84,45
2026-05-23,Uttar Pradesh,Gautam Buddh Nagar,Greater Noida Mandi,Rice,Sona Masoori,2770.67,3124.37,2947.52,45
2026-05-24,Uttar Pradesh,Gautam Buddh Nagar,Greater Noida Mandi,Rice,Sona Masoori,2772.79,3126.77,2949.78,45
2026-05-25,Uttar Pradesh,Gautam Buddh Nagar,Greater Noida Mandi,Rice,Sona Masoori,2784.06,3139.48,2961.77,45
2026-05-26,Uttar Pradesh,Gautam Buddh Nagar,Greater Noida Mandi,Rice,Sona Masoori,2779.64,3134.48,2957.06,45
2026-05-27,Uttar Pradesh,Gautam Buddh Nagar,Greater Noida Mandi,Rice,Sona Masoori,2773.29,3127.33,2950.31,45
2026-05-28,Uttar Pradesh,Gautam Buddh Nagar,Greater Noida Mandi,Rice,Sona Masoori,2772.58,3126.52,2949.55,45
2026-05-29,Uttar Pradesh,Gautam Buddh Nagar,Greater Noida Mandi,Rice,Sona Masoori,2784.15,3139.57,2961.86,45
2026-05-30,Uttar Pradesh,Gautam Buddh Nagar,Greater Noida Mandi,Rice,Sona Masoori,2778.12,3132.78,2955.45,45
2026-05-31,Uttar Pradesh,Gautam Buddh Nagar,Greater Noida Mandi,Rice,Sona Masoori,2760.35,3112.73,2936.54,45
2026-06-01,Uttar Pradesh,Gautam Buddh Nagar,Greater Noida Mandi,Rice,Sona Masoori,2760.85,3113.29,2937.07,45
2026-06-02,Uttar Pradesh,Gautam Buddh Nagar,Greater Noida Mandi,Rice,Sona Masoori,2767.47,3120.77,2944.12,45
2026-06-03,Uttar Pradesh,Gautam Buddh Nagar,Greater Noida Mandi,Rice,Sona Masoori,2760.56,3112.98,2936.77,45
2026-06-04,Uttar Pradesh,Gautam Buddh Nagar,Greater Noida Mandi,Rice,Sona Masoori,2766.5,3119.66,2943.08,45
2026-06-05,Uttar Pradesh,Gautam Buddh Nagar,Greater Noida Mandi,Rice,Sona Masoori,2759.44,3111.7,2935.57,45
2026-06-06,Uttar Pradesh,Gautam Buddh Nagar,Greater Noida Mandi,Rice,Sona Masoori,2758.51,3110.65,2934.58,45
2026-06-07,Uttar Pradesh,Gautam Buddh Nagar,Greater Noida Mandi,Rice,Sona Masoori,2763.78,3116.6,2940.19,45
2026-06-08,Uttar Pradesh,Gautam Buddh Nagar,Greater Noida Mandi,Rice,Sona Masoori,2755.67,3107.45,2931.56,45
2026-06-09,Uttar Pradesh,Gautam Buddh Nagar,Greater Noida Mandi,Rice,Sona Masoori,2757.0,3108.96,2932.98,45
2026-06-10,Uttar Pradesh,Gautam Buddh Nagar,Greater Noida Mandi,Rice,Sona Masoori,2765.47,3118.51,2941.99,45
2026-06-11,Uttar Pradesh,Gautam Buddh Nagar,Greater Noida Mandi,Rice,Sona Masoori,2768.83,3122.29,2945.56,45
2026-06-12,Uttar Pradesh,Gautam Buddh Nagar,Greater Noida Mandi,Rice,Sona Masoori,2763.94,3116.78,2940.36,45
2026-06-13,Uttar Pradesh,Gautam Buddh Nagar,Greater Noida Mandi,Rice,Sona Masoori,2774.49,3128.69,2951.59,45
2026-06-14,Uttar Pradesh,Gautam Buddh Nagar,Greater Noida Mandi,Rice,Sona Masoori,2779.13,3133.91,2956.52,45
2026-06-15,Uttar Pradesh,Gautam Buddh Nagar,Greater Noida Mandi,Rice,Sona Masoori,2766.37,3119.53,2942.95,45
2026-06-16,Uttar Pradesh,Gautam Buddh Nagar,Greater Noida Mandi,Rice,Sona Masoori,2772.42,3126.34,2949.38,45
2026-06-17,Uttar Pradesh,Gautam Buddh Nagar,Greater Noida Mandi,Rice,Sona Masoori,2768.55,3121.99,2945.27,45
2026-06-18,Uttar Pradesh,Gautam Buddh Nagar,Greater Noida Mandi,Rice,Sona Masoori,2769.99,3123.61,2946.8,45
2026-06-19,Uttar Pradesh,Gautam Buddh Nagar,Greater Noida Mandi,Rice,Sona Masoori,2777.03,3131.55,2954.29,45
2026-06-20,Uttar Pradesh,Gautam Buddh Nagar,Greater Noida Mandi,Rice,Sona Masoori,2773.32,3127.36,2950.34,45
2026-06-21,Uttar Pradesh,Gautam Buddh Nagar,Greater Noida Mandi,Rice,Sona Masoori,2762.05,3114.65,2938.35,45
2026-06-22,Uttar Pradesh,Gautam Buddh Nagar,Greater Noida Mandi,Rice,Sona Masoori,2772.52,3126.46,2949.49,45
2026-06-23,Uttar Pradesh,Gautam Buddh Nagar,Greater Noida Mandi,Rice,Sona Masoori,2780.64,3135.62,2958.13,45
2026-06-24,Uttar Pradesh,Gautam Buddh Nagar,Greater Noida Mandi,Rice,Sona Masoori,2780.13,3135.03,2957.58,45
2026-06-25,Uttar Pradesh,Gautam Buddh Nagar,Greater Noida Mandi,Rice,Sona Masoori,2786.09,3141.77,2963.93,45
2026-06-26,Uttar Pradesh,Gautam Buddh Nagar,Greater Noida Mandi,Rice,Sona Masoori,2783.63,3138.99,2961.31,45
2026-06-27,Uttar Pradesh,Gautam Buddh Nagar,Greater Noida Mandi,Rice,Sona Masoori,2784.38,3139.84,2962.11,45
2026-06-28,Uttar Pradesh,Gautam Buddh Nagar,Greater Noida Mandi,Rice,Sona Masoori,2783.47,3138.81,2961.14,45
2026-06-29,Uttar Pradesh,Gautam Buddh Nagar,Greater Noida Mandi,Rice,Sona Masoori,2781.28,3136.34,2958.81,45
2026-06-30,Uttar Pradesh,Gautam Buddh Nagar,Greater Noida Mandi,Rice,Sona Masoori,2783.85,3139.23,2961.54,45
2026-07-01,Uttar Pradesh,Gautam Buddh Nagar,Greater Noida Mandi,Rice,Sona Masoori,2775.59,3129.91,2952.75,45
2026-07-02,Uttar Pradesh,Gautam Buddh Nagar,Greater Noida Mandi,Rice,Sona Masoori,2773.94,3128.06,2951.0,45
2026-07-03,Uttar Pradesh,Gautam Buddh Nagar,Greater Noida Mandi,Rice,Sona Masoori,2776.19,3130.59,2953.39,45
2026-07-04,Uttar Pradesh,Gautam Buddh Nagar,Greater Noida Mandi,Rice,Sona Masoori,2788.95,3144.99,2966.97,45
2026-07-05,Uttar Pradesh,Gautam Buddh Nagar,Greater Noida Mandi,Rice,Sona Masoori,2780.98,3136.0,2958.49,45
2026-07-06,Uttar Pradesh,Gautam Buddh Nagar,Greater Noida Mandi,Rice,Sona Masoori,2784.66,3140.14,2962.4,45
2026-07-07,Uttar Pradesh,Gautam Buddh Nagar,Greater Noida Mandi,Rice,Sona Masoori,2789.09,3145.15,2967.12,45
2026-07-08,Uttar Pradesh,Gautam Buddh Nagar,Greater Noida Mandi,Rice,Sona Masoori,2776.22,3130.64,2953.43,45
2026-07-09,Uttar Pradesh,Gautam Buddh Nagar,Greater Noida Mandi,Rice,Sona Masoori,2779.14,3133.92,2956.53,45
2026-07-10,Uttar Pradesh,Gautam Buddh Nagar,Greater Noida Mandi,Rice,Sona Masoori,2785.3,3140.86,2963.08,45
2026-07-11,Uttar Pradesh,Gautam Buddh Nagar,Greater Noida Mandi,Rice,Sona Masoori,2789.44,3145.54,2967.49,45
2026-07-12,Uttar Pradesh,Gautam Buddh Nagar,Greater Noida Mandi,Rice,Sona Masoori,2788.94,3144.98,2966.96,45
2026-07-13,Uttar Pradesh,Gautam Buddh Nagar,Greater Noida Mandi,Rice,Sona Masoori,2791.32,3147.66,2969.49,45
2026-07-14,Uttar Pradesh,Gautam Buddh Nagar,Greater Noida Mandi,Rice,Sona Masoori,2792.58,3149.08,2970.83,45
2026-07-15,Uttar Pradesh,Gautam Buddh Nagar,Greater Noida Mandi,Rice,Sona Masoori,2781.0,3136.02,2958.51,45
2026-07-16,Uttar Pradesh,Gautam Buddh Nagar,Greater Noida Mandi,Rice,Sona Masoori,2782.42,3137.62,2960.02,45
2026-07-17,Uttar Pradesh,Gautam Buddh Nagar,Greater Noida Mandi,Rice,Sona Masoori,2779.97,3134.87,2957.42,45
2026-07-18,Uttar Pradesh,Gautam Buddh Nagar,Greater Noida Mandi,Rice,Sona Masoori,2775.19,3129.47,2952.33,45
2026-07-19,Uttar Pradesh,Gautam Buddh Nagar,Greater Noida Mandi,Rice,Sona Masoori,2792.42,3148.9,2970.66,45
2026-07-20,Uttar Pradesh,Gautam Buddh Nagar,Greater Noida Mandi,Rice,Sona Masoori,2801.14,3158.74,2979.94,45
2026-07-21,Uttar Pradesh,Gautam Buddh Nagar,Greater Noida Mandi,Rice,Sona Masoori,2793.29,3149.89,2971.59,45
2026-07-22,Uttar Pradesh,Gautam Buddh Nagar,Greater Noida Mandi,Rice,Sona Masoori,2795.77,3152.67,2974.22,45
2026-07-23,Uttar Pradesh,Gautam Buddh Nagar,Greater Noida Mandi,Rice,Sona Masoori,2805.91,3164.11,2985.01,45
2026-07-24,Uttar Pradesh,Gautam Buddh Nagar,Greater Noida Mandi,Rice,Sona Masoori,2795.67,3152.57,2974.12,45
2026-07-25,Uttar Pradesh,Gautam Buddh Nagar,Greater Noida Mandi,Rice,Sona Masoori,2796.28,3153.26,2974.77,45
2026-07-26,Uttar Pradesh,Gautam Buddh Nagar,Greater Noida Mandi,Rice,Sona Masoori,2797.22,3154.32,2975.77,45
2026-07-27,Uttar Pradesh,Gautam Buddh Nagar,Greater Noida Mandi,Rice,Sona Masoori,2788.51,3144.49,2966.5,45
2026-07-28,Uttar Pradesh,Gautam Buddh Nagar,Greater Noida Mandi,Rice,Sona Masoori,2791.22,3147.54,2969.38,45
2026-07-29,Uttar Pradesh,Gautam Buddh Nagar,Greater Noida Mandi,Rice,Sona Masoori,2799.0,3156.32,2977.66,45
2026-07-30,Uttar Pradesh,Gautam Buddh Nagar,Greater Noida Mandi,Rice,Sona Masoori,2809.49,3168.15,2988.82,45
2026-07-31,Uttar Pradesh,Gautam Buddh Nagar,Greater Noida Mandi,Rice,Sona Masoori,2807.86,3166.3,2987.08,45
2026-08-01,Uttar Pradesh,Gautam Buddh Nagar,Greater Noida Mandi,Rice,Sona Masoori,2825.2,3185.86,3005.53,45
2026-08-02,Uttar Pradesh,Gautam Buddh Nagar,Greater Noida Mandi,Rice,Sona Masoori,2811.08,3169.94,2990.51,45
2026-08-03,Uttar Pradesh,Gautam Buddh Nagar,Greater Noida Mandi,Rice,Sona Masoori,2813.62,3172.8,2993.21,45
2026-08-04,Uttar Pradesh,Gautam Buddh Nagar,Greater Noida Mandi,Rice,Sona Masoori,2803.95,3161.91,2982.93,45
2026-08-05,Uttar Pradesh,Gautam Buddh Nagar,Greater Noida Mandi,Rice,Sona Masoori,2804.66,3162.7,2983.68,45
2026-08-06,Uttar Pradesh,Gautam Buddh Nagar,Greater Noida Mandi,Rice,Sona Masoori,2801.14,3158.74,2979.94,45
2026-08-07,Uttar Pradesh,Gautam Buddh Nagar,Greater Noida Mandi,Rice,Sona Masoori,2804.72,3162.78,2983.75,45
2026-08-08,Uttar Pradesh,Gautam Buddh Nagar,Greater Noida Mandi,Rice,Sona Masoori,2803.94,3161.88,2982.91,45
2026-08-09,Uttar Pradesh,Gautam Buddh Nagar,Greater Noida Mandi,Rice,Sona Masoori,2798.31,3155.55,2976.93,45
2026-08-10,Uttar Pradesh,Gautam Buddh Nagar,Greater Noida Mandi,Rice,Sona Masoori,2793.15,3149.73,2971.44,45
2026-08-11,Uttar Pradesh,Gautam Buddh Nagar,Greater Noida Mandi,Rice,Sona Masoori,2806.57,3164.85,2985.71,45
2026-08-12,Uttar Pradesh,Gautam Buddh Nagar,Greater Noida Mandi,Rice,Sona Masoori,2809.72,3168.4,2989.06,45
2026-08-13,Uttar Pradesh,Gautam Buddh Nagar,Greater Noida Mandi,Rice,Sona Masoori,2798.05,3155.25,2976.65,45
2026-08-14,Uttar Pradesh,Gautam Buddh Nagar,Greater Noida Mandi,Rice,Sona Masoori,2801.93,3159.63,2980.78,45
2026-08-15,Uttar Pradesh,Gautam Buddh Nagar,Greater Noida Mandi,Rice,Sona Masoori,2800.67,3158.21,2979.44,45
2026-08-16,Uttar Pradesh,Gautam Buddh Nagar,Greater Noida Mandi,Rice,Sona Masoori,2800.79,3158.33,2979.56,45
2026-08-17,Uttar Pradesh,Gautam Buddh Nagar,Greater Noida Mandi,Rice,Sona Masoori,2806.53,3164.81,2985.67,45
2026-08-18,Uttar Pradesh,Gautam Buddh Nagar,Greater Noida Mandi,Rice,Sona Masoori,2814.77,3174.11,2994.44,45
2026-08-19,Uttar Pradesh,Gautam Buddh Nagar,Greater Noida Mandi,Rice,Sona Masoori,2808.93,3167.51,2988.22,45
2026-08-20,Uttar Pradesh,Gautam Buddh Nagar,Greater Noida Mandi,Rice,Sona Masoori,2808.8,3167.38,2988.09,45
2026-08-21,Uttar Pradesh,Gautam Buddh Nagar,Greater Noida Mandi,Rice,Sona Masoori,2805.12,3163.22,2984.17,45
2026-08-22,Uttar Pradesh,Gautam Buddh Nagar,Greater Noida Mandi,Rice,Sona Masoori,2809.32,3167.96,2988.64,45
2026-08-23,Uttar Pradesh,Gautam Buddh Nagar,Greater Noida Mandi,Rice,Sona Masoori,2807.81,3166.25,2987.03,45
2026-08-24,Uttar Pradesh,Gautam Buddh Nagar,Greater Noida Mandi,Rice,Sona Masoori,2808.09,3166.57,2987.33,45
2026-08-25,Uttar Pradesh,Gautam Buddh Nagar,Greater Noida Mandi,Rice,Sona Masoori,2806.3,3164.56,2985.43,45
2026-08-26,Uttar Pradesh,Gautam Buddh Nagar,Greater Noida Mandi,Rice,Sona Masoori,2805.66,3163.82,2984.74,45
2026-08-27,Uttar Pradesh,Gautam Buddh Nagar,Greater Noida Mandi,Rice,Sona Masoori,2817.5,3177.18,2997.34,45
2026-08-28,Uttar Pradesh,Gautam Buddh Nagar,Greater Noida Mandi,Rice,Sona Masoori,2834.09,3195.89,3014.99,45
2026-08-29,Uttar Pradesh,Gautam Buddh Nagar,Greater Noida Mandi,Rice,Sona Masoori,2836.77,3198.91,3017.84,45
2026-08-30,Uttar Pradesh,Gautam Buddh Nagar,Greater Noida Mandi,Rice,Sona Masoori,2836.17,3198.23,3017.2,45
2026-08-31,Uttar Pradesh,Gautam Buddh Nagar,Greater Noida Mandi,Rice,Sona Masoori,2825.24,3185.9,3005.57,45
2026-09-01,Uttar Pradesh,Gautam Buddh Nagar,Greater Noida Mandi,Rice,Sona Masoori,2820.07,3180.07,3000.07,45
2026-09-02,Uttar Pradesh,Gautam Buddh Nagar,Greater Noida Mandi,Rice,Sona Masoori,2819.28,3179.18,2999.23,45
2026-09-03,Uttar Pradesh,Gautam Buddh Nagar,Greater Noida Mandi,Rice,Sona Masoori,2814.43,3173.71,2994.07,45
2026-09-04,Uttar Pradesh,Gautam Buddh Nagar,Greater Noida Mandi,Rice,Sona Masoori,2810.3,3169.06,2989.68,45
2026-09-05,Uttar Pradesh,Gautam Buddh Nagar,Greater Noida Mandi,Rice,Sona Masoori,2821.26,3181.42,3001.34,45
2026-09-06,Uttar Pradesh,Gautam Buddh Nagar,Greater Noida Mandi,Rice,Sona Masoori,2821.53,3181.73,3001.63,45
2026-09-07,Uttar Pradesh,Gautam Buddh Nagar,Greater Noida Mandi,Rice,Sona Masoori,2822.43,3182.75,3002.59,45
2026-09-08,Uttar Pradesh,Gautam Buddh Nagar,Greater Noida Mandi,Rice,Sona Masoori,2817.87,3177.59,2997.73,45
2026-09-09,Uttar Pradesh,Gautam Buddh Nagar,Greater Noida Mandi,Rice,Sona Masoori,2826.07,3186.85,3006.46,45
2026-09-10,Uttar Pradesh,Gautam Buddh Nagar,Greater Noida Mandi,Rice,Sona Masoori,2824.69,3185.29,3004.99,45
2026-05-14,Rajasthan,Jaipur,Jaipur Mandi,Rice,Sona Masoori,2754.59,3106.23,2930.41,240
2026-05-15,Rajasthan,Jaipur,Jaipur Mandi,Rice,Sona Masoori,2757.53,3109.55,2933.54,240
2026-05-16,Rajasthan,Jaipur,Jaipur Mandi,Rice,Sona Masoori,2762.04,3114.64,2938.34,240
2026-05-17,Rajasthan,Jaipur,Jaipur Mandi,Rice,Sona Masoori,2753.03,3104.47,2928.75,240
2026-05-18,Rajasthan,Jaipur,Jaipur Mandi,Rice,Sona Masoori,2750.99,3102.17,2926.58,240
2026-05-19,Rajasthan,Jaipur,Jaipur Mandi,Rice,Sona Masoori,2759.37,3111.63,2935.5,240
2026-05-20,Rajasthan,Jaipur,Jaipur Mandi,Rice,Sona Masoori,2763.6,3116.4,2940.0,240
2026-05-21,Rajasthan,Jaipur,Jaipur Mandi,Rice,Sona Masoori,2760.95,3113.41,2937.18,240
2026-05-22,Rajasthan,Jaipur,Jaipur Mandi,Rice,Sona Masoori,2756.91,3108.85,2932.88,240
2026-05-23,Rajasthan,Jaipur,Jaipur Mandi,Rice,Sona Masoori,2770.44,3124.12,2947.28,240
2026-05-24,Rajasthan,Jaipur,Jaipur Mandi,Rice,Sona Masoori,2760.54,3112.94,2936.74,240
2026-05-25,Rajasthan,Jaipur,Jaipur Mandi,Rice,Sona Masoori,2760.21,3112.57,2936.39,240
2026-05-26,Rajasthan,Jaipur,Jaipur Mandi,Rice,Sona Masoori,2750.17,3101.25,2925.71,240
2026-05-27,Rajasthan,Jaipur,Jaipur Mandi,Rice,Sona Masoori,2759.33,3111.59,2935.46,240
2026-05-28,Rajasthan,Jaipur,Jaipur Mandi,Rice,Sona Masoori,2759.37,3111.63,2935.5,240
2026-05-29,Rajasthan,Jaipur,Jaipur Mandi,Rice,Sona Masoori,2760.69,3113.11,2936.9,240
2026-05-30,Rajasthan,Jaipur,Jaipur Mandi,Rice,Sona Masoori,2779.9,3134.78,2957.34,240
2026-05-31,Rajasthan,Jaipur,Jaipur Mandi,Rice,Sona Masoori,2775.89,3130.25,2953.07,240
2026-06-01,Rajasthan,Jaipur,Jaipur Mandi,Rice,Sona Masoori,2788.05,3143.97,2966.01,240
2026-06-02,Rajasthan,Jaipur,Jaipur Mandi,Rice,Sona Masoori,2785.43,3141.01,2963.22,240
2026-06-03,Rajasthan,Jaipur,Jaipur Mandi,Rice,Sona Masoori,2783.9,3139.3,2961.6,240
2026-06-04,Rajasthan,Jaipur,Jaipur Mandi,Rice,Sona Masoori,2802.22,3159.94,2981.08,240
2026-06-05,Rajasthan,Jaipur,Jaipur Mandi,Rice,Sona Masoori,2801.18,3158.78,2979.98,240
2026-06-06,Rajasthan,Jaipur,Jaipur Mandi,Rice,Sona Masoori,2791.77,3148.17,2969.97,240
2026-06-07,Rajasthan,Jaipur,Jaipur Mandi,Rice,Sona Masoori,2793.8,3150.46,2972.13,240
2026-06-08,Rajasthan,Jaipur,Jaipur Mandi,Rice,Sona Masoori,2792.68,3149.2,2970.94,240
2026-06-09,Rajasthan,Jaipur,Jaipur Mandi,Rice,Sona Masoori,2795.31,3152.15,2973.73,240
2026-06-10,Rajasthan,Jaipur,Jaipur Mandi,Rice,Sona Masoori,2794.47,3151.21,2972.84,240
2026-06-11,Rajasthan,Jaipur,Jaipur Mandi,Rice,Sona Masoori,2809.86,3168.56,2989.21,240
2026-06-12,Rajasthan,Jaipur,Jaipur Mandi,Rice,Sona Masoori,2813.79,3172.99,2993.39,240
2026-06-13,Rajasthan,Jaipur,Jaipur Mandi,Rice,Sona Masoori,2806.45,3164.71,2985.58,240
2026-06-14,Rajasthan,Jaipur,Jaipur Mandi,Rice,Sona Masoori,2807.39,3165.77,2986.58,240
2026-06-15,Rajasthan,Jaipur,Jaipur Mandi,Rice,Sona Masoori,2801.94,3159.64,2980.79,240
2026-06-16,Rajasthan,Jaipur,Jaipur Mandi,Rice,Sona Masoori,2800.32,3157.8,2979.06,240
2026-06-17,Rajasthan,Jaipur,Jaipur Mandi,Rice,Sona Masoori,2794.11,3150.81,2972.46,240
2026-06-18,Rajasthan,Jaipur,Jaipur Mandi,Rice,Sona Masoori,2808.75,3167.31,2988.03,240
2026-06-19,Rajasthan,Jaipur,Jaipur Mandi,Rice,Sona Masoori,2804.06,3162.02,2983.04,240
2026-06-20,Rajasthan,Jaipur,Jaipur Mandi,Rice,Sona Masoori,2808.89,3167.47,2988.18,240
2026-06-21,Rajasthan,Jaipur,Jaipur Mandi,Rice,Sona Masoori,2806.74,3165.04,2985.89,240
2026-06-22,Rajasthan,Jaipur,Jaipur Mandi,Rice,Sona Masoori,2798.81,3156.11,2977.46,240
2026-06-23,Rajasthan,Jaipur,Jaipur Mandi,Rice,Sona Masoori,2800.27,3157.75,2979.01,240
2026-06-24,Rajasthan,Jaipur,Jaipur Mandi,Rice,Sona Masoori,2803.12,3160.96,2982.04,240
2026-06-25,Rajasthan,Jaipur,Jaipur Mandi,Rice,Sona Masoori,2807.06,3165.4,2986.23,240
2026-06-26,Rajasthan,Jaipur,Jaipur Mandi,Rice,Sona Masoori,2789.03,3145.07,2967.05,240
2026-06-27,Rajasthan,Jaipur,Jaipur Mandi,Rice,Sona Masoori,2780.58,3135.54,2958.06,240
2026-06-28,Rajasthan,Jaipur,Jaipur Mandi,Rice,Sona Masoori,2787.27,3143.09,2965.18,240
2026-06-29,Rajasthan,Jaipur,Jaipur Mandi,Rice,Sona Masoori,2780.97,3135.99,2958.48,240
2026-06-30,Rajasthan,Jaipur,Jaipur Mandi,Rice,Sona Masoori,2782.46,3137.66,2960.06,240
2026-07-01,Rajasthan,Jaipur,Jaipur Mandi,Rice,Sona Masoori,2773.85,3127.95,2950.9,240
2026-07-02,Rajasthan,Jaipur,Jaipur Mandi,Rice,Sona Masoori,2778.99,3133.75,2956.37,240
2026-07-03,Rajasthan,Jaipur,Jaipur Mandi,Rice,Sona Masoori,2785.5,3141.1,2963.3,240
2026-07-04,Rajasthan,Jaipur,Jaipur Mandi,Rice,Sona Masoori,2790.64,3146.9,2968.77,240
2026-07-05,Rajasthan,Jaipur,Jaipur Mandi,Rice,Sona Masoori,2797.86,3155.04,2976.45,240
2026-07-06,Rajasthan,Jaipur,Jaipur Mandi,Rice,Sona Masoori,2808.75,3167.31,2988.03,240
2026-07-07,Rajasthan,Jaipur,Jaipur Mandi,Rice,Sona Masoori,2800.72,3158.26,2979.49,240
2026-07-08,Rajasthan,Jaipur,Jaipur Mandi,Rice,Sona Masoori,2795.35,3152.21,2973.78,240
2026-07-09,Rajasthan,Jaipur,Jaipur Mandi,Rice,Sona Masoori,2801.64,3159.3,2980.47,240
2026-07-10,Rajasthan,Jaipur,Jaipur Mandi,Rice,Sona Masoori,2809.54,3168.2,2988.87,240
2026-07-11,Rajasthan,Jaipur,Jaipur Mandi,Rice,Sona Masoori,2804.96,3163.04,2984.0,240
2026-07-12,Rajasthan,Jaipur,Jaipur Mandi,Rice,Sona Masoori,2799.9,3157.34,2978.62,240
2026-07-13,Rajasthan,Jaipur,Jaipur Mandi,Rice,Sona Masoori,2795.48,3152.34,2973.91,240
2026-07-14,Rajasthan,Jaipur,Jaipur Mandi,Rice,Sona Masoori,2784.47,3139.93,2962.2,240
2026-07-15,Rajasthan,Jaipur,Jaipur Mandi,Rice,Sona Masoori,2775.76,3130.12,2952.94,240
2026-07-16,Rajasthan,Jaipur,Jaipur Mandi,Rice,Sona Masoori,2767.23,3120.49,2943.86,240
2026-07-17,Rajasthan,Jaipur,Jaipur Mandi,Rice,Sona Masoori,2765.28,3118.3,2941.79,240
2026-07-18,Rajasthan,Jaipur,Jaipur Mandi,Rice,Sona Masoori,2767.24,3120.5,2943.87,240
2026-07-19,Rajasthan,Jaipur,Jaipur Mandi,Rice,Sona Masoori,2770.31,3123.97,2947.14,240
2026-07-20,Rajasthan,Jaipur,Jaipur Mandi,Rice,Sona Masoori,2766.88,3120.1,2943.49,240
2026-07-21,Rajasthan,Jaipur,Jaipur Mandi,Rice,Sona Masoori,2763.62,3116.42,2940.02,240
2026-07-22,Rajasthan,Jaipur,Jaipur Mandi,Rice,Sona Masoori,2764.56,3117.48,2941.02,240
2026-07-23,Rajasthan,Jaipur,Jaipur Mandi,Rice,Sona Masoori,2754.3,3105.92,2930.11,240
2026-07-24,Rajasthan,Jaipur,Jaipur Mandi,Rice,Sona Masoori,2761.01,3113.49,2937.25,240
2026-07-25,Rajasthan,Jaipur,Jaipur Mandi,Rice,Sona Masoori,2769.98,3123.6,2946.79,240
2026-07-26,Rajasthan,Jaipur,Jaipur Mandi,Rice,Sona Masoori,2765.74,3118.82,2942.28,240
2026-07-27,Rajasthan,Jaipur,Jaipur Mandi,Rice,Sona Masoori,2763.07,3115.81,2939.44,240
2026-07-28,Rajasthan,Jaipur,Jaipur Mandi,Rice,Sona Masoori,2771.75,3125.59,2948.67,240
2026-07-29,Rajasthan,Jaipur,Jaipur Mandi,Rice,Sona Masoori,2770.98,3124.72,2947.85,240
2026-07-30,Rajasthan,Jaipur,Jaipur Mandi,Rice,Sona Masoori,2775.12,3129.4,2952.26,240
2026-07-31,Rajasthan,Jaipur,Jaipur Mandi,Rice,Sona Masoori,2774.57,3128.77,2951.67,240
2026-08-01,Rajasthan,Jaipur,Jaipur Mandi,Rice,Sona Masoori,2785.41,3140.99,2963.2,240
2026-08-02,Rajasthan,Jaipur,Jaipur Mandi,Rice,Sona Masoori,2788.88,3144.9,2966.89,240
2026-08-03,Rajasthan,Jaipur,Jaipur Mandi,Rice,Sona Masoori,2792.74,3149.26,2971.0,240
2026-08-04,Rajasthan,Jaipur,Jaipur Mandi,Rice,Sona Masoori,2796.74,3153.78,2975.26,240
2026-08-05,Rajasthan,Jaipur,Jaipur Mandi,Rice,Sona Masoori,2792.98,3149.54,2971.26,240
2026-08-06,Rajasthan,Jaipur,Jaipur Mandi,Rice,Sona Masoori,2789.87,3146.03,2967.95,240
2026-08-07,Rajasthan,Jaipur,Jaipur Mandi,Rice,Sona Masoori,2795.27,3152.11,2973.69,240
2026-08-08,Rajasthan,Jaipur,Jaipur Mandi,Rice,Sona Masoori,2796.23,3153.19,2974.71,240
2026-08-09,Rajasthan,Jaipur,Jaipur Mandi,Rice,Sona Masoori,2788.17,3144.11,2966.14,240
2026-08-10,Rajasthan,Jaipur,Jaipur Mandi,Rice,Sona Masoori,2801.19,3158.79,2979.99,240
2026-08-11,Rajasthan,Jaipur,Jaipur Mandi,Rice,Sona Masoori,2808.03,3166.51,2987.27,240
2026-08-12,Rajasthan,Jaipur,Jaipur Mandi,Rice,Sona Masoori,2808.38,3166.9,2987.64,240
2026-08-13,Rajasthan,Jaipur,Jaipur Mandi,Rice,Sona Masoori,2806.58,3164.86,2985.72,240
2026-08-14,Rajasthan,Jaipur,Jaipur Mandi,Rice,Sona Masoori,2808.02,3166.5,2987.26,240
2026-08-15,Rajasthan,Jaipur,Jaipur Mandi,Rice,Sona Masoori,2811.69,3170.63,2991.16,240
2026-08-16,Rajasthan,Jaipur,Jaipur Mandi,Rice,Sona Masoori,2797.72,3154.88,2976.3,240
2026-08-17,Rajasthan,Jaipur,Jaipur Mandi,Rice,Sona Masoori,2812.4,3171.44,2991.92,240
2026-08-18,Rajasthan,Jaipur,Jaipur Mandi,Rice,Sona Masoori,2807.03,3165.37,2986.2,240
2026-08-19,Rajasthan,Jaipur,Jaipur Mandi,Rice,Sona Masoori,2807.09,3165.45,2986.27,240
2026-08-20,Rajasthan,Jaipur,Jaipur Mandi,Rice,Sona Masoori,2807.42,3165.82,2986.62,240
2026-08-21,Rajasthan,Jaipur,Jaipur Mandi,Rice,Sona Masoori,2821.3,3181.46,3001.38,240
2026-08-22,Rajasthan,Jaipur,Jaipur Mandi,Rice,Sona Masoori,2820.77,3180.87,3000.82,240
2026-08-23,Rajasthan,Jaipur,Jaipur Mandi,Rice,Sona Masoori,2831.83,3193.35,3012.59,240
2026-08-24,Rajasthan,Jaipur,Jaipur Mandi,Rice,Sona Masoori,2834.73,3196.61,3015.67,240
2026-08-25,Rajasthan,Jaipur,Jaipur Mandi,Rice,Sona Masoori,2828.16,3189.2,3008.68,240
2026-08-26,Rajasthan,Jaipur,Jaipur Mandi,Rice,Sona Masoori,2829.17,3190.35,3009.76,240
2026-08-27,Rajasthan,Jaipur,Jaipur Mandi,Rice,Sona Masoori,2828.44,3189.52,3008.98,240
2026-08-28,Rajasthan,Jaipur,Jaipur Mandi,Rice,Sona Masoori,2821.03,3181.17,3001.1,240
2026-08-29,Rajasthan,Jaipur,Jaipur Mandi,Rice,Sona Masoori,2823.59,3184.05,3003.82,240
2026-08-30,Rajasthan,Jaipur,Jaipur Mandi,Rice,Sona Masoori,2823.83,3184.31,3004.07,240
2026-08-31,Rajasthan,Jaipur,Jaipur Mandi,Rice,Sona Masoori,2827.76,3188.74,3008.25,240
2026-09-01,Rajasthan,Jaipur,Jaipur Mandi,Rice,Sona Masoori,2829.17,3190.35,3009.76,240
2026-09-02,Rajasthan,Jaipur,Jaipur Mandi,Rice,Sona Masoori,2824.76,3185.36,3005.06,240
2026-09-03,Rajasthan,Jaipur,Jaipur Mandi,Rice,Sona Masoori,2830.14,3191.44,3010.79,240
2026-09-04,Rajasthan,Jaipur,Jaipur Mandi,Rice,Sona Masoori,2825.91,3186.67,3006.29,240
2026-09-05,Rajasthan,Jaipur,Jaipur Mandi,Rice,Sona Masoori,2804.58,3162.62,2983.6,240
2026-09-06,Rajasthan,Jaipur,Jaipur Mandi,Rice,Sona Masoori,2805.55,3163.71,2984.63,240
2026-09-07,Rajasthan,Jaipur,Jaipur Mandi,Rice,Sona Masoori,2801.8,3159.48,2980.64,240
2026-09-08,Rajasthan,Jaipur,Jaipur Mandi,Rice,Sona Masoori,2804.53,3162.55,2983.54,240
2026-09-09,Rajasthan,Jaipur,Jaipur Mandi,Rice,Sona Masoori,2818.42,3178.22,2998.32,240
2026-09-10,Rajasthan,Jaipur,Jaipur Mandi,Rice,Sona Masoori,2832.52,3194.12,3013.32,240
2026-05-14,Uttar Pradesh,Kanpur Nagar,Kanpur Mandi,Rice,Basmati,2826.54,3187.38,3006.96,130
2026-05-15,Uttar Pradesh,Kanpur Nagar,Kanpur Mandi,Rice,Basmati,2829.23,3190.41,3009.82,130
2026-05-16,Uttar Pradesh,Kanpur Nagar,Kanpur Mandi,Rice,Basmati,2824.93,3185.55,3005.24,130
2026-05-17,Uttar Pradesh,Kanpur Nagar,Kanpur Mandi,Rice,Basmati,2827.39,3188.33,3007.86,130
2026-05-18,Uttar Pradesh,Kanpur Nagar,Kanpur Mandi,Rice,Basmati,2821.12,3181.26,3001.19,130
2026-05-19,Uttar Pradesh,Kanpur Nagar,Kanpur Mandi,Rice,Basmati,2827.88,3188.88,3008.38,130
2026-05-20,Uttar Pradesh,Kanpur Nagar,Kanpur Mandi,Rice,Basmati,2818.11,3177.87,2997.99,130
2026-05-21,Uttar Pradesh,Kanpur Nagar,Kanpur Mandi,Rice,Basmati,2826.81,3187.67,3007.24,130
2026-05-22,Uttar Pradesh,Kanpur Nagar,Kanpur Mandi,Rice,Basmati,2829.16,3190.32,3009.74,130
2026-05-23,Uttar Pradesh,Kanpur Nagar,Kanpur Mandi,Rice,Basmati,2828.07,3189.11,3008.59,130
2026-05-24,Uttar Pradesh,Kanpur Nagar,Kanpur Mandi,Rice,Basmati,2833.55,3195.27,3014.41,130
2026-05-25,Uttar Pradesh,Kanpur Nagar,Kanpur Mandi,Rice,Basmati,2837.23,3199.43,3018.33,130
2026-05-26,Uttar Pradesh,Kanpur Nagar,Kanpur Mandi,Rice,Basmati,2846.69,3210.09,3028.39,130
2026-05-27,Uttar Pradesh,Kanpur Nagar,Kanpur Mandi,Rice,Basmati,2856.09,3220.69,3038.39,130
2026-05-28,Uttar Pradesh,Kanpur Nagar,Kanpur Mandi,Rice,Basmati,2858.65,3223.59,3041.12,130
2026-05-29,Uttar Pradesh,Kanpur Nagar,Kanpur Mandi,Rice,Basmati,2852.59,3216.75,3034.67,130
2026-05-30,Uttar Pradesh,Kanpur Nagar,Kanpur Mandi,Rice,Basmati,2848.86,3212.54,3030.7,130
2026-05-31,Uttar Pradesh,Kanpur Nagar,Kanpur Mandi,Rice,Basmati,2848.43,3212.07,3030.25,130
2026-06-01,Uttar Pradesh,Kanpur Nagar,Kanpur Mandi,Rice,Basmati,2856.14,3220.76,3038.45,130
2026-06-02,Uttar Pradesh,Kanpur Nagar,Kanpur Mandi,Rice,Basmati,2853.01,3217.23,3035.12,130
2026-06-03,Uttar Pradesh,Kanpur Nagar,Kanpur Mandi,Rice,Basmati,2850.47,3214.37,3032.42,130
2026-06-04,Uttar Pradesh,Kanpur Nagar,Kanpur Mandi,Rice,Basmati,2863.58,3229.14,3046.36,130
2026-06-05,Uttar Pradesh,Kanpur Nagar,Kanpur Mandi,Rice,Basmati,2862.93,3228.41,3045.67,130
2026-06-06,Uttar Pradesh,Kanpur Nagar,Kanpur Mandi,Rice,Basmati,2858.54,3223.46,3041.0,130
2026-06-07,Uttar Pradesh,Kanpur Nagar,Kanpur Mandi,Rice,Basmati,2864.1,3229.72,3046.91,130
2026-06-08,Uttar Pradesh,Kanpur Nagar,Kanpur Mandi,Rice,Basmati,2863.79,3229.37,3046.58,130
2026-06-09,Uttar Pradesh,Kanpur Nagar,Kanpur Mandi,Rice,Basmati,2854.08,3218.44,3036.26,130
2026-06-10,Uttar Pradesh,Kanpur Nagar,Kanpur Mandi,Rice,Basmati,2861.5,3226.8,3044.15,130
2026-06-11,Uttar Pradesh,Kanpur Nagar,Kanpur Mandi,Rice,Basmati,2856.32,3220.96,3038.64,130
2026-06-12,Uttar Pradesh,Kanpur Nagar,Kanpur Mandi,Rice,Basmati,2856.72,3221.4,3039.06,130
2026-06-13,Uttar Pradesh,Kanpur Nagar,Kanpur Mandi,Rice,Basmati,2856.31,3220.95,3038.63,130
2026-06-14,Uttar Pradesh,Kanpur Nagar,Kanpur Mandi,Rice,Basmati,2858.02,3222.88,3040.45,130
2026-06-15,Uttar Pradesh,Kanpur Nagar,Kanpur Mandi,Rice,Basmati,2842.66,3205.56,3024.11,130
2026-06-16,Uttar Pradesh,Kanpur Nagar,Kanpur Mandi,Rice,Basmati,2840.39,3202.99,3021.69,130
2026-06-17,Uttar Pradesh,Kanpur Nagar,Kanpur Mandi,Rice,Basmati,2848.4,3212.02,3030.21,130
2026-06-18,Uttar Pradesh,Kanpur Nagar,Kanpur Mandi,Rice,Basmati,2857.4,3222.18,3039.79,130
2026-06-19,Uttar Pradesh,Kanpur Nagar,Kanpur Mandi,Rice,Basmati,2850.5,3214.4,3032.45,130
2026-06-20,Uttar Pradesh,Kanpur Nagar,Kanpur Mandi,Rice,Basmati,2857.07,3221.81,3039.44,130
2026-06-21,Uttar Pradesh,Kanpur Nagar,Kanpur Mandi,Rice,Basmati,2851.79,3215.85,3033.82,130
2026-06-22,Uttar Pradesh,Kanpur Nagar,Kanpur Mandi,Rice,Basmati,2849.24,3212.98,3031.11,130
2026-06-23,Uttar Pradesh,Kanpur Nagar,Kanpur Mandi,Rice,Basmati,2847.05,3210.51,3028.78,130
2026-06-24,Uttar Pradesh,Kanpur Nagar,Kanpur Mandi,Rice,Basmati,2847.91,3211.47,3029.69,130
2026-06-25,Uttar Pradesh,Kanpur Nagar,Kanpur Mandi,Rice,Basmati,2855.04,3219.52,3037.28,130
2026-06-26,Uttar Pradesh,Kanpur Nagar,Kanpur Mandi,Rice,Basmati,2857.0,3221.72,3039.36,130
2026-06-27,Uttar Pradesh,Kanpur Nagar,Kanpur Mandi,Rice,Basmati,2856.19,3220.81,3038.5,130
2026-06-28,Uttar Pradesh,Kanpur Nagar,Kanpur Mandi,Rice,Basmati,2863.09,3228.59,3045.84,130
2026-06-29,Uttar Pradesh,Kanpur Nagar,Kanpur Mandi,Rice,Basmati,2857.52,3222.32,3039.92,130
2026-06-30,Uttar Pradesh,Kanpur Nagar,Kanpur Mandi,Rice,Basmati,2857.06,3221.8,3039.43,130
2026-07-01,Uttar Pradesh,Kanpur Nagar,Kanpur Mandi,Rice,Basmati,2864.16,3229.8,3046.98,130
2026-07-02,Uttar Pradesh,Kanpur Nagar,Kanpur Mandi,Rice,Basmati,2867.98,3234.1,3051.04,130
2026-07-03,Uttar Pradesh,Kanpur Nagar,Kanpur Mandi,Rice,Basmati,2864.77,3230.49,3047.63,130
2026-07-04,Uttar Pradesh,Kanpur Nagar,Kanpur Mandi,Rice,Basmati,2854.2,3218.56,3036.38,130
2026-07-05,Uttar Pradesh,Kanpur Nagar,Kanpur Mandi,Rice,Basmati,2856.47,3221.13,3038.8,130
2026-07-06,Uttar Pradesh,Kanpur Nagar,Kanpur Mandi,Rice,Basmati,2845.44,3208.68,3027.06,130
2026-07-07,Uttar Pradesh,Kanpur Nagar,Kanpur Mandi,Rice,Basmati,2844.02,3207.08,3025.55,130
2026-07-08,Uttar Pradesh,Kanpur Nagar,Kanpur Mandi,Rice,Basmati,2852.41,3216.55,3034.48,130
2026-07-09,Uttar Pradesh,Kanpur Nagar,Kanpur Mandi,Rice,Basmati,2856.71,3221.39,3039.05,130
2026-07-10,Uttar Pradesh,Kanpur Nagar,Kanpur Mandi,Rice,Basmati,2842.53,3205.41,3023.97,130
2026-07-11,Uttar Pradesh,Kanpur Nagar,Kanpur Mandi,Rice,Basmati,2844.03,3207.09,3025.56,130
2026-07-12,Uttar Pradesh,Kanpur Nagar,Kanpur Mandi,Rice,Basmati,2841.86,3204.66,3023.26,130
2026-07-13,Uttar Pradesh,Kanpur Nagar,Kanpur Mandi,Rice,Basmati,2832.97,3194.63,3013.8,130
2026-07-14,Uttar Pradesh,Kanpur Nagar,Kanpur Mandi,Rice,Basmati,2835.42,3197.38,3016.4,130
2026-07-15,Uttar Pradesh,Kanpur Nagar,Kanpur Mandi,Rice,Basmati,2832.03,3193.57,3012.8,130
2026-07-16,Uttar Pradesh,Kanpur Nagar,Kanpur Mandi,Rice,Basmati,2828.7,3189.8,3009.25,130
2026-07-17,Uttar Pradesh,Kanpur Nagar,Kanpur Mandi,Rice,Basmati,2829.65,3190.89,3010.27,130
2026-07-18,Uttar Pradesh,Kanpur Nagar,Kanpur Mandi,Rice,Basmati,2825.33,3186.01,3005.67,130
2026-07-19,Uttar Pradesh,Kanpur Nagar,Kanpur Mandi,Rice,Basmati,2826.09,3186.87,3006.48,130
2026-07-20,Uttar Pradesh,Kanpur Nagar,Kanpur Mandi,Rice,Basmati,2821.99,3182.25,3002.12,130
2026-07-21,Uttar Pradesh,Kanpur Nagar,Kanpur Mandi,Rice,Basmati,2818.29,3178.07,2998.18,130
2026-07-22,Uttar Pradesh,Kanpur Nagar,Kanpur Mandi,Rice,Basmati,2825.37,3186.05,3005.71,130
2026-07-23,Uttar Pradesh,Kanpur Nagar,Kanpur Mandi,Rice,Basmati,2833.16,3194.84,3014.0,130
2026-07-24,Uttar Pradesh,Kanpur Nagar,Kanpur Mandi,Rice,Basmati,2821.21,3181.37,3001.29,130
2026-07-25,Uttar Pradesh,Kanpur Nagar,Kanpur Mandi,Rice,Basmati,2826.56,3187.4,3006.98,130
2026-07-26,Uttar Pradesh,Kanpur Nagar,Kanpur Mandi,Rice,Basmati,2836.5,3198.6,3017.55,130
2026-07-27,Uttar Pradesh,Kanpur Nagar,Kanpur Mandi,Rice,Basmati,2847.55,3211.07,3029.31,130
2026-07-28,Uttar Pradesh,Kanpur Nagar,Kanpur Mandi,Rice,Basmati,2851.3,3215.3,3033.3,130
2026-07-29,Uttar Pradesh,Kanpur Nagar,Kanpur Mandi,Rice,Basmati,2843.94,3207.0,3025.47,130
2026-07-30,Uttar Pradesh,Kanpur Nagar,Kanpur Mandi,Rice,Basmati,2848.46,3212.1,3030.28,130
2026-07-31,Uttar Pradesh,Kanpur Nagar,Kanpur Mandi,Rice,Basmati,2842.42,3205.28,3023.85,130
2026-08-01,Uttar Pradesh,Kanpur Nagar,Kanpur Mandi,Rice,Basmati,2840.09,3202.65,3021.37,130
2026-08-02,Uttar Pradesh,Kanpur Nagar,Kanpur Mandi,Rice,Basmati,2842.88,3205.8,3024.34,130
2026-08-03,Uttar Pradesh,Kanpur Nagar,Kanpur Mandi,Rice,Basmati,2837.29,3199.49,3018.39,130
2026-08-04,Uttar Pradesh,Kanpur Nagar,Kanpur Mandi,Rice,Basmati,2829.3,3190.48,3009.89,130
2026-08-05,Uttar Pradesh,Kanpur Nagar,Kanpur Mandi,Rice,Basmati,2832.66,3194.28,3013.47,130
2026-08-06,Uttar Pradesh,Kanpur Nagar,Kanpur Mandi,Rice,Basmati,2845.91,3209.21,3027.56,130
2026-08-07,Uttar Pradesh,Kanpur Nagar,Kanpur Mandi,Rice,Basmati,2854.75,3219.19,3036.97,130
2026-08-08,Uttar Pradesh,Kanpur Nagar,Kanpur Mandi,Rice,Basmati,2859.82,3224.9,3042.36,130
2026-08-09,Uttar Pradesh,Kanpur Nagar,Kanpur Mandi,Rice,Basmati,2866.8,3232.78,3049.79,130
2026-08-10,Uttar Pradesh,Kanpur Nagar,Kanpur Mandi,Rice,Basmati,2871.38,3237.94,3054.66,130
2026-08-11,Uttar Pradesh,Kanpur Nagar,Kanpur Mandi,Rice,Basmati,2874.63,3241.61,3058.12,130
2026-08-12,Uttar Pradesh,Kanpur Nagar,Kanpur Mandi,Rice,Basmati,2881.05,3248.85,3064.95,130
2026-08-13,Uttar Pradesh,Kanpur Nagar,Kanpur Mandi,Rice,Basmati,2871.49,3238.07,3054.78,130
2026-08-14,Uttar Pradesh,Kanpur Nagar,Kanpur Mandi,Rice,Basmati,2872.98,3239.74,3056.36,130
2026-08-15,Uttar Pradesh,Kanpur Nagar,Kanpur Mandi,Rice,Basmati,2872.5,3239.2,3055.85,130
2026-08-16,Uttar Pradesh,Kanpur Nagar,Kanpur Mandi,Rice,Basmati,2873.14,3239.92,3056.53,130
2026-08-17,Uttar Pradesh,Kanpur Nagar,Kanpur Mandi,Rice,Basmati,2869.97,3236.35,3053.16,130
2026-08-18,Uttar Pradesh,Kanpur Nagar,Kanpur Mandi,Rice,Basmati,2873.72,3240.58,3057.15,130
2026-08-19,Uttar Pradesh,Kanpur Nagar,Kanpur Mandi,Rice,Basmati,2868.04,3234.18,3051.11,130
2026-08-20,Uttar Pradesh,Kanpur Nagar,Kanpur Mandi,Rice,Basmati,2864.37,3230.03,3047.2,130
2026-08-21,Uttar Pradesh,Kanpur Nagar,Kanpur Mandi,Rice,Basmati,2859.85,3224.93,3042.39,130
2026-08-22,Uttar Pradesh,Kanpur Nagar,Kanpur Mandi,Rice,Basmati,2866.01,3231.89,3048.95,130
2026-08-23,Uttar Pradesh,Kanpur Nagar,Kanpur Mandi,Rice,Basmati,2866.02,3231.9,3048.96,130
2026-08-24,Uttar Pradesh,Kanpur Nagar,Kanpur Mandi,Rice,Basmati,2862.85,3228.33,3045.59,130
2026-08-25,Uttar Pradesh,Kanpur Nagar,Kanpur Mandi,Rice,Basmati,2860.31,3225.45,3042.88,130
2026-08-26,Uttar Pradesh,Kanpur Nagar,Kanpur Mandi,Rice,Basmati,2860.42,3225.58,3043.0,130
2026-08-27,Uttar Pradesh,Kanpur Nagar,Kanpur Mandi,Rice,Basmati,2871.93,3238.57,3055.25,130
2026-08-28,Uttar Pradesh,Kanpur Nagar,Kanpur Mandi,Rice,Basmati,2863.31,3228.83,3046.07,130
2026-08-29,Uttar Pradesh,Kanpur Nagar,Kanpur Mandi,Rice,Basmati,2868.16,3234.3,3051.23,130
2026-08-30,Uttar Pradesh,Kanpur Nagar,Kanpur Mandi,Rice,Basmati,2871.56,3238.14,3054.85,130
2026-08-31,Uttar Pradesh,Kanpur Nagar,Kanpur Mandi,Rice,Basmati,2865.42,3231.22,3048.32,130
2026-09-01,Uttar Pradesh,Kanpur Nagar,Kanpur Mandi,Rice,Basmati,2875.85,3242.97,3059.41,130
2026-09-02,Uttar Pradesh,Kanpur Nagar,Kanpur Mandi,Rice,Basmati,2879.73,3247.35,3063.54,130
2026-09-03,Uttar Pradesh,Kanpur Nagar,Kanpur Mandi,Rice,Basmati,2876.24,3243.42,3059.83,130
2026-09-04,Uttar Pradesh,Kanpur Nagar,Kanpur Mandi,Rice,Basmati,2863.22,3228.74,3045.98,130
2026-09-05,Uttar Pradesh,Kanpur Nagar,Kanpur Mandi,Rice,Basmati,2864.92,3230.66,3047.79,130
2026-09-06,Uttar Pradesh,Kanpur Nagar,Kanpur Mandi,Rice,Basmati,2864.69,3230.39,3047.54,130
2026-09-07,Uttar Pradesh,Kanpur Nagar,Kanpur Mandi,Rice,Basmati,2857.51,3222.29,3039.9,130
2026-09-08,Uttar Pradesh,Kanpur Nagar,Kanpur Mandi,Rice,Basmati,2850.24,3214.1,3032.17,130
2026-09-09,Uttar Pradesh,Kanpur Nagar,Kanpur Mandi,Rice,Basmati,2856.44,3221.1,3038.77,130
2026-09-10,Uttar Pradesh,Kanpur Nagar,Kanpur Mandi,Rice,Basmati,2842.75,3205.65,3024.2,130
2026-05-14,Uttar Pradesh,Lucknow,Lucknow Mandi,Rice,Common,2526.42,2848.94,2687.68,210
2026-05-15,Uttar Pradesh,Lucknow,Lucknow Mandi,Rice,Common,2528.89,2851.73,2690.31,210
2026-05-16,Uttar Pradesh,Lucknow,Lucknow Mandi,Rice,Common,2533.34,2856.74,2695.04,210
2026-05-17,Uttar Pradesh,Lucknow,Lucknow Mandi,Rice,Common,2535.09,2858.71,2696.9,210
2026-05-18,Uttar Pradesh,Lucknow,Lucknow Mandi,Rice,Common,2539.32,2863.48,2701.4,210
2026-05-19,Uttar Pradesh,Lucknow,Lucknow Mandi,Rice,Common,2538.96,2863.08,2701.02,210
2026-05-20,Uttar Pradesh,Lucknow,Lucknow Mandi,Rice,Common,2531.53,2854.71,2693.12,210
2026-05-21,Uttar Pradesh,Lucknow,Lucknow Mandi,Rice,Common,2538.29,2862.33,2700.31,210
2026-05-22,Uttar Pradesh,Lucknow,Lucknow Mandi,Rice,Common,2534.64,2858.22,2696.43,210
2026-05-23,Uttar Pradesh,Lucknow,Lucknow Mandi,Rice,Common,2528.81,2851.63,2690.22,210
2026-05-24,Uttar Pradesh,Lucknow,Lucknow Mandi,Rice,Common,2527.76,2850.46,2689.11,210
2026-05-25,Uttar Pradesh,Lucknow,Lucknow Mandi,Rice,Common,2522.07,2844.03,2683.05,210
2026-05-26,Uttar Pradesh,Lucknow,Lucknow Mandi,Rice,Common,2519.51,2841.15,2680.33,210
2026-05-27,Uttar Pradesh,Lucknow,Lucknow Mandi,Rice,Common,2521.76,2843.68,2682.72,210
2026-05-28,Uttar Pradesh,Lucknow,Lucknow Mandi,Rice,Common,2524.03,2846.25,2685.14,210
2026-05-29,Uttar Pradesh,Lucknow,Lucknow Mandi,Rice,Common,2518.44,2839.94,2679.19,210
2026-05-30,Uttar Pradesh,Lucknow,Lucknow Mandi,Rice,Common,2515.43,2836.55,2675.99,210
2026-05-31,Uttar Pradesh,Lucknow,Lucknow Mandi,Rice,Common,2522.29,2844.29,2683.29,210
2026-06-01,Uttar Pradesh,Lucknow,Lucknow Mandi,Rice,Common,2525.51,2847.91,2686.71,210
2026-06-02,Uttar Pradesh,Lucknow,Lucknow Mandi,Rice,Common,2538.7,2862.78,2700.74,210
2026-06-03,Uttar Pradesh,Lucknow,Lucknow Mandi,Rice,Common,2546.22,2871.28,2708.75,210
2026-06-04,Uttar Pradesh,Lucknow,Lucknow Mandi,Rice,Common,2553.54,2879.52,2716.53,210
2026-06-05,Uttar Pradesh,Lucknow,Lucknow Mandi,Rice,Common,2544.84,2869.72,2707.28,210
2026-06-06,Uttar Pradesh,Lucknow,Lucknow Mandi,Rice,Common,2549.74,2875.24,2712.49,210
2026-06-07,Uttar Pradesh,Lucknow,Lucknow Mandi,Rice,Common,2549.49,2874.95,2712.22,210
2026-06-08,Uttar Pradesh,Lucknow,Lucknow Mandi,Rice,Common,2546.07,2871.11,2708.59,210
2026-06-09,Uttar Pradesh,Lucknow,Lucknow Mandi,Rice,Common,2547.21,2872.39,2709.8,210
2026-06-10,Uttar Pradesh,Lucknow,Lucknow Mandi,Rice,Common,2553.27,2879.21,2716.24,210
2026-06-11,Uttar Pradesh,Lucknow,Lucknow Mandi,Rice,Common,2556.51,2882.87,2719.69,210
2026-06-12,Uttar Pradesh,Lucknow,Lucknow Mandi,Rice,Common,2551.03,2876.69,2713.86,210
2026-06-13,Uttar Pradesh,Lucknow,Lucknow Mandi,Rice,Common,2555.79,2882.07,2718.93,210
2026-06-14,Uttar Pradesh,Lucknow,Lucknow Mandi,Rice,Common,2551.85,2877.61,2714.73,210
2026-06-15,Uttar Pradesh,Lucknow,Lucknow Mandi,Rice,Common,2553.29,2879.25,2716.27,210
2026-06-16,Uttar Pradesh,Lucknow,Lucknow Mandi,Rice,Common,2551.45,2877.17,2714.31,210
2026-06-17,Uttar Pradesh,Lucknow,Lucknow Mandi,Rice,Common,2550.14,2875.7,2712.92,210
2026-06-18,Uttar Pradesh,Lucknow,Lucknow Mandi,Rice,Common,2555.06,2881.24,2718.15,210
2026-06-19,Uttar Pradesh,Lucknow,Lucknow Mandi,Rice,Common,2548.57,2873.91,2711.24,210
2026-06-20,Uttar Pradesh,Lucknow,Lucknow Mandi,Rice,Common,2560.93,2887.85,2724.39,210
2026-06-21,Uttar Pradesh,Lucknow,Lucknow Mandi,Rice,Common,2549.5,2874.96,2712.23,210
2026-06-22,Uttar Pradesh,Lucknow,Lucknow Mandi,Rice,Common,2545.79,2870.79,2708.29,210
2026-06-23,Uttar Pradesh,Lucknow,Lucknow Mandi,Rice,Common,2548.21,2873.51,2710.86,210
2026-06-24,Uttar Pradesh,Lucknow,Lucknow Mandi,Rice,Common,2551.98,2877.76,2714.87,210
2026-06-25,Uttar Pradesh,Lucknow,Lucknow Mandi,Rice,Common,2551.42,2877.14,2714.28,210
2026-06-26,Uttar Pradesh,Lucknow,Lucknow Mandi,Rice,Common,2551.13,2876.81,2713.97,210
2026-06-27,Uttar Pradesh,Lucknow,Lucknow Mandi,Rice,Common,2553.8,2879.82,2716.81,210
2026-06-28,Uttar Pradesh,Lucknow,Lucknow Mandi,Rice,Common,2552.42,2878.26,2715.34,210
2026-06-29,Uttar Pradesh,Lucknow,Lucknow Mandi,Rice,Common,2561.3,2888.28,2724.79,210
2026-06-30,Uttar Pradesh,Lucknow,Lucknow Mandi,Rice,Common,2566.68,2894.34,2730.51,210
2026-07-01,Uttar Pradesh,Lucknow,Lucknow Mandi,Rice,Common,2572.27,2900.65,2736.46,210
2026-07-02,Uttar Pradesh,Lucknow,Lucknow Mandi,Rice,Common,2566.24,2893.84,2730.04,210
2026-07-03,Uttar Pradesh,Lucknow,Lucknow Mandi,Rice,Common,2565.81,2893.37,2729.59,210
2026-07-04,Uttar Pradesh,Lucknow,Lucknow Mandi,Rice,Common,2563.99,2891.31,2727.65,210
2026-07-05,Uttar Pradesh,Lucknow,Lucknow Mandi,Rice,Common,2557.71,2884.23,2720.97,210
2026-07-06,Uttar Pradesh,Lucknow,Lucknow Mandi,Rice,Common,2560.06,2886.88,2723.47,210
2026-07-07,Uttar Pradesh,Lucknow,Lucknow Mandi,Rice,Common,2556.74,2883.14,2719.94,210
2026-07-08,Uttar Pradesh,Lucknow,Lucknow Mandi,Rice,Common,2560.96,2887.9,2724.43,210
2026-07-09,Uttar Pradesh,Lucknow,Lucknow Mandi,Rice,Common,2554.27,2880.35,2717.31,210
2026-07-10,Uttar Pradesh,Lucknow,Lucknow Mandi,Rice,Common,2565.21,2892.69,2728.95,210
2026-07-11,Uttar Pradesh,Lucknow,Lucknow Mandi,Rice,Common,2559.63,2886.39,2723.01,210
2026-07-12,Uttar Pradesh,Lucknow,Lucknow Mandi,Rice,Common,2561.09,2888.03,2724.56,210
2026-07-13,Uttar Pradesh,Lucknow,Lucknow Mandi,Rice,Common,2566.16,2893.76,2729.96,210
2026-07-14,Uttar Pradesh,Lucknow,Lucknow Mandi,Rice,Common,2562.64,2889.78,2726.21,210
2026-07-15,Uttar Pradesh,Lucknow,Lucknow Mandi,Rice,Common,2568.1,2895.94,2732.02,210
2026-07-16,Uttar Pradesh,Lucknow,Lucknow Mandi,Rice,Common,2560.41,2887.27,2723.84,210
2026-07-17,Uttar Pradesh,Lucknow,Lucknow Mandi,Rice,Common,2569.66,2897.7,2733.68,210
2026-07-18,Uttar Pradesh,Lucknow,Lucknow Mandi,Rice,Common,2569.83,2897.89,2733.86,210
2026-07-19,Uttar Pradesh,Lucknow,Lucknow Mandi,Rice,Common,2566.13,2893.73,2729.93,210
2026-07-20,Uttar Pradesh,Lucknow,Lucknow Mandi,Rice,Common,2564.32,2891.68,2728.0,210
2026-07-21,Uttar Pradesh,Lucknow,Lucknow Mandi,Rice,Common,2569.51,2897.53,2733.52,210
2026-07-22,Uttar Pradesh,Lucknow,Lucknow Mandi,Rice,Common,2565.89,2893.45,2729.67,210
2026-07-23,Uttar Pradesh,Lucknow,Lucknow Mandi,Rice,Common,2561.23,2888.19,2724.71,210
2026-07-24,Uttar Pradesh,Lucknow,Lucknow Mandi,Rice,Common,2559.9,2886.7,2723.3,210
2026-07-25,Uttar Pradesh,Lucknow,Lucknow Mandi,Rice,Common,2552.54,2878.4,2715.47,210
2026-07-26,Uttar Pradesh,Lucknow,Lucknow Mandi,Rice,Common,2564.12,2891.46,2727.79,210
2026-07-27,Uttar Pradesh,Lucknow,Lucknow Mandi,Rice,Common,2560.62,2887.5,2724.06,210
2026-07-28,Uttar Pradesh,Lucknow,Lucknow Mandi,Rice,Common,2565.95,2893.51,2729.73,210
2026-07-29,Uttar Pradesh,Lucknow,Lucknow Mandi,Rice,Common,2567.35,2895.09,2731.22,210
2026-07-30,Uttar Pradesh,Lucknow,Lucknow Mandi,Rice,Common,2561.2,2888.16,2724.68,210
2026-07-31,Uttar Pradesh,Lucknow,Lucknow Mandi,Rice,Common,2561.25,2888.21,2724.73,210
2026-08-01,Uttar Pradesh,Lucknow,Lucknow Mandi,Rice,Common,2566.28,2893.88,2730.08,210
2026-08-02,Uttar Pradesh,Lucknow,Lucknow Mandi,Rice,Common,2565.16,2892.62,2728.89,210
2026-08-03,Uttar Pradesh,Lucknow,Lucknow Mandi,Rice,Common,2572.77,2901.21,2736.99,210
2026-08-04,Uttar Pradesh,Lucknow,Lucknow Mandi,Rice,Common,2579.3,2908.58,2743.94,210
2026-08-05,Uttar Pradesh,Lucknow,Lucknow Mandi,Rice,Common,2585.19,2915.21,2750.2,210
2026-08-06,Uttar Pradesh,Lucknow,Lucknow Mandi,Rice,Common,2582.36,2912.02,2747.19,210
2026-08-07,Uttar Pradesh,Lucknow,Lucknow Mandi,Rice,Common,2575.61,2904.41,2740.01,210
2026-08-08,Uttar Pradesh,Lucknow,Lucknow Mandi,Rice,Common,2571.81,2900.13,2735.97,210
2026-08-09,Uttar Pradesh,Lucknow,Lucknow Mandi,Rice,Common,2573.13,2901.61,2737.37,210
2026-08-10,Uttar Pradesh,Lucknow,Lucknow Mandi,Rice,Common,2576.65,2905.59,2741.12,210
2026-08-11,Uttar Pradesh,Lucknow,Lucknow Mandi,Rice,Common,2563.0,2890.2,2726.6,210
2026-08-12,Uttar Pradesh,Lucknow,Lucknow Mandi,Rice,Common,2563.02,2890.22,2726.62,210
2026-08-13,Uttar Pradesh,Lucknow,Lucknow Mandi,Rice,Common,2564.1,2891.44,2727.77,210
2026-08-14,Uttar Pradesh,Lucknow,Lucknow Mandi,Rice,Common,2562.42,2889.54,2725.98,210
2026-08-15,Uttar Pradesh,Lucknow,Lucknow Mandi,Rice,Common,2570.66,2898.82,2734.74,210
2026-08-16,Uttar Pradesh,Lucknow,Lucknow Mandi,Rice,Common,2573.4,2901.92,2737.66,210
2026-08-17,Uttar Pradesh,Lucknow,Lucknow Mandi,Rice,Common,2581.76,2911.34,2746.55,210
2026-08-18,Uttar Pradesh,Lucknow,Lucknow Mandi,Rice,Common,2580.47,2909.89,2745.18,210
2026-08-19,Uttar Pradesh,Lucknow,Lucknow Mandi,Rice,Common,2586.47,2916.65,2751.56,210
2026-08-20,Uttar Pradesh,Lucknow,Lucknow Mandi,Rice,Common,2596.87,2928.39,2762.63,210
2026-08-21,Uttar Pradesh,Lucknow,Lucknow Mandi,Rice,Common,2605.24,2937.82,2771.53,210
2026-08-22,Uttar Pradesh,Lucknow,Lucknow Mandi,Rice,Common,2598.41,2930.13,2764.27,210
2026-08-23,Uttar Pradesh,Lucknow,Lucknow Mandi,Rice,Common,2596.89,2928.41,2762.65,210
2026-08-24,Uttar Pradesh,Lucknow,Lucknow Mandi,Rice,Common,2594.79,2926.03,2760.41,210
2026-08-25,Uttar Pradesh,Lucknow,Lucknow Mandi,Rice,Common,2597.95,2929.61,2763.78,210
2026-08-26,Uttar Pradesh,Lucknow,Lucknow Mandi,Rice,Common,2602.36,2934.58,2768.47,210
2026-08-27,Uttar Pradesh,Lucknow,Lucknow Mandi,Rice,Common,2597.14,2928.68,2762.91,210
2026-08-28,Uttar Pradesh,Lucknow,Lucknow Mandi,Rice,Common,2597.64,2929.26,2763.45,210
2026-08-29,Uttar Pradesh,Lucknow,Lucknow Mandi,Rice,Common,2584.95,2914.95,2749.95,210
2026-08-30,Uttar Pradesh,Lucknow,Lucknow Mandi,Rice,Common,2594.14,2925.3,2759.72,210
2026-08-31,Uttar Pradesh,Lucknow,Lucknow Mandi,Rice,Common,2590.98,2921.74,2756.36,210
2026-09-01,Uttar Pradesh,Lucknow,Lucknow Mandi,Rice,Common,2591.41,2922.23,2756.82,210
2026-09-02,Uttar Pradesh,Lucknow,Lucknow Mandi,Rice,Common,2589.53,2920.11,2754.82,210
2026-09-03,Uttar Pradesh,Lucknow,Lucknow Mandi,Rice,Common,2596.84,2928.36,2762.6,210
2026-09-04,Uttar Pradesh,Lucknow,Lucknow Mandi,Rice,Common,2578.99,2908.23,2743.61,210
2026-09-05,Uttar Pradesh,Lucknow,Lucknow Mandi,Rice,Common,2578.97,2908.19,2743.58,210
2026-09-06,Uttar Pradesh,Lucknow,Lucknow Mandi,Rice,Common,2578.36,2907.52,2742.94,210
2026-09-07,Uttar Pradesh,Lucknow,Lucknow Mandi,Rice,Common,2575.58,2904.38,2739.98,210
2026-09-08,Uttar Pradesh,Lucknow,Lucknow Mandi,Rice,Common,2586.56,2916.76,2751.66,210
2026-09-09,Uttar Pradesh,Lucknow,Lucknow Mandi,Rice,Common,2581.03,2910.53,2745.78,210
2026-09-10,Uttar Pradesh,Lucknow,Lucknow Mandi,Rice,Common,2585.99,2916.11,2751.05,210
2026-05-14,Uttar Pradesh,Mathura,Mathura Mandi,Rice,Basmati,2635.66,2972.12,2803.89,55
2026-05-15,Uttar Pradesh,Mathura,Mathura Mandi,Rice,Basmati,2641.88,2979.14,2810.51,55
2026-05-16,Uttar Pradesh,Mathura,Mathura Mandi,Rice,Basmati,2641.09,2978.25,2809.67,55
2026-05-17,Uttar Pradesh,Mathura,Mathura Mandi,Rice,Basmati,2637.71,2974.43,2806.07,55
2026-05-18,Uttar Pradesh,Mathura,Mathura Mandi,Rice,Basmati,2628.8,2964.4,2796.6,55
2026-05-19,Uttar Pradesh,Mathura,Mathura Mandi,Rice,Basmati,2621.75,2956.45,2789.1,55
2026-05-20,Uttar Pradesh,Mathura,Mathura Mandi,Rice,Basmati,2608.47,2941.47,2774.97,55
2026-05-21,Uttar Pradesh,Mathura,Mathura Mandi,Rice,Basmati,2607.88,2940.8,2774.34,55
2026-05-22,Uttar Pradesh,Mathura,Mathura Mandi,Rice,Basmati,2604.01,2936.43,2770.22,55
2026-05-23,Uttar Pradesh,Mathura,Mathura Mandi,Rice,Basmati,2597.7,2929.32,2763.51,55
2026-05-24,Uttar Pradesh,Mathura,Mathura Mandi,Rice,Basmati,2597.33,2928.91,2763.12,55
2026-05-25,Uttar Pradesh,Mathura,Mathura Mandi,Rice,Basmati,2599.81,2931.71,2765.76,55
2026-05-26,Uttar Pradesh,Mathura,Mathura Mandi,Rice,Basmati,2613.73,2947.39,2780.56,55
2026-05-27,Uttar Pradesh,Mathura,Mathura Mandi,Rice,Basmati,2603.81,2936.21,2770.01,55
2026-05-28,Uttar Pradesh,Mathura,Mathura Mandi,Rice,Basmati,2611.55,2944.95,2778.25,55
2026-05-29,Uttar Pradesh,Mathura,Mathura Mandi,Rice,Basmati,2618.06,2952.28,2785.17,55
2026-05-30,Uttar Pradesh,Mathura,Mathura Mandi,Rice,Basmati,2612.99,2946.57,2779.78,55
2026-05-31,Uttar Pradesh,Mathura,Mathura Mandi,Rice,Basmati,2614.41,2948.17,2781.29,55
2026-06-01,Uttar Pradesh,Mathura,Mathura Mandi,Rice,Basmati,2611.47,2944.85,2778.16,55
2026-06-02,Uttar Pradesh,Mathura,Mathura Mandi,Rice,Basmati,2612.78,2946.32,2779.55,55
2026-06-03,Uttar Pradesh,Mathura,Mathura Mandi,Rice,Basmati,2622.83,2957.65,2790.24,55
2026-06-04,Uttar Pradesh,Mathura,Mathura Mandi,Rice,Basmati,2626.91,2962.25,2794.58,55
2026-06-05,Uttar Pradesh,Mathura,Mathura Mandi,Rice,Basmati,2630.35,2966.13,2798.24,55
2026-06-06,Uttar Pradesh,Mathura,Mathura Mandi,Rice,Basmati,2627.58,2963.02,2795.3,55
2026-06-07,Uttar Pradesh,Mathura,Mathura Mandi,Rice,Basmati,2617.86,2952.06,2784.96,55
2026-06-08,Uttar Pradesh,Mathura,Mathura Mandi,Rice,Basmati,2616.56,2950.58,2783.57,55
2026-06-09,Uttar Pradesh,Mathura,Mathura Mandi,Rice,Basmati,2624.61,2959.67,2792.14,55
2026-06-10,Uttar Pradesh,Mathura,Mathura Mandi,Rice,Basmati,2614.6,2948.38,2781.49,55
2026-06-11,Uttar Pradesh,Mathura,Mathura Mandi,Rice,Basmati,2607.71,2940.61,2774.16,55
2026-06-12,Uttar Pradesh,Mathura,Mathura Mandi,Rice,Basmati,2608.62,2941.64,2775.13,55
2026-06-13,Uttar Pradesh,Mathura,Mathura Mandi,Rice,Basmati,2602.19,2934.39,2768.29,55
2026-06-14,Uttar Pradesh,Mathura,Mathura Mandi,Rice,Basmati,2597.04,2928.58,2762.81,55
2026-06-15,Uttar Pradesh,Mathura,Mathura Mandi,Rice,Basmati,2594.32,2925.5,2759.91,55
2026-06-16,Uttar Pradesh,Mathura,Mathura Mandi,Rice,Basmati,2585.38,2915.42,2750.4,55
2026-06-17,Uttar Pradesh,Mathura,Mathura Mandi,Rice,Basmati,2579.02,2908.26,2743.64,55
2026-06-18,Uttar Pradesh,Mathura,Mathura Mandi,Rice,Basmati,2583.74,2913.58,2748.66,55
2026-06-19,Uttar Pradesh,Mathura,Mathura Mandi,Rice,Basmati,2575.19,2903.93,2739.56,55
2026-06-20,Uttar Pradesh,Mathura,Mathura Mandi,Rice,Basmati,2564.71,2892.11,2728.41,55
2026-06-21,Uttar Pradesh,Mathura,Mathura Mandi,Rice,Basmati,2560.63,2887.51,2724.07,55
2026-06-22,Uttar Pradesh,Mathura,Mathura Mandi,Rice,Basmati,2565.54,2893.06,2729.3,55
2026-06-23,Uttar Pradesh,Mathura,Mathura Mandi,Rice,Basmati,2564.32,2891.68,2728.0,55
2026-06-24,Uttar Pradesh,Mathura,Mathura Mandi,Rice,Basmati,2561.33,2888.31,2724.82,55
2026-06-25,Uttar Pradesh,Mathura,Mathura Mandi,Rice,Basmati,2561.7,2888.72,2725.21,55
2026-06-26,Uttar Pradesh,Mathura,Mathura Mandi,Rice,Basmati,2550.25,2875.81,2713.03,55
2026-06-27,Uttar Pradesh,Mathura,Mathura Mandi,Rice,Basmati,2553.59,2879.59,2716.59,55
2026-06-28,Uttar Pradesh,Mathura,Mathura Mandi,Rice,Basmati,2556.21,2882.53,2719.37,55
2026-06-29,Uttar Pradesh,Mathura,Mathura Mandi,Rice,Basmati,2553.58,2879.56,2716.57,55
2026-06-30,Uttar Pradesh,Mathura,Mathura Mandi,Rice,Basmati,2560.31,2887.15,2723.73,55
2026-07-01,Uttar Pradesh,Mathura,Mathura Mandi,Rice,Basmati,2552.94,2878.84,2715.89,55
2026-07-02,Uttar Pradesh,Mathura,Mathura Mandi,Rice,Basmati,2560.47,2887.33,2723.9,55
2026-07-03,Uttar Pradesh,Mathura,Mathura Mandi,Rice,Basmati,2561.57,2888.57,2725.07,55
2026-07-04,Uttar Pradesh,Mathura,Mathura Mandi,Rice,Basmati,2559.42,2886.16,2722.79,55
2026-07-05,Uttar Pradesh,Mathura,Mathura Mandi,Rice,Basmati,2559.37,2886.09,2722.73,55
2026-07-06,Uttar Pradesh,Mathura,Mathura Mandi,Rice,Basmati,2558.74,2885.38,2722.06,55
2026-07-07,Uttar Pradesh,Mathura,Mathura Mandi,Rice,Basmati,2566.89,2894.57,2730.73,55
2026-07-08,Uttar Pradesh,Mathura,Mathura Mandi,Rice,Basmati,2559.85,2886.63,2723.24,55
2026-07-09,Uttar Pradesh,Mathura,Mathura Mandi,Rice,Basmati,2554.89,2881.05,2717.97,55
2026-07-10,Uttar Pradesh,Mathura,Mathura Mandi,Rice,Basmati,2561.82,2888.86,2725.34,55
2026-07-11,Uttar Pradesh,Mathura,Mathura Mandi,Rice,Basmati,2557.96,2884.5,2721.23,55
2026-07-12,Uttar Pradesh,Mathura,Mathura Mandi,Rice,Basmati,2563.99,2891.31,2727.65,55
2026-07-13,Uttar Pradesh,Mathura,Mathura Mandi,Rice,Basmati,2575.3,2904.06,2739.68,55
2026-07-14,Uttar Pradesh,Mathura,Mathura Mandi,Rice,Basmati,2572.72,2901.16,2736.94,55
2026-07-15,Uttar Pradesh,Mathura,Mathura Mandi,Rice,Basmati,2577.3,2906.32,2741.81,55
2026-07-16,Uttar Pradesh,Mathura,Mathura Mandi,Rice,Basmati,2569.76,2897.82,2733.79,55
2026-07-17,Uttar Pradesh,Mathura,Mathura Mandi,Rice,Basmati,2574.83,2903.53,2739.18,55
2026-07-18,Uttar Pradesh,Mathura,Mathura Mandi,Rice,Basmati,2576.22,2905.1,2740.66,55
2026-07-19,Uttar Pradesh,Mathura,Mathura Mandi,Rice,Basmati,2579.43,2908.71,2744.07,55
2026-07-20,Uttar Pradesh,Mathura,Mathura Mandi,Rice,Basmati,2575.24,2904.0,2739.62,55
2026-07-21,Uttar Pradesh,Mathura,Mathura Mandi,Rice,Basmati,2564.35,2891.71,2728.03,55
2026-07-22,Uttar Pradesh,Mathura,Mathura Mandi,Rice,Basmati,2567.75,2895.55,2731.65,55
2026-07-23,Uttar Pradesh,Mathura,Mathura Mandi,Rice,Basmati,2554.2,2880.26,2717.23,55
2026-07-24,Uttar Pradesh,Mathura,Mathura Mandi,Rice,Basmati,2552.18,2877.98,2715.08,55
2026-07-25,Uttar Pradesh,Mathura,Mathura Mandi,Rice,Basmati,2558.47,2885.09,2721.78,55
2026-07-26,Uttar Pradesh,Mathura,Mathura Mandi,Rice,Basmati,2559.83,2886.61,2723.22,55
2026-07-27,Uttar Pradesh,Mathura,Mathura Mandi,Rice,Basmati,2572.78,2901.22,2737.0,55
2026-07-28,Uttar Pradesh,Mathura,Mathura Mandi,Rice,Basmati,2579.63,2908.95,2744.29,55
2026-07-29,Uttar Pradesh,Mathura,Mathura Mandi,Rice,Basmati,2575.38,2904.16,2739.77,55
2026-07-30,Uttar Pradesh,Mathura,Mathura Mandi,Rice,Basmati,2575.65,2904.45,2740.05,55
2026-07-31,Uttar Pradesh,Mathura,Mathura Mandi,Rice,Basmati,2575.41,2904.19,2739.8,55
2026-08-01,Uttar Pradesh,Mathura,Mathura Mandi,Rice,Basmati,2565.03,2892.49,2728.76,55
2026-08-02,Uttar Pradesh,Mathura,Mathura Mandi,Rice,Basmati,2558.91,2885.57,2722.24,55
2026-08-03,Uttar Pradesh,Mathura,Mathura Mandi,Rice,Basmati,2555.28,2881.48,2718.38,55
2026-08-04,Uttar Pradesh,Mathura,Mathura Mandi,Rice,Basmati,2541.9,2866.4,2704.15,55
2026-08-05,Uttar Pradesh,Mathura,Mathura Mandi,Rice,Basmati,2542.3,2866.84,2704.57,55
2026-08-06,Uttar Pradesh,Mathura,Mathura Mandi,Rice,Basmati,2540.73,2865.07,2702.9,55
2026-08-07,Uttar Pradesh,Mathura,Mathura Mandi,Rice,Basmati,2529.76,2852.7,2691.23,55
2026-08-08,Uttar Pradesh,Mathura,Mathura Mandi,Rice,Basmati,2532.5,2855.8,2694.15,55
2026-08-09,Uttar Pradesh,Mathura,Mathura Mandi,Rice,Basmati,2537.31,2861.23,2699.27,55
2026-08-10,Uttar Pradesh,Mathura,Mathura Mandi,Rice,Basmati,2538.89,2863.01,2700.95,55
2026-08-11,Uttar Pradesh,Mathura,Mathura Mandi,Rice,Basmati,2536.83,2860.69,2698.76,55
2026-08-12,Uttar Pradesh,Mathura,Mathura Mandi,Rice,Basmati,2540.82,2865.18,2703.0,55
2026-08-13,Uttar Pradesh,Mathura,Mathura Mandi,Rice,Basmati,2545.4,2870.34,2707.87,55
2026-08-14,Uttar Pradesh,Mathura,Mathura Mandi,Rice,Basmati,2547.5,2872.72,2710.11,55
2026-08-15,Uttar Pradesh,Mathura,Mathura Mandi,Rice,Basmati,2542.14,2866.66,2704.4,55
2026-08-16,Uttar Pradesh,Mathura,Mathura Mandi,Rice,Basmati,2544.04,2868.82,2706.43,55
2026-08-17,Uttar Pradesh,Mathura,Mathura Mandi,Rice,Basmati,2552.02,2877.8,2714.91,55
2026-08-18,Uttar Pradesh,Mathura,Mathura Mandi,Rice,Basmati,2548.16,2873.46,2710.81,55
2026-08-19,Uttar Pradesh,Mathura,Mathura Mandi,Rice,Basmati,2562.1,2889.18,2725.64,55
2026-08-20,Uttar Pradesh,Mathura,Mathura Mandi,Rice,Basmati,2558.71,2885.35,2722.03,55
2026-08-21,Uttar Pradesh,Mathura,Mathura Mandi,Rice,Basmati,2559.0,2885.68,2722.34,55
2026-08-22,Uttar Pradesh,Mathura,Mathura Mandi,Rice,Basmati,2554.64,2880.76,2717.7,55
2026-08-23,Uttar Pradesh,Mathura,Mathura Mandi,Rice,Basmati,2556.19,2882.51,2719.35,55
2026-08-24,Uttar Pradesh,Mathura,Mathura Mandi,Rice,Basmati,2544.76,2869.62,2707.19,55
2026-08-25,Uttar Pradesh,Mathura,Mathura Mandi,Rice,Basmati,2541.22,2865.64,2703.43,55
2026-08-26,Uttar Pradesh,Mathura,Mathura Mandi,Rice,Basmati,2534.09,2857.59,2695.84,55
2026-08-27,Uttar Pradesh,Mathura,Mathura Mandi,Rice,Basmati,2535.07,2858.69,2696.88,55
2026-08-28,Uttar Pradesh,Mathura,Mathura Mandi,Rice,Basmati,2541.71,2866.19,2703.95,55
2026-08-29,Uttar Pradesh,Mathura,Mathura Mandi,Rice,Basmati,2546.07,2871.09,2708.58,55
2026-08-30,Uttar Pradesh,Mathura,Mathura Mandi,Rice,Basmati,2530.47,2853.51,2691.99,55
2026-08-31,Uttar Pradesh,Mathura,Mathura Mandi,Rice,Basmati,2544.04,2868.82,2706.43,55
2026-09-01,Uttar Pradesh,Mathura,Mathura Mandi,Rice,Basmati,2546.07,2871.11,2708.59,55
2026-09-02,Uttar Pradesh,Mathura,Mathura Mandi,Rice,Basmati,2541.02,2865.4,2703.21,55
2026-09-03,Uttar Pradesh,Mathura,Mathura Mandi,Rice,Basmati,2542.14,2866.66,2704.4,55
2026-09-04,Uttar Pradesh,Mathura,Mathura Mandi,Rice,Basmati,2543.39,2868.07,2705.73,55
2026-09-05,Uttar Pradesh,Mathura,Mathura Mandi,Rice,Basmati,2539.05,2863.19,2701.12,55
2026-09-06,Uttar Pradesh,Mathura,Mathura Mandi,Rice,Basmati,2540.44,2864.76,2702.6,55
2026-09-07,Uttar Pradesh,Mathura,Mathura Mandi,Rice,Basmati,2536.51,2860.31,2698.41,55
2026-09-08,Uttar Pradesh,Mathura,Mathura Mandi,Rice,Basmati,2533.91,2857.39,2695.65,55
2026-09-09,Uttar Pradesh,Mathura,Mathura Mandi,Rice,Basmati,2529.46,2852.38,2690.92,55
2026-09-10,Uttar Pradesh,Mathura,Mathura Mandi,Rice,Basmati,2520.07,2841.79,2680.93,55
2026-05-14,Uttar Pradesh,Agra,Agra Mandi,Tomato,Hybrid,1207.8,1361.98,1284.89,15
2026-05-15,Uttar Pradesh,Agra,Agra Mandi,Tomato,Hybrid,1226.15,1382.69,1304.42,15
2026-05-16,Uttar Pradesh,Agra,Agra Mandi,Tomato,Hybrid,1222.69,1378.77,1300.73,15
2026-05-17,Uttar Pradesh,Agra,Agra Mandi,Tomato,Hybrid,1219.39,1375.05,1297.22,15
2026-05-18,Uttar Pradesh,Agra,Agra Mandi,Tomato,Hybrid,1223.04,1379.18,1301.11,15
2026-05-19,Uttar Pradesh,Agra,Agra Mandi,Tomato,Hybrid,1205.59,1359.49,1282.54,15
2026-05-20,Uttar Pradesh,Agra,Agra Mandi,Tomato,Hybrid,1216.12,1371.36,1293.74,15
2026-05-21,Uttar Pradesh,Agra,Agra Mandi,Tomato,Hybrid,1230.16,1387.2,1308.68,15
2026-05-22,Uttar Pradesh,Agra,Agra Mandi,Tomato,Hybrid,1234.46,1392.06,1313.26,15
2026-05-23,Uttar Pradesh,Agra,Agra Mandi,Tomato,Hybrid,1252.72,1412.64,1332.68,15
2026-05-24,Uttar Pradesh,Agra,Agra Mandi,Tomato,Hybrid,1238.38,1396.48,1317.43,15
2026-05-25,Uttar Pradesh,Agra,Agra Mandi,Tomato,Hybrid,1258.74,1419.44,1339.09,15
2026-05-26,Uttar Pradesh,Agra,Agra Mandi,Tomato,Hybrid,1250.93,1410.63,1330.78,15
2026-05-27,Uttar Pradesh,Agra,Agra Mandi,Tomato,Hybrid,1237.11,1395.03,1316.07,15
2026-05-28,Uttar Pradesh,Agra,Agra Mandi,Tomato,Hybrid,1234.69,1392.31,1313.5,15
2026-05-29,Uttar Pradesh,Agra,Agra Mandi,Tomato,Hybrid,1255.36,1415.62,1335.49,15
2026-05-30,Uttar Pradesh,Agra,Agra Mandi,Tomato,Hybrid,1255.33,1415.59,1335.46,15
2026-05-31,Uttar Pradesh,Agra,Agra Mandi,Tomato,Hybrid,1245.3,1404.28,1324.79,15
2026-06-01,Uttar Pradesh,Agra,Agra Mandi,Tomato,Hybrid,1231.32,1388.5,1309.91,15
2026-06-02,Uttar Pradesh,Agra,Agra Mandi,Tomato,Hybrid,1230.35,1387.41,1308.88,15
2026-06-03,Uttar Pradesh,Agra,Agra Mandi,Tomato,Hybrid,1208.69,1362.99,1285.84,15
2026-06-04,Uttar Pradesh,Agra,Agra Mandi,Tomato,Hybrid,1194.65,1347.15,1270.9,15
2026-06-05,Uttar Pradesh,Agra,Agra Mandi,Tomato,Hybrid,1211.72,1366.4,1289.06,15
2026-06-06,Uttar Pradesh,Agra,Agra Mandi,Tomato,Hybrid,1226.38,1382.94,1304.66,15
2026-06-07,Uttar Pradesh,Agra,Agra Mandi,Tomato,Hybrid,1225.16,1381.56,1303.36,15
2026-06-08,Uttar Pradesh,Agra,Agra Mandi,Tomato,Hybrid,1220.24,1376.02,1298.13,15
2026-06-09,Uttar Pradesh,Agra,Agra Mandi,Tomato,Hybrid,1221.07,1376.95,1299.01,15
2026-06-10,Uttar Pradesh,Agra,Agra Mandi,Tomato,Hybrid,1246.95,1406.13,1326.54,15
2026-06-11,Uttar Pradesh,Agra,Agra Mandi,Tomato,Hybrid,1251.56,1411.34,1331.45,15
2026-06-12,Uttar Pradesh,Agra,Agra Mandi,Tomato,Hybrid,1261.71,1422.77,1342.24,15
2026-06-13,Uttar Pradesh,Agra,Agra Mandi,Tomato,Hybrid,1259.67,1420.47,1340.07,15
2026-06-14,Uttar Pradesh,Agra,Agra Mandi,Tomato,Hybrid,1260.52,1421.44,1340.98,15
2026-06-15,Uttar Pradesh,Agra,Agra Mandi,Tomato,Hybrid,1267.78,1429.62,1348.7,15
2026-06-16,Uttar Pradesh,Agra,Agra Mandi,Tomato,Hybrid,1269.35,1431.39,1350.37,15
2026-06-17,Uttar Pradesh,Agra,Agra Mandi,Tomato,Hybrid,1248.76,1408.18,1328.47,15
2026-06-18,Uttar Pradesh,Agra,Agra Mandi,Tomato,Hybrid,1262.96,1424.18,1343.57,15
2026-06-19,Uttar Pradesh,Agra,Agra Mandi,Tomato,Hybrid,1256.4,1416.8,1336.6,15
2026-06-20,Uttar Pradesh,Agra,Agra Mandi,Tomato,Hybrid,1279.7,1443.06,1361.38,15
2026-06-21,Uttar Pradesh,Agra,Agra Mandi,Tomato,Hybrid,1287.4,1451.74,1369.57,15
2026-06-22,Uttar Pradesh,Agra,Agra Mandi,Tomato,Hybrid,1288.35,1452.83,1370.59,15
2026-06-23,Uttar Pradesh,Agra,Agra Mandi,Tomato,Hybrid,1293.35,1458.45,1375.9,15
2026-06-24,Uttar Pradesh,Agra,Agra Mandi,Tomato,Hybrid,1292.34,1457.32,1374.83,15
2026-06-25,Uttar Pradesh,Agra,Agra Mandi,Tomato,Hybrid,1287.2,1451.52,1369.36,15
2026-06-26,Uttar Pradesh,Agra,Agra Mandi,Tomato,Hybrid,1289.65,1454.29,1371.97,15
2026-06-27,Uttar Pradesh,Agra,Agra Mandi,Tomato,Hybrid,1299.52,1465.42,1382.47,15
2026-06-28,Uttar Pradesh,Agra,Agra Mandi,Tomato,Hybrid,1294.62,1459.9,1377.26,15
2026-06-29,Uttar Pradesh,Agra,Agra Mandi,Tomato,Hybrid,1288.0,1452.42,1370.21,15
2026-06-30,Uttar Pradesh,Agra,Agra Mandi,Tomato,Hybrid,1284.28,1448.24,1366.26,15
2026-07-01,Uttar Pradesh,Agra,Agra Mandi,Tomato,Hybrid,1294.89,1460.19,1377.54,15
2026-07-02,Uttar Pradesh,Agra,Agra Mandi,Tomato,Hybrid,1310.97,1478.33,1394.65,15
2026-07-03,Uttar Pradesh,Agra,Agra Mandi,Tomato,Hybrid,1315.12,1483.0,1399.06,15
2026-07-04,Uttar Pradesh,Agra,Agra Mandi,Tomato,Hybrid,1321.66,1490.38,1406.02,15
2026-07-05,Uttar Pradesh,Agra,Agra Mandi,Tomato,Hybrid,1314.95,1482.81,1398.88,15
2026-07-06,Uttar Pradesh,Agra,Agra Mandi,Tomato,Hybrid,1324.72,1493.84,1409.28,15
2026-07-07,Uttar Pradesh,Agra,Agra Mandi,Tomato,Hybrid,1330.95,1500.85,1415.9,15
2026-07-08,Uttar Pradesh,Agra,Agra Mandi,Tomato,Hybrid,1323.36,1492.3,1407.83,15
2026-07-09,Uttar Pradesh,Agra,Agra Mandi,Tomato,Hybrid,1303.98,1470.44,1387.21,15
2026-07-10,Uttar Pradesh,Agra,Agra Mandi,Tomato,Hybrid,1290.8,1455.58,1373.19,15
2026-07-11,Uttar Pradesh,Agra,Agra Mandi,Tomato,Hybrid,1283.65,1447.53,1365.59,15
2026-07-12,Uttar Pradesh,Agra,Agra Mandi,Tomato,Hybrid,1296.55,1462.07,1379.31,15
2026-07-13,Uttar Pradesh,Agra,Agra Mandi,Tomato,Hybrid,1313.73,1481.45,1397.59,15
2026-07-14,Uttar Pradesh,Agra,Agra Mandi,Tomato,Hybrid,1309.11,1476.23,1392.67,15
2026-07-15,Uttar Pradesh,Agra,Agra Mandi,Tomato,Hybrid,1304.82,1471.4,1388.11,15
2026-07-16,Uttar Pradesh,Agra,Agra Mandi,Tomato,Hybrid,1307.87,1474.83,1391.35,15
2026-07-17,Uttar Pradesh,Agra,Agra Mandi,Tomato,Hybrid,1308.19,1475.19,1391.69,15
2026-07-18,Uttar Pradesh,Agra,Agra Mandi,Tomato,Hybrid,1318.56,1486.88,1402.72,15
2026-07-19,Uttar Pradesh,Agra,Agra Mandi,Tomato,Hybrid,1313.01,1480.63,1396.82,15
2026-07-20,Uttar Pradesh,Agra,Agra Mandi,Tomato,Hybrid,1323.59,1492.55,1408.07,15
2026-07-21,Uttar Pradesh,Agra,Agra Mandi,Tomato,Hybrid,1321.14,1489.8,1405.47,15
2026-07-22,Uttar Pradesh,Agra,Agra Mandi,Tomato,Hybrid,1330.67,1500.55,1415.61,15
2026-07-23,Uttar Pradesh,Agra,Agra Mandi,Tomato,Hybrid,1327.89,1497.41,1412.65,15
2026-07-24,Uttar Pradesh,Agra,Agra Mandi,Tomato,Hybrid,1321.37,1490.05,1405.71,15
2026-07-25,Uttar Pradesh,Agra,Agra Mandi,Tomato,Hybrid,1342.48,1513.86,1428.17,15
2026-07-26,Uttar Pradesh,Agra,Agra Mandi,Tomato,Hybrid,1354.31,1527.21,1440.76,15
2026-07-27,Uttar Pradesh,Agra,Agra Mandi,Tomato,Hybrid,1334.88,1505.3,1420.09,15
2026-07-28,Uttar Pradesh,Agra,Agra Mandi,Tomato,Hybrid,1330.18,1499.98,1415.08,15
2026-07-29,Uttar Pradesh,Agra,Agra Mandi,Tomato,Hybrid,1343.55,1515.07,1429.31,15
2026-07-30,Uttar Pradesh,Agra,Agra Mandi,Tomato,Hybrid,1330.64,1500.5,1415.57,15
2026-07-31,Uttar Pradesh,Agra,Agra Mandi,Tomato,Hybrid,1339.25,1510.21,1424.73,15
2026-08-01,Uttar Pradesh,Agra,Agra Mandi,Tomato,Hybrid,1346.74,1518.66,1432.7,15
2026-08-02,Uttar Pradesh,Agra,Agra Mandi,Tomato,Hybrid,1339.27,1510.23,1424.75,15
2026-08-03,Uttar Pradesh,Agra,Agra Mandi,Tomato,Hybrid,1339.35,1510.33,1424.84,15
2026-08-04,Uttar Pradesh,Agra,Agra Mandi,Tomato,Hybrid,1316.66,1484.74,1400.7,15
2026-08-05,Uttar Pradesh,Agra,Agra Mandi,Tomato,Hybrid,1336.22,1506.8,1421.51,15
2026-08-06,Uttar Pradesh,Agra,Agra Mandi,Tomato,Hybrid,1333.01,1503.19,1418.1,15
2026-08-07,Uttar Pradesh,Agra,Agra Mandi,Tomato,Hybrid,1342.0,1513.32,1427.66,15
2026-08-08,Uttar Pradesh,Agra,Agra Mandi,Tomato,Hybrid,1348.9,1521.1,1435.0,15
2026-08-09,Uttar Pradesh,Agra,Agra Mandi,Tomato,Hybrid,1363.94,1538.06,1451.0,15
2026-08-10,Uttar Pradesh,Agra,Agra Mandi,Tomato,Hybrid,1359.38,1532.92,1446.15,15
2026-08-11,Uttar Pradesh,Agra,Agra Mandi,Tomato,Hybrid,1361.8,1535.64,1448.72,15
2026-08-12,Uttar Pradesh,Agra,Agra Mandi,Tomato,Hybrid,1368.09,1542.75,1455.42,15
2026-08-13,Uttar Pradesh,Agra,Agra Mandi,Tomato,Hybrid,1377.82,1553.72,1465.77,15
2026-08-14,Uttar Pradesh,Agra,Agra Mandi,Tomato,Hybrid,1390.65,1568.17,1479.41,15
2026-08-15,Uttar Pradesh,Agra,Agra Mandi,Tomato,Hybrid,1385.6,1562.48,1474.04,15
2026-08-16,Uttar Pradesh,Agra,Agra Mandi,Tomato,Hybrid,1378.51,1554.49,1466.5,15
2026-08-17,Uttar Pradesh,Agra,Agra Mandi,Tomato,Hybrid,1393.58,1571.48,1482.53,15
2026-08-18,Uttar Pradesh,Agra,Agra Mandi,Tomato,Hybrid,1371.47,1546.55,1459.01,15
2026-08-19,Uttar Pradesh,Agra,Agra Mandi,Tomato,Hybrid,1388.83,1566.13,1477.48,15
2026-08-20,Uttar Pradesh,Agra,Agra Mandi,Tomato,Hybrid,1385.71,1562.61,1474.16,15
2026-08-21,Uttar Pradesh,Agra,Agra Mandi,Tomato,Hybrid,1385.84,1562.76,1474.3,15
2026-08-22,Uttar Pradesh,Agra,Agra Mandi,Tomato,Hybrid,1378.56,1554.54,1466.55,15
2026-08-23,Uttar Pradesh,Agra,Agra Mandi,Tomato,Hybrid,1378.21,1554.15,1466.18,15
2026-08-24,Uttar Pradesh,Agra,Agra Mandi,Tomato,Hybrid,1392.31,1570.05,1481.18,15
2026-08-25,Uttar Pradesh,Agra,Agra Mandi,Tomato,Hybrid,1400.93,1579.77,1490.35,15
2026-08-26,Uttar Pradesh,Agra,Agra Mandi,Tomato,Hybrid,1406.5,1586.06,1496.28,15
2026-08-27,Uttar Pradesh,Agra,Agra Mandi,Tomato,Hybrid,1407.65,1587.35,1497.5,15
2026-08-28,Uttar Pradesh,Agra,Agra Mandi,Tomato,Hybrid,1392.02,1569.72,1480.87,15
2026-08-29,Uttar Pradesh,Agra,Agra Mandi,Tomato,Hybrid,1382.96,1559.5,1471.23,15
2026-08-30,Uttar Pradesh,Agra,Agra Mandi,Tomato,Hybrid,1379.38,1555.48,1467.43,15
2026-08-31,Uttar Pradesh,Agra,Agra Mandi,Tomato,Hybrid,1384.57,1561.33,1472.95,15
2026-09-01,Uttar Pradesh,Agra,Agra Mandi,Tomato,Hybrid,1385.52,1562.4,1473.96,15
2026-09-02,Uttar Pradesh,Agra,Agra Mandi,Tomato,Hybrid,1396.46,1574.74,1485.6,15
2026-09-03,Uttar Pradesh,Agra,Agra Mandi,Tomato,Hybrid,1401.83,1580.79,1491.31,15
2026-09-04,Uttar Pradesh,Agra,Agra Mandi,Tomato,Hybrid,1402.61,1581.67,1492.14,15
2026-09-05,Uttar Pradesh,Agra,Agra Mandi,Tomato,Hybrid,1427.7,1609.96,1518.83,15
2026-09-06,Uttar Pradesh,Agra,Agra Mandi,Tomato,Hybrid,1432.33,1615.17,1523.75,15
2026-09-07,Uttar Pradesh,Agra,Agra Mandi,Tomato,Hybrid,1427.78,1610.06,1518.92,15
2026-09-08,Uttar Pradesh,Agra,Agra Mandi,Tomato,Hybrid,1448.32,1633.22,1540.77,15
2026-09-09,Uttar Pradesh,Agra,Agra Mandi,Tomato,Hybrid,1461.64,1648.24,1554.94,15
2026-09-10,Uttar Pradesh,Agra,Agra Mandi,Tomato,Hybrid,1481.7,1670.86,1576.28,15
2026-05-14,Delhi,North Delhi,Azadpur Mandi,Tomato,Hybrid,1381.48,1557.84,1469.66,60
2026-05-15,Delhi,North Delhi,Azadpur Mandi,Tomato,Hybrid,1364.48,1538.66,1451.57,60
2026-05-16,Delhi,North Delhi,Azadpur Mandi,Tomato,Hybrid,1371.88,1547.02,1459.45,60
2026-05-17,Delhi,North Delhi,Azadpur Mandi,Tomato,Hybrid,1398.98,1577.58,1488.28,60
2026-05-18,Delhi,North Delhi,Azadpur Mandi,Tomato,Hybrid,1387.03,1564.09,1475.56,60
2026-05-19,Delhi,North Delhi,Azadpur Mandi,Tomato,Hybrid,1380.28,1556.48,1468.38,60
2026-05-20,Delhi,North Delhi,Azadpur Mandi,Tomato,Hybrid,1381.71,1558.09,1469.9,60
2026-05-21,Delhi,North Delhi,Azadpur Mandi,Tomato,Hybrid,1375.73,1551.35,1463.54,60
2026-05-22,Delhi,North Delhi,Azadpur Mandi,Tomato,Hybrid,1356.9,1530.12,1443.51,60
2026-05-23,Delhi,North Delhi,Azadpur Mandi,Tomato,Hybrid,1357.94,1531.3,1444.62,60
2026-05-24,Delhi,North Delhi,Azadpur Mandi,Tomato,Hybrid,1345.1,1516.82,1430.96,60
2026-05-25,Delhi,North Delhi,Azadpur Mandi,Tomato,Hybrid,1351.13,1523.61,1437.37,60
2026-05-26,Delhi,North Delhi,Azadpur Mandi,Tomato,Hybrid,1340.05,1511.11,1425.58,60
2026-05-27,Delhi,North Delhi,Azadpur Mandi,Tomato,Hybrid,1359.28,1532.8,1446.04,60
2026-05-28,Delhi,North Delhi,Azadpur Mandi,Tomato,Hybrid,1349.86,1522.18,1436.02,60
2026-05-29,Delhi,North Delhi,Azadpur Mandi,Tomato,Hybrid,1346.12,1517.96,1432.04,60
2026-05-30,Delhi,North Delhi,Azadpur Mandi,Tomato,Hybrid,1356.31,1529.45,1442.88,60
2026-05-31,Delhi,North Delhi,Azadpur Mandi,Tomato,Hybrid,1341.4,1512.64,1427.02,60
2026-06-01,Delhi,North Delhi,Azadpur Mandi,Tomato,Hybrid,1344.4,1516.02,1430.21,60
2026-06-02,Delhi,North Delhi,Azadpur Mandi,Tomato,Hybrid,1360.65,1534.35,1447.5,60
2026-06-03,Delhi,North Delhi,Azadpur Mandi,Tomato,Hybrid,1341.12,1512.32,1426.72,60
2026-06-04,Delhi,North Delhi,Azadpur Mandi,Tomato,Hybrid,1343.59,1515.11,1429.35,60
2026-06-05,Delhi,North Delhi,Azadpur Mandi,Tomato,Hybrid,1346.98,1518.94,1432.96,60
2026-06-06,Delhi,North Delhi,Azadpur Mandi,Tomato,Hybrid,1356.79,1529.99,1443.39,60
2026-06-07,Delhi,North Delhi,Azadpur Mandi,Tomato,Hybrid,1341.8,1513.1,1427.45,60
2026-06-08,Delhi,North Delhi,Azadpur Mandi,Tomato,Hybrid,1325.8,1495.06,1410.43,60
2026-06-09,Delhi,North Delhi,Azadpur Mandi,Tomato,Hybrid,1332.41,1502.51,1417.46,60
2026-06-10,Delhi,North Delhi,Azadpur Mandi,Tomato,Hybrid,1336.27,1506.85,1421.56,60
2026-06-11,Delhi,North Delhi,Azadpur Mandi,Tomato,Hybrid,1339.55,1510.55,1425.05,60
2026-06-12,Delhi,North Delhi,Azadpur Mandi,Tomato,Hybrid,1344.0,1515.58,1429.79,60
2026-06-13,Delhi,North Delhi,Azadpur Mandi,Tomato,Hybrid,1335.85,1506.39,1421.12,60
2026-06-14,Delhi,North Delhi,Azadpur Mandi,Tomato,Hybrid,1338.91,1509.83,1424.37,60
2026-06-15,Delhi,North Delhi,Azadpur Mandi,Tomato,Hybrid,1342.71,1514.13,1428.42,60
2026-06-16,Delhi,North Delhi,Azadpur Mandi,Tomato,Hybrid,1334.15,1504.47,1419.31,60
2026-06-17,Delhi,North Delhi,Azadpur Mandi,Tomato,Hybrid,1357.26,1530.52,1443.89,60
2026-06-18,Delhi,North Delhi,Azadpur Mandi,Tomato,Hybrid,1363.28,1537.32,1450.3,60
2026-06-19,Delhi,North Delhi,Azadpur Mandi,Tomato,Hybrid,1348.86,1521.06,1434.96,60
2026-06-20,Delhi,North Delhi,Azadpur Mandi,Tomato,Hybrid,1357.12,1530.38,1443.75,60
2026-06-21,Delhi,North Delhi,Azadpur Mandi,Tomato,Hybrid,1345.37,1517.11,1431.24,60
2026-06-22,Delhi,North Delhi,Azadpur Mandi,Tomato,Hybrid,1355.24,1528.24,1441.74,60
2026-06-23,Delhi,North Delhi,Azadpur Mandi,Tomato,Hybrid,1369.66,1544.5,1457.08,60
2026-06-24,Delhi,North Delhi,Azadpur Mandi,Tomato,Hybrid,1359.79,1533.37,1446.58,60
2026-06-25,Delhi,North Delhi,Azadpur Mandi,Tomato,Hybrid,1371.82,1546.94,1459.38,60
2026-06-26,Delhi,North Delhi,Azadpur Mandi,Tomato,Hybrid,1377.09,1552.89,1464.99,60
2026-06-27,Delhi,North Delhi,Azadpur Mandi,Tomato,Hybrid,1387.39,1564.51,1475.95,60
2026-06-28,Delhi,North Delhi,Azadpur Mandi,Tomato,Hybrid,1410.88,1591.0,1500.94,60
2026-06-29,Delhi,North Delhi,Azadpur Mandi,Tomato,Hybrid,1408.07,1587.83,1497.95,60
2026-06-30,Delhi,North Delhi,Azadpur Mandi,Tomato,Hybrid,1399.02,1577.62,1488.32,60
2026-07-01,Delhi,North Delhi,Azadpur Mandi,Tomato,Hybrid,1388.3,1565.54,1476.92,60
2026-07-02,Delhi,North Delhi,Azadpur Mandi,Tomato,Hybrid,1378.5,1554.48,1466.49,60
2026-07-03,Delhi,North Delhi,Azadpur Mandi,Tomato,Hybrid,1377.76,1553.64,1465.7,60
2026-07-04,Delhi,North Delhi,Azadpur Mandi,Tomato,Hybrid,1382.15,1558.59,1470.37,60
2026-07-05,Delhi,North Delhi,Azadpur Mandi,Tomato,Hybrid,1385.75,1562.65,1474.2,60
2026-07-06,Delhi,North Delhi,Azadpur Mandi,Tomato,Hybrid,1396.11,1574.33,1485.22,60
2026-07-07,Delhi,North Delhi,Azadpur Mandi,Tomato,Hybrid,1396.47,1574.75,1485.61,60
2026-07-08,Delhi,North Delhi,Azadpur Mandi,Tomato,Hybrid,1414.52,1595.1,1504.81,60
2026-07-09,Delhi,North Delhi,Azadpur Mandi,Tomato,Hybrid,1411.48,1591.66,1501.57,60
2026-07-10,Delhi,North Delhi,Azadpur Mandi,Tomato,Hybrid,1445.08,1629.56,1537.32,60
2026-07-11,Delhi,North Delhi,Azadpur Mandi,Tomato,Hybrid,1452.96,1638.44,1545.7,60
2026-07-12,Delhi,North Delhi,Azadpur Mandi,Tomato,Hybrid,1442.65,1626.81,1534.73,60
2026-07-13,Delhi,North Delhi,Azadpur Mandi,Tomato,Hybrid,1429.7,1612.22,1520.96,60
2026-07-14,Delhi,North Delhi,Azadpur Mandi,Tomato,Hybrid,1435.83,1619.13,1527.48,60
2026-07-15,Delhi,North Delhi,Azadpur Mandi,Tomato,Hybrid,1433.29,1616.27,1524.78,60
2026-07-16,Delhi,North Delhi,Azadpur Mandi,Tomato,Hybrid,1442.26,1626.38,1534.32,60
2026-07-17,Delhi,North Delhi,Azadpur Mandi,Tomato,Hybrid,1448.28,1633.16,1540.72,60
2026-07-18,Delhi,North Delhi,Azadpur Mandi,Tomato,Hybrid,1447.58,1632.38,1539.98,60
2026-07-19,Delhi,North Delhi,Azadpur Mandi,Tomato,Hybrid,1437.39,1620.89,1529.14,60
2026-07-20,Delhi,North Delhi,Azadpur Mandi,Tomato,Hybrid,1419.01,1600.15,1509.58,60
2026-07-21,Delhi,North Delhi,Azadpur Mandi,Tomato,Hybrid,1413.72,1594.2,1503.96,60
2026-07-22,Delhi,North Delhi,Azadpur Mandi,Tomato,Hybrid,1424.45,1606.29,1515.37,60
2026-07-23,Delhi,North Delhi,Azadpur Mandi,Tomato,Hybrid,1427.28,1609.48,1518.38,60
2026-07-24,Delhi,North Delhi,Azadpur Mandi,Tomato,Hybrid,1412.19,1592.47,1502.33,60
2026-07-25,Delhi,North Delhi,Azadpur Mandi,Tomato,Hybrid,1414.52,1595.1,1504.81,60
2026-07-26,Delhi,North Delhi,Azadpur Mandi,Tomato,Hybrid,1419.46,1600.66,1510.06,60
2026-07-27,Delhi,North Delhi,Azadpur Mandi,Tomato,Hybrid,1408.81,1588.65,1498.73,60
2026-07-28,Delhi,North Delhi,Azadpur Mandi,Tomato,Hybrid,1410.9,1591.02,1500.96,60
2026-07-29,Delhi,North Delhi,Azadpur Mandi,Tomato,Hybrid,1411.81,1592.05,1501.93,60
2026-07-30,Delhi,North Delhi,Azadpur Mandi,Tomato,Hybrid,1397.99,1576.45,1487.22,60
2026-07-31,Delhi,North Delhi,Azadpur Mandi,Tomato,Hybrid,1402.58,1581.64,1492.11,60
2026-08-01,Delhi,North Delhi,Azadpur Mandi,Tomato,Hybrid,1409.68,1589.64,1499.66,60
2026-08-02,Delhi,North Delhi,Azadpur Mandi,Tomato,Hybrid,1423.18,1604.86,1514.02,60
2026-08-03,Delhi,North Delhi,Azadpur Mandi,Tomato,Hybrid,1436.32,1619.68,1528.0,60
2026-08-04,Delhi,North Delhi,Azadpur Mandi,Tomato,Hybrid,1419.61,1600.83,1510.22,60
2026-08-05,Delhi,North Delhi,Azadpur Mandi,Tomato,Hybrid,1408.3,1588.08,1498.19,60
2026-08-06,Delhi,North Delhi,Azadpur Mandi,Tomato,Hybrid,1414.83,1595.45,1505.14,60
2026-08-07,Delhi,North Delhi,Azadpur Mandi,Tomato,Hybrid,1421.35,1602.79,1512.07,60
2026-08-08,Delhi,North Delhi,Azadpur Mandi,Tomato,Hybrid,1427.87,1610.15,1519.01,60
2026-08-09,Delhi,North Delhi,Azadpur Mandi,Tomato,Hybrid,1475.37,1663.71,1569.54,60
2026-08-10,Delhi,North Delhi,Azadpur Mandi,Tomato,Hybrid,1482.59,1671.85,1577.22,60
2026-08-11,Delhi,North Delhi,Azadpur Mandi,Tomato,Hybrid,1496.73,1687.81,1592.27,60
2026-08-12,Delhi,North Delhi,Azadpur Mandi,Tomato,Hybrid,1508.64,1701.24,1604.94,60
2026-08-13,Delhi,North Delhi,Azadpur Mandi,Tomato,Hybrid,1516.85,1710.49,1613.67,60
2026-08-14,Delhi,North Delhi,Azadpur Mandi,Tomato,Hybrid,1513.18,1706.36,1609.77,60
2026-08-15,Delhi,North Delhi,Azadpur Mandi,Tomato,Hybrid,1522.71,1717.09,1619.9,60
2026-08-16,Delhi,North Delhi,Azadpur Mandi,Tomato,Hybrid,1513.42,1706.62,1610.02,60
2026-08-17,Delhi,North Delhi,Azadpur Mandi,Tomato,Hybrid,1510.72,1703.58,1607.15,60
2026-08-18,Delhi,North Delhi,Azadpur Mandi,Tomato,Hybrid,1504.97,1697.09,1601.03,60
2026-08-19,Delhi,North Delhi,Azadpur Mandi,Tomato,Hybrid,1506.17,1698.45,1602.31,60
2026-08-20,Delhi,North Delhi,Azadpur Mandi,Tomato,Hybrid,1534.79,1730.73,1632.76,60
2026-08-21,Delhi,North Delhi,Azadpur Mandi,Tomato,Hybrid,1512.07,1705.11,1608.59,60
2026-08-22,Delhi,North Delhi,Azadpur Mandi,Tomato,Hybrid,1520.7,1714.84,1617.77,60
2026-08-23,Delhi,North Delhi,Azadpur Mandi,Tomato,Hybrid,1501.11,1692.75,1596.93,60
2026-08-24,Delhi,North Delhi,Azadpur Mandi,Tomato,Hybrid,1495.52,1686.44,1590.98,60
2026-08-25,Delhi,North Delhi,Azadpur Mandi,Tomato,Hybrid,1509.09,1701.75,1605.42,60
2026-08-26,Delhi,North Delhi,Azadpur Mandi,Tomato,Hybrid,1510.09,1702.87,1606.48,60
2026-08-27,Delhi,North Delhi,Azadpur Mandi,Tomato,Hybrid,1497.06,1688.18,1592.62,60
2026-08-28,Delhi,North Delhi,Azadpur Mandi,Tomato,Hybrid,1488.49,1678.51,1583.5,60
2026-08-29,Delhi,North Delhi,Azadpur Mandi,Tomato,Hybrid,1497.03,1688.15,1592.59,60
2026-08-30,Delhi,North Delhi,Azadpur Mandi,Tomato,Hybrid,1488.27,1678.27,1583.27,60
2026-08-31,Delhi,North Delhi,Azadpur Mandi,Tomato,Hybrid,1491.13,1681.49,1586.31,60
2026-09-01,Delhi,North Delhi,Azadpur Mandi,Tomato,Hybrid,1491.9,1682.36,1587.13,60
2026-09-02,Delhi,North Delhi,Azadpur Mandi,Tomato,Hybrid,1484.1,1673.56,1578.83,60
2026-09-03,Delhi,North Delhi,Azadpur Mandi,Tomato,Hybrid,1510.63,1703.47,1607.05,60
2026-09-04,Delhi,North Delhi,Azadpur Mandi,Tomato,Hybrid,1518.62,1712.48,1615.55,60
2026-09-05,Delhi,North Delhi,Azadpur Mandi,Tomato,Hybrid,1493.96,1684.68,1589.32,60
2026-09-06,Delhi,North Delhi,Azadpur Mandi,Tomato,Hybrid,1496.45,1687.49,1591.97,60
2026-09-07,Delhi,North Delhi,Azadpur Mandi,Tomato,Hybrid,1488.53,1678.55,1583.54,60
2026-09-08,Delhi,North Delhi,Azadpur Mandi,Tomato,Hybrid,1499.21,1690.59,1594.9,60
2026-09-09,Delhi,North Delhi,Azadpur Mandi,Tomato,Hybrid,1489.67,1679.85,1584.76,60
2026-09-10,Delhi,North Delhi,Azadpur Mandi,Tomato,Hybrid,1488.47,1678.49,1583.48,60
2026-05-14,Madhya Pradesh,Bhopal,Bhopal Mandi,Tomato,Hybrid,1280.83,1444.33,1362.58,480
2026-05-15,Madhya Pradesh,Bhopal,Bhopal Mandi,Tomato,Hybrid,1272.49,1434.93,1353.71,480
2026-05-16,Madhya Pradesh,Bhopal,Bhopal Mandi,Tomato,Hybrid,1272.29,1434.71,1353.5,480
2026-05-17,Madhya Pradesh,Bhopal,Bhopal Mandi,Tomato,Hybrid,1293.43,1458.55,1375.99,480
2026-05-18,Madhya Pradesh,Bhopal,Bhopal Mandi,Tomato,Hybrid,1287.58,1451.96,1369.77,480
2026-05-19,Madhya Pradesh,Bhopal,Bhopal Mandi,Tomato,Hybrid,1290.39,1455.13,1372.76,480
2026-05-20,Madhya Pradesh,Bhopal,Bhopal Mandi,Tomato,Hybrid,1290.39,1455.13,1372.76,480
2026-05-21,Madhya Pradesh,Bhopal,Bhopal Mandi,Tomato,Hybrid,1304.46,1470.98,1387.72,480
2026-05-22,Madhya Pradesh,Bhopal,Bhopal Mandi,Tomato,Hybrid,1334.14,1504.46,1419.3,480
2026-05-23,Madhya Pradesh,Bhopal,Bhopal Mandi,Tomato,Hybrid,1328.14,1497.7,1412.92,480
2026-05-24,Madhya Pradesh,Bhopal,Bhopal Mandi,Tomato,Hybrid,1322.63,1491.47,1407.05,480
2026-05-25,Madhya Pradesh,Bhopal,Bhopal Mandi,Tomato,Hybrid,1335.01,1505.43,1420.22,480
2026-05-26,Madhya Pradesh,Bhopal,Bhopal Mandi,Tomato,Hybrid,1343.16,1514.62,1428.89,480
2026-05-27,Madhya Pradesh,Bhopal,Bhopal Mandi,Tomato,Hybrid,1364.91,1539.15,1452.03,480
2026-05-28,Madhya Pradesh,Bhopal,Bhopal Mandi,Tomato,Hybrid,1371.91,1547.05,1459.48,480
2026-05-29,Madhya Pradesh,Bhopal,Bhopal Mandi,Tomato,Hybrid,1367.92,1542.54,1455.23,480
2026-05-30,Madhya Pradesh,Bhopal,Bhopal Mandi,Tomato,Hybrid,1375.0,1550.54,1462.77,480
2026-05-31,Madhya Pradesh,Bhopal,Bhopal Mandi,Tomato,Hybrid,1388.14,1565.34,1476.74,480
2026-06-01,Madhya Pradesh,Bhopal,Bhopal Mandi,Tomato,Hybrid,1397.9,1576.36,1487.13,480
2026-06-02,Madhya Pradesh,Bhopal,Bhopal Mandi,Tomato,Hybrid,1404.02,1583.26,1493.64,480
2026-06-03,Madhya Pradesh,Bhopal,Bhopal Mandi,Tomato,Hybrid,1416.66,1597.52,1507.09,480
2026-06-04,Madhya Pradesh,Bhopal,Bhopal Mandi,Tomato,Hybrid,1430.5,1613.12,1521.81,480
2026-06-05,Madhya Pradesh,Bhopal,Bhopal Mandi,Tomato,Hybrid,1446.83,1631.53,1539.18,480
2026-06-06,Madhya Pradesh,Bhopal,Bhopal Mandi,Tomato,Hybrid,1454.59,1640.29,1547.44,480
2026-06-07,Madhya Pradesh,Bhopal,Bhopal Mandi,Tomato,Hybrid,1452.84,1638.3,1545.57,480
2026-06-08,Madhya Pradesh,Bhopal,Bhopal Mandi,Tomato,Hybrid,1454.74,1640.46,1547.6,480
2026-06-09,Madhya Pradesh,Bhopal,Bhopal Mandi,Tomato,Hybrid,1469.02,1656.56,1562.79,480
2026-06-10,Madhya Pradesh,Bhopal,Bhopal Mandi,Tomato,Hybrid,1459.68,1646.02,1552.85,480
2026-06-11,Madhya Pradesh,Bhopal,Bhopal Mandi,Tomato,Hybrid,1464.18,1651.1,1557.64,480
2026-06-12,Madhya Pradesh,Bhopal,Bhopal Mandi,Tomato,Hybrid,1459.78,1646.14,1552.96,480
2026-06-13,Madhya Pradesh,Bhopal,Bhopal Mandi,Tomato,Hybrid,1460.31,1646.73,1553.52,480
2026-06-14,Madhya Pradesh,Bhopal,Bhopal Mandi,Tomato,Hybrid,1475.42,1663.78,1569.6,480
2026-06-15,Madhya Pradesh,Bhopal,Bhopal Mandi,Tomato,Hybrid,1477.85,1666.51,1572.18,480
2026-06-16,Madhya Pradesh,Bhopal,Bhopal Mandi,Tomato,Hybrid,1478.59,1667.35,1572.97,480
2026-06-17,Madhya Pradesh,Bhopal,Bhopal Mandi,Tomato,Hybrid,1462.91,1649.67,1556.29,480
2026-06-18,Madhya Pradesh,Bhopal,Bhopal Mandi,Tomato,Hybrid,1471.81,1659.71,1565.76,480
2026-06-19,Madhya Pradesh,Bhopal,Bhopal Mandi,Tomato,Hybrid,1479.54,1668.42,1573.98,480
2026-06-20,Madhya Pradesh,Bhopal,Bhopal Mandi,Tomato,Hybrid,1504.99,1697.11,1601.05,480
2026-06-21,Madhya Pradesh,Bhopal,Bhopal Mandi,Tomato,Hybrid,1501.58,1693.28,1597.43,480
2026-06-22,Madhya Pradesh,Bhopal,Bhopal Mandi,Tomato,Hybrid,1504.34,1696.38,1600.36,480
2026-06-23,Madhya Pradesh,Bhopal,Bhopal Mandi,Tomato,Hybrid,1507.44,1699.88,1603.66,480
2026-06-24,Madhya Pradesh,Bhopal,Bhopal Mandi,Tomato,Hybrid,1526.05,1720.87,1623.46,480
2026-06-25,Madhya Pradesh,Bhopal,Bhopal Mandi,Tomato,Hybrid,1525.13,1719.83,1622.48,480
2026-06-26,Madhya Pradesh,Bhopal,Bhopal Mandi,Tomato,Hybrid,1528.58,1723.72,1626.15,480
2026-06-27,Madhya Pradesh,Bhopal,Bhopal Mandi,Tomato,Hybrid,1535.87,1731.93,1633.9,480
2026-06-28,Madhya Pradesh,Bhopal,Bhopal Mandi,Tomato,Hybrid,1538.24,1734.62,1636.43,480
2026-06-29,Madhya Pradesh,Bhopal,Bhopal Mandi,Tomato,Hybrid,1533.22,1728.96,1631.09,480
2026-06-30,Madhya Pradesh,Bhopal,Bhopal Mandi,Tomato,Hybrid,1535.69,1731.73,1633.71,480
2026-07-01,Madhya Pradesh,Bhopal,Bhopal Mandi,Tomato,Hybrid,1548.41,1746.09,1647.25,480
2026-07-02,Madhya Pradesh,Bhopal,Bhopal Mandi,Tomato,Hybrid,1536.63,1732.79,1634.71,480
2026-07-03,Madhya Pradesh,Bhopal,Bhopal Mandi,Tomato,Hybrid,1538.38,1734.76,1636.57,480
2026-07-04,Madhya Pradesh,Bhopal,Bhopal Mandi,Tomato,Hybrid,1530.4,1725.76,1628.08,480
2026-07-05,Madhya Pradesh,Bhopal,Bhopal Mandi,Tomato,Hybrid,1544.53,1741.71,1643.12,480
2026-07-06,Madhya Pradesh,Bhopal,Bhopal Mandi,Tomato,Hybrid,1526.95,1721.89,1624.42,480
2026-07-07,Madhya Pradesh,Bhopal,Bhopal Mandi,Tomato,Hybrid,1520.63,1714.75,1617.69,480
2026-07-08,Madhya Pradesh,Bhopal,Bhopal Mandi,Tomato,Hybrid,1525.23,1719.93,1622.58,480
2026-07-09,Madhya Pradesh,Bhopal,Bhopal Mandi,Tomato,Hybrid,1543.69,1740.75,1642.22,480
2026-07-10,Madhya Pradesh,Bhopal,Bhopal Mandi,Tomato,Hybrid,1543.11,1740.11,1641.61,480
2026-07-11,Madhya Pradesh,Bhopal,Bhopal Mandi,Tomato,Hybrid,1536.83,1733.03,1634.93,480
2026-07-12,Madhya Pradesh,Bhopal,Bhopal Mandi,Tomato,Hybrid,1558.98,1758.0,1658.49,480
2026-07-13,Madhya Pradesh,Bhopal,Bhopal Mandi,Tomato,Hybrid,1542.28,1739.16,1640.72,480
2026-07-14,Madhya Pradesh,Bhopal,Bhopal Mandi,Tomato,Hybrid,1516.81,1710.45,1613.63,480
2026-07-15,Madhya Pradesh,Bhopal,Bhopal Mandi,Tomato,Hybrid,1522.14,1716.46,1619.3,480
2026-07-16,Madhya Pradesh,Bhopal,Bhopal Mandi,Tomato,Hybrid,1516.47,1710.07,1613.27,480
2026-07-17,Madhya Pradesh,Bhopal,Bhopal Mandi,Tomato,Hybrid,1504.75,1696.85,1600.8,480
2026-07-18,Madhya Pradesh,Bhopal,Bhopal Mandi,Tomato,Hybrid,1513.21,1706.39,1609.8,480
2026-07-19,Madhya Pradesh,Bhopal,Bhopal Mandi,Tomato,Hybrid,1516.25,1709.81,1613.03,480
2026-07-20,Madhya Pradesh,Bhopal,Bhopal Mandi,Tomato,Hybrid,1509.87,1702.61,1606.24,480
2026-07-21,Madhya Pradesh,Bhopal,Bhopal Mandi,Tomato,Hybrid,1495.12,1685.98,1590.55,480
2026-07-22,Madhya Pradesh,Bhopal,Bhopal Mandi,Tomato,Hybrid,1505.49,1697.69,1601.59,480
2026-07-23,Madhya Pradesh,Bhopal,Bhopal Mandi,Tomato,Hybrid,1513.28,1706.46,1609.87,480
2026-07-24,Madhya Pradesh,Bhopal,Bhopal Mandi,Tomato,Hybrid,1512.31,1705.37,1608.84,480
2026-07-25,Madhya Pradesh,Bhopal,Bhopal Mandi,Tomato,Hybrid,1534.06,1729.9,1631.98,480
2026-07-26,Madhya Pradesh,Bhopal,Bhopal Mandi,Tomato,Hybrid,1521.77,1716.03,1618.9,480
2026-07-27,Madhya Pradesh,Bhopal,Bhopal Mandi,Tomato,Hybrid,1504.15,1696.17,1600.16,480
2026-07-28,Madhya Pradesh,Bhopal,Bhopal Mandi,Tomato,Hybrid,1496.27,1687.29,1591.78,480
2026-07-29,Madhya Pradesh,Bhopal,Bhopal Mandi,Tomato,Hybrid,1495.93,1686.91,1591.42,480
2026-07-30,Madhya Pradesh,Bhopal,Bhopal Mandi,Tomato,Hybrid,1498.97,1690.33,1594.65,480
2026-07-31,Madhya Pradesh,Bhopal,Bhopal Mandi,Tomato,Hybrid,1496.35,1687.37,1591.86,480
2026-08-01,Madhya Pradesh,Bhopal,Bhopal Mandi,Tomato,Hybrid,1500.65,1692.23,1596.44,480
2026-08-02,Madhya Pradesh,Bhopal,Bhopal Mandi,Tomato,Hybrid,1486.24,1675.98,1581.11,480
2026-08-03,Madhya Pradesh,Bhopal,Bhopal Mandi,Tomato,Hybrid,1503.29,1695.19,1599.24,480
2026-08-04,Madhya Pradesh,Bhopal,Bhopal Mandi,Tomato,Hybrid,1502.52,1694.34,1598.43,480
2026-08-05,Madhya Pradesh,Bhopal,Bhopal Mandi,Tomato,Hybrid,1515.75,1709.25,1612.5,480
2026-08-06,Madhya Pradesh,Bhopal,Bhopal Mandi,Tomato,Hybrid,1519.95,1713.99,1616.97,480
2026-08-07,Madhya Pradesh,Bhopal,Bhopal Mandi,Tomato,Hybrid,1525.47,1720.21,1622.84,480
2026-08-08,Madhya Pradesh,Bhopal,Bhopal Mandi,Tomato,Hybrid,1532.32,1727.94,1630.13,480
2026-08-09,Madhya Pradesh,Bhopal,Bhopal Mandi,Tomato,Hybrid,1537.74,1734.04,1635.89,480
2026-08-10,Madhya Pradesh,Bhopal,Bhopal Mandi,Tomato,Hybrid,1545.44,1742.72,1644.08,480
2026-08-11,Madhya Pradesh,Bhopal,Bhopal Mandi,Tomato,Hybrid,1561.14,1760.44,1660.79,480
2026-08-12,Madhya Pradesh,Bhopal,Bhopal Mandi,Tomato,Hybrid,1563.62,1763.24,1663.43,480
2026-08-13,Madhya Pradesh,Bhopal,Bhopal Mandi,Tomato,Hybrid,1572.09,1772.79,1672.44,480
2026-08-14,Madhya Pradesh,Bhopal,Bhopal Mandi,Tomato,Hybrid,1571.25,1771.83,1671.54,480
2026-08-15,Madhya Pradesh,Bhopal,Bhopal Mandi,Tomato,Hybrid,1588.24,1791.0,1689.62,480
2026-08-16,Madhya Pradesh,Bhopal,Bhopal Mandi,Tomato,Hybrid,1580.54,1782.32,1681.43,480
2026-08-17,Madhya Pradesh,Bhopal,Bhopal Mandi,Tomato,Hybrid,1601.76,1806.24,1704.0,480
2026-08-18,Madhya Pradesh,Bhopal,Bhopal Mandi,Tomato,Hybrid,1601.49,1805.93,1703.71,480
2026-08-19,Madhya Pradesh,Bhopal,Bhopal Mandi,Tomato,Hybrid,1584.98,1787.32,1686.15,480
2026-08-20,Madhya Pradesh,Bhopal,Bhopal Mandi,Tomato,Hybrid,1586.67,1789.23,1687.95,480
2026-08-21,Madhya Pradesh,Bhopal,Bhopal Mandi,Tomato,Hybrid,1578.92,1780.48,1679.7,480
2026-08-22,Madhya Pradesh,Bhopal,Bhopal Mandi,Tomato,Hybrid,1588.92,1791.76,1690.34,480
2026-08-23,Madhya Pradesh,Bhopal,Bhopal Mandi,Tomato,Hybrid,1581.5,1783.4,1682.45,480
2026-08-24,Madhya Pradesh,Bhopal,Bhopal Mandi,Tomato,Hybrid,1576.48,1777.74,1677.11,480
2026-08-25,Madhya Pradesh,Bhopal,Bhopal Mandi,Tomato,Hybrid,1554.63,1753.09,1653.86,480
2026-08-26,Madhya Pradesh,Bhopal,Bhopal Mandi,Tomato,Hybrid,1549.54,1747.36,1648.45,480
2026-08-27,Madhya Pradesh,Bhopal,Bhopal Mandi,Tomato,Hybrid,1521.46,1715.68,1618.57,480
2026-08-28,Madhya Pradesh,Bhopal,Bhopal Mandi,Tomato,Hybrid,1503.16,1695.06,1599.11,480
2026-08-29,Madhya Pradesh,Bhopal,Bhopal Mandi,Tomato,Hybrid,1512.23,1705.29,1608.76,480
2026-08-30,Madhya Pradesh,Bhopal,Bhopal Mandi,Tomato,Hybrid,1521.6,1715.84,1618.72,480
2026-08-31,Madhya Pradesh,Bhopal,Bhopal Mandi,Tomato,Hybrid,1526.76,1721.66,1624.21,480
2026-09-01,Madhya Pradesh,Bhopal,Bhopal Mandi,Tomato,Hybrid,1515.67,1709.15,1612.41,480
2026-09-02,Madhya Pradesh,Bhopal,Bhopal Mandi,Tomato,Hybrid,1515.3,1708.74,1612.02,480
2026-09-03,Madhya Pradesh,Bhopal,Bhopal Mandi,Tomato,Hybrid,1515.46,1708.92,1612.19,480
2026-09-04,Madhya Pradesh,Bhopal,Bhopal Mandi,Tomato,Hybrid,1502.13,1693.89,1598.01,480
2026-09-05,Madhya Pradesh,Bhopal,Bhopal Mandi,Tomato,Hybrid,1519.87,1713.89,1616.88,480
2026-09-06,Madhya Pradesh,Bhopal,Bhopal Mandi,Tomato,Hybrid,1530.3,1725.66,1627.98,480
2026-09-07,Madhya Pradesh,Bhopal,Bhopal Mandi,Tomato,Hybrid,1527.92,1722.98,1625.45,480
2026-09-08,Madhya Pradesh,Bhopal,Bhopal Mandi,Tomato,Hybrid,1528.43,1723.55,1625.99,480
2026-09-09,Madhya Pradesh,Bhopal,Bhopal Mandi,Tomato,Hybrid,1531.05,1726.51,1628.78,480
2026-09-10,Madhya Pradesh,Bhopal,Bhopal Mandi,Tomato,Hybrid,1507.42,1699.86,1603.64,480
2026-05-14,Uttar Pradesh,Gautam Buddh Nagar,Greater Noida Mandi,Tomato,Desi,1276.87,1439.87,1358.37,45
2026-05-15,Uttar Pradesh,Gautam Buddh Nagar,Greater Noida Mandi,Tomato,Desi,1280.77,1444.27,1362.52,45
2026-05-16,Uttar Pradesh,Gautam Buddh Nagar,Greater Noida Mandi,Tomato,Desi,1284.2,1448.14,1366.17,45
2026-05-17,Uttar Pradesh,Gautam Buddh Nagar,Greater Noida Mandi,Tomato,Desi,1296.12,1461.58,1378.85,45
2026-05-18,Uttar Pradesh,Gautam Buddh Nagar,Greater Noida Mandi,Tomato,Desi,1289.58,1454.2,1371.89,45
2026-05-19,Uttar Pradesh,Gautam Buddh Nagar,Greater Noida Mandi,Tomato,Desi,1283.67,1447.55,1365.61,45
2026-05-20,Uttar Pradesh,Gautam Buddh Nagar,Greater Noida Mandi,Tomato,Desi,1277.23,1440.29,1358.76,45
2026-05-21,Uttar Pradesh,Gautam Buddh Nagar,Greater Noida Mandi,Tomato,Desi,1266.7,1428.4,1347.55,45
2026-05-22,Uttar Pradesh,Gautam Buddh Nagar,Greater Noida Mandi,Tomato,Desi,1236.57,1394.43,1315.5,45
2026-05-23,Uttar Pradesh,Gautam Buddh Nagar,Greater Noida Mandi,Tomato,Desi,1247.79,1407.09,1327.44,45
2026-05-24,Uttar Pradesh,Gautam Buddh Nagar,Greater Noida Mandi,Tomato,Desi,1257.47,1417.99,1337.73,45
2026-05-25,Uttar Pradesh,Gautam Buddh Nagar,Greater Noida Mandi,Tomato,Desi,1239.97,1398.27,1319.12,45
2026-05-26,Uttar Pradesh,Gautam Buddh Nagar,Greater Noida Mandi,Tomato,Desi,1235.2,1392.88,1314.04,45
2026-05-27,Uttar Pradesh,Gautam Buddh Nagar,Greater Noida Mandi,Tomato,Desi,1226.78,1383.38,1305.08,45
2026-05-28,Uttar Pradesh,Gautam Buddh Nagar,Greater Noida Mandi,Tomato,Desi,1218.8,1374.4,1296.6,45
2026-05-29,Uttar Pradesh,Gautam Buddh Nagar,Greater Noida Mandi,Tomato,Desi,1194.17,1346.61,1270.39,45
2026-05-30,Uttar Pradesh,Gautam Buddh Nagar,Greater Noida Mandi,Tomato,Desi,1187.05,1338.59,1262.82,45
2026-05-31,Uttar Pradesh,Gautam Buddh Nagar,Greater Noida Mandi,Tomato,Desi,1194.19,1346.63,1270.41,45
2026-06-01,Uttar Pradesh,Gautam Buddh Nagar,Greater Noida Mandi,Tomato,Desi,1224.09,1380.35,1302.22,45
2026-06-02,Uttar Pradesh,Gautam Buddh Nagar,Greater Noida Mandi,Tomato,Desi,1228.85,1385.73,1307.29,45
2026-06-03,Uttar Pradesh,Gautam Buddh Nagar,Greater Noida Mandi,Tomato,Desi,1230.46,1387.54,1309.0,45
2026-06-04,Uttar Pradesh,Gautam Buddh Nagar,Greater Noida Mandi,Tomato,Desi,1224.68,1381.02,1302.85,45
2026-06-05,Uttar Pradesh,Gautam Buddh Nagar,Greater Noida Mandi,Tomato,Desi,1217.9,1373.38,1295.64,45
2026-06-06,Uttar Pradesh,Gautam Buddh Nagar,Greater Noida Mandi,Tomato,Desi,1229.09,1385.99,1307.54,45
2026-06-07,Uttar Pradesh,Gautam Buddh Nagar,Greater Noida Mandi,Tomato,Desi,1232.66,1390.02,1311.34,45
2026-06-08,Uttar Pradesh,Gautam Buddh Nagar,Greater Noida Mandi,Tomato,Desi,1225.48,1381.92,1303.7,45
2026-06-09,Uttar Pradesh,Gautam Buddh Nagar,Greater Noida Mandi,Tomato,Desi,1213.81,1368.77,1291.29,45
2026-06-10,Uttar Pradesh,Gautam Buddh Nagar,Greater Noida Mandi,Tomato,Desi,1212.13,1366.87,1289.5,45
2026-06-11,Uttar Pradesh,Gautam Buddh Nagar,Greater Noida Mandi,Tomato,Desi,1206.13,1360.11,1283.12,45
2026-06-12,Uttar Pradesh,Gautam Buddh Nagar,Greater Noida Mandi,Tomato,Desi,1206.26,1360.26,1283.26,45
2026-06-13,Uttar Pradesh,Gautam Buddh Nagar,Greater Noida Mandi,Tomato,Desi,1203.79,1357.47,1280.63,45
2026-06-14,Uttar Pradesh,Gautam Buddh Nagar,Greater Noida Mandi,Tomato,Desi,1208.5,1362.78,1285.64,45
2026-06-15,Uttar Pradesh,Gautam Buddh Nagar,Greater Noida Mandi,Tomato,Desi,1194.02,1346.44,1270.23,45
2026-06-16,Uttar Pradesh,Gautam Buddh Nagar,Greater Noida Mandi,Tomato,Desi,1206.88,1360.96,1283.92,45
2026-06-17,Uttar Pradesh,Gautam Buddh Nagar,Greater Noida Mandi,Tomato,Desi,1239.32,1397.54,1318.43,45
2026-06-18,Uttar Pradesh,Gautam Buddh Nagar,Greater Noida Mandi,Tomato,Desi,1253.37,1413.37,1333.37,45
2026-06-19,Uttar Pradesh,Gautam Buddh Nagar,Greater Noida Mandi,Tomato,Desi,1256.1,1416.46,1336.28,45
2026-06-20,Uttar Pradesh,Gautam Buddh Nagar,Greater Noida Mandi,Tomato,Desi,1266.53,1428.21,1347.37,45
2026-06-21,Uttar Pradesh,Gautam Buddh Nagar,Greater Noida Mandi,Tomato,Desi,1255.01,1415.23,1335.12,45
2026-06-22,Uttar Pradesh,Gautam Buddh Nagar,Greater Noida Mandi,Tomato,Desi,1236.82,1394.72,1315.77,45
2026-06-23,Uttar Pradesh,Gautam Buddh Nagar,Greater Noida Mandi,Tomato,Desi,1246.0,1405.06,1325.53,45
2026-06-24,Uttar Pradesh,Gautam Buddh Nagar,Greater Noida Mandi,Tomato,Desi,1239.94,1398.24,1319.09,45
2026-06-25,Uttar Pradesh,Gautam Buddh Nagar,Greater Noida Mandi,Tomato,Desi,1224.51,1380.83,1302.67,45
2026-06-26,Uttar Pradesh,Gautam Buddh Nagar,Greater Noida Mandi,Tomato,Desi,1214.48,1369.52,1292.0,45
2026-06-27,Uttar Pradesh,Gautam Buddh Nagar,Greater Noida Mandi,Tomato,Desi,1201.56,1354.94,1278.25,45
2026-06-28,Uttar Pradesh,Gautam Buddh Nagar,Greater Noida Mandi,Tomato,Desi,1203.31,1356.93,1280.12,45
2026-06-29,Uttar Pradesh,Gautam Buddh Nagar,Greater Noida Mandi,Tomato,Desi,1210.26,1364.76,1287.51,45
2026-06-30,Uttar Pradesh,Gautam Buddh Nagar,Greater Noida Mandi,Tomato,Desi,1220.76,1376.6,1298.68,45
2026-07-01,Uttar Pradesh,Gautam Buddh Nagar,Greater Noida Mandi,Tomato,Desi,1231.32,1388.52,1309.92,45
2026-07-02,Uttar Pradesh,Gautam Buddh Nagar,Greater Noida Mandi,Tomato,Desi,1240.28,1398.62,1319.45,45
2026-07-03,Uttar Pradesh,Gautam Buddh Nagar,Greater Noida Mandi,Tomato,Desi,1238.07,1396.13,1317.1,45
2026-07-04,Uttar Pradesh,Gautam Buddh Nagar,Greater Noida Mandi,Tomato,Desi,1231.03,1388.19,1309.61,45
2026-07-05,Uttar Pradesh,Gautam Buddh Nagar,Greater Noida Mandi,Tomato,Desi,1213.72,1368.66,1291.19,45
2026-07-06,Uttar Pradesh,Gautam Buddh Nagar,Greater Noida Mandi,Tomato,Desi,1226.67,1383.27,1304.97,45
2026-07-07,Uttar Pradesh,Gautam Buddh Nagar,Greater Noida Mandi,Tomato,Desi,1224.81,1381.17,1302.99,45
2026-07-08,Uttar Pradesh,Gautam Buddh Nagar,Greater Noida Mandi,Tomato,Desi,1220.24,1376.02,1298.13,45
2026-07-09,Uttar Pradesh,Gautam Buddh Nagar,Greater Noida Mandi,Tomato,Desi,1234.13,1391.67,1312.9,45
2026-07-10,Uttar Pradesh,Gautam Buddh Nagar,Greater Noida Mandi,Tomato,Desi,1223.89,1380.13,1302.01,45
2026-07-11,Uttar Pradesh,Gautam Buddh Nagar,Greater Noida Mandi,Tomato,Desi,1233.78,1391.28,1312.53,45
2026-07-12,Uttar Pradesh,Gautam Buddh Nagar,Greater Noida Mandi,Tomato,Desi,1237.41,1395.37,1316.39,45
2026-07-13,Uttar Pradesh,Gautam Buddh Nagar,Greater Noida Mandi,Tomato,Desi,1225.55,1382.01,1303.78,45
2026-07-14,Uttar Pradesh,Gautam Buddh Nagar,Greater Noida Mandi,Tomato,Desi,1224.87,1381.23,1303.05,45
2026-07-15,Uttar Pradesh,Gautam Buddh Nagar,Greater Noida Mandi,Tomato,Desi,1236.35,1394.19,1315.27,45
2026-07-16,Uttar Pradesh,Gautam Buddh Nagar,Greater Noida Mandi,Tomato,Desi,1245.78,1404.82,1325.3,45
2026-07-17,Uttar Pradesh,Gautam Buddh Nagar,Greater Noida Mandi,Tomato,Desi,1263.33,1424.61,1343.97,45
2026-07-18,Uttar Pradesh,Gautam Buddh Nagar,Greater Noida Mandi,Tomato,Desi,1267.45,1429.25,1348.35,45
2026-07-19,Uttar Pradesh,Gautam Buddh Nagar,Greater Noida Mandi,Tomato,Desi,1306.79,1473.61,1390.2,45
2026-07-20,Uttar Pradesh,Gautam Buddh Nagar,Greater Noida Mandi,Tomato,Desi,1296.3,1461.78,1379.04,45
2026-07-21,Uttar Pradesh,Gautam Buddh Nagar,Greater Noida Mandi,Tomato,Desi,1291.86,1456.78,1374.32,45
2026-07-22,Uttar Pradesh,Gautam Buddh Nagar,Greater Noida Mandi,Tomato,Desi,1291.35,1456.21,1373.78,45
2026-07-23,Uttar Pradesh,Gautam Buddh Nagar,Greater Noida Mandi,Tomato,Desi,1275.08,1437.86,1356.47,45
2026-07-24,Uttar Pradesh,Gautam Buddh Nagar,Greater Noida Mandi,Tomato,Desi,1287.37,1451.71,1369.54,45
2026-07-25,Uttar Pradesh,Gautam Buddh Nagar,Greater Noida Mandi,Tomato,Desi,1298.05,1463.75,1380.9,45
2026-07-26,Uttar Pradesh,Gautam Buddh Nagar,Greater Noida Mandi,Tomato,Desi,1298.47,1464.23,1381.35,45
2026-07-27,Uttar Pradesh,Gautam Buddh Nagar,Greater Noida Mandi,Tomato,Desi,1292.45,1457.45,1374.95,45
2026-07-28,Uttar Pradesh,Gautam Buddh Nagar,Greater Noida Mandi,Tomato,Desi,1275.3,1438.1,1356.7,45
2026-07-29,Uttar Pradesh,Gautam Buddh Nagar,Greater Noida Mandi,Tomato,Desi,1266.33,1427.99,1347.16,45
2026-07-30,Uttar Pradesh,Gautam Buddh Nagar,Greater Noida Mandi,Tomato,Desi,1275.16,1437.94,1356.55,45
2026-07-31,Uttar Pradesh,Gautam Buddh Nagar,Greater Noida Mandi,Tomato,Desi,1272.88,1435.38,1354.13,45
2026-08-01,Uttar Pradesh,Gautam Buddh Nagar,Greater Noida Mandi,Tomato,Desi,1268.13,1430.01,1349.07,45
2026-08-02,Uttar Pradesh,Gautam Buddh Nagar,Greater Noida Mandi,Tomato,Desi,1274.14,1436.8,1355.47,45
2026-08-03,Uttar Pradesh,Gautam Buddh Nagar,Greater Noida Mandi,Tomato,Desi,1287.77,1452.17,1369.97,45
2026-08-04,Uttar Pradesh,Gautam Buddh Nagar,Greater Noida Mandi,Tomato,Desi,1290.95,1455.75,1373.35,45
2026-08-05,Uttar Pradesh,Gautam Buddh Nagar,Greater Noida Mandi,Tomato,Desi,1294.79,1460.09,1377.44,45
2026-08-06,Uttar Pradesh,Gautam Buddh Nagar,Greater Noida Mandi,Tomato,Desi,1310.91,1478.27,1394.59,45
2026-08-07,Uttar Pradesh,Gautam Buddh Nagar,Greater Noida Mandi,Tomato,Desi,1313.14,1480.78,1396.96,45
2026-08-08,Uttar Pradesh,Gautam Buddh Nagar,Greater Noida Mandi,Tomato,Desi,1309.75,1476.95,1393.35,45
2026-08-09,Uttar Pradesh,Gautam Buddh Nagar,Greater Noida Mandi,Tomato,Desi,1317.75,1485.97,1401.86,45
2026-08-10,Uttar Pradesh,Gautam Buddh Nagar,Greater Noida Mandi,Tomato,Desi,1314.97,1482.83,1398.9,45
2026-08-11,Uttar Pradesh,Gautam Buddh Nagar,Greater Noida Mandi,Tomato,Desi,1310.9,1478.24,1394.57,45
2026-08-12,Uttar Pradesh,Gautam Buddh Nagar,Greater Noida Mandi,Tomato,Desi,1325.87,1495.13,1410.5,45
2026-08-13,Uttar Pradesh,Gautam Buddh Nagar,Greater Noida Mandi,Tomato,Desi,1322.67,1491.53,1407.1,45
2026-08-14,Uttar Pradesh,Gautam Buddh Nagar,Greater Noida Mandi,Tomato,Desi,1292.05,1456.99,1374.52,45
2026-08-15,Uttar Pradesh,Gautam Buddh Nagar,Greater Noida Mandi,Tomato,Desi,1296.25,1461.73,1378.99,45
2026-08-16,Uttar Pradesh,Gautam Buddh Nagar,Greater Noida Mandi,Tomato,Desi,1291.86,1456.78,1374.32,45
2026-08-17,Uttar Pradesh,Gautam Buddh Nagar,Greater Noida Mandi,Tomato,Desi,1288.69,1453.21,1370.95,45
2026-08-18,Uttar Pradesh,Gautam Buddh Nagar,Greater Noida Mandi,Tomato,Desi,1294.14,1459.36,1376.75,45
2026-08-19,Uttar Pradesh,Gautam Buddh Nagar,Greater Noida Mandi,Tomato,Desi,1292.41,1457.39,1374.9,45
2026-08-20,Uttar Pradesh,Gautam Buddh Nagar,Greater Noida Mandi,Tomato,Desi,1295.09,1460.43,1377.76,45
2026-08-21,Uttar Pradesh,Gautam Buddh Nagar,Greater Noida Mandi,Tomato,Desi,1271.82,1434.18,1353.0,45
2026-08-22,Uttar Pradesh,Gautam Buddh Nagar,Greater Noida Mandi,Tomato,Desi,1261.07,1422.05,1341.56,45
2026-08-23,Uttar Pradesh,Gautam Buddh Nagar,Greater Noida Mandi,Tomato,Desi,1277.55,1440.65,1359.1,45
2026-08-24,Uttar Pradesh,Gautam Buddh Nagar,Greater Noida Mandi,Tomato,Desi,1277.54,1440.62,1359.08,45
2026-08-25,Uttar Pradesh,Gautam Buddh Nagar,Greater Noida Mandi,Tomato,Desi,1258.3,1418.94,1338.62,45
2026-08-26,Uttar Pradesh,Gautam Buddh Nagar,Greater Noida Mandi,Tomato,Desi,1246.05,1405.13,1325.59,45
2026-08-27,Uttar Pradesh,Gautam Buddh Nagar,Greater Noida Mandi,Tomato,Desi,1234.73,1392.35,1313.54,45
2026-08-28,Uttar Pradesh,Gautam Buddh Nagar,Greater Noida Mandi,Tomato,Desi,1236.11,1393.91,1315.01,45
2026-08-29,Uttar Pradesh,Gautam Buddh Nagar,Greater Noida Mandi,Tomato,Desi,1231.28,1388.46,1309.87,45
2026-08-30,Uttar Pradesh,Gautam Buddh Nagar,Greater Noida Mandi,Tomato,Desi,1223.82,1380.06,1301.94,45
2026-08-31,Uttar Pradesh,Gautam Buddh Nagar,Greater Noida Mandi,Tomato,Desi,1224.06,1380.32,1302.19,45
2026-09-01,Uttar Pradesh,Gautam Buddh Nagar,Greater Noida Mandi,Tomato,Desi,1229.8,1386.8,1308.3,45
2026-09-02,Uttar Pradesh,Gautam Buddh Nagar,Greater Noida Mandi,Tomato,Desi,1226.98,1383.62,1305.3,45
2026-09-03,Uttar Pradesh,Gautam Buddh Nagar,Greater Noida Mandi,Tomato,Desi,1220.51,1376.31,1298.41,45
2026-09-04,Uttar Pradesh,Gautam Buddh Nagar,Greater Noida Mandi,Tomato,Desi,1215.81,1371.01,1293.41,45
2026-09-05,Uttar Pradesh,Gautam Buddh Nagar,Greater Noida Mandi,Tomato,Desi,1219.95,1375.69,1297.82,45
2026-09-06,Uttar Pradesh,Gautam Buddh Nagar,Greater Noida Mandi,Tomato,Desi,1220.05,1375.81,1297.93,45
2026-09-07,Uttar Pradesh,Gautam Buddh Nagar,Greater Noida Mandi,Tomato,Desi,1229.15,1386.07,1307.61,45
2026-09-08,Uttar Pradesh,Gautam Buddh Nagar,Greater Noida Mandi,Tomato,Desi,1216.0,1371.24,1293.62,45
2026-09-09,Uttar Pradesh,Gautam Buddh Nagar,Greater Noida Mandi,Tomato,Desi,1207.19,1361.31,1284.25,45
2026-09-10,Uttar Pradesh,Gautam Buddh Nagar,Greater Noida Mandi,Tomato,Desi,1216.36,1371.64,1294.0,45
2026-05-14,Rajasthan,Jaipur,Jaipur Mandi,Tomato,Hybrid,1316.05,1484.05,1400.05,240
2026-05-15,Rajasthan,Jaipur,Jaipur Mandi,Tomato,Hybrid,1318.6,1486.94,1402.77,240
2026-05-16,Rajasthan,Jaipur,Jaipur Mandi,Tomato,Hybrid,1301.76,1467.94,1384.85,240
2026-05-17,Rajasthan,Jaipur,Jaipur Mandi,Tomato,Hybrid,1308.87,1475.95,1392.41,240
2026-05-18,Rajasthan,Jaipur,Jaipur Mandi,Tomato,Hybrid,1290.96,1455.76,1373.36,240
2026-05-19,Rajasthan,Jaipur,Jaipur Mandi,Tomato,Hybrid,1281.67,1445.29,1363.48,240
2026-05-20,Rajasthan,Jaipur,Jaipur Mandi,Tomato,Hybrid,1297.8,1463.48,1380.64,240
2026-05-21,Rajasthan,Jaipur,Jaipur Mandi,Tomato,Hybrid,1287.5,1451.86,1369.68,240
2026-05-22,Rajasthan,Jaipur,Jaipur Mandi,Tomato,Hybrid,1294.51,1459.77,1377.14,240
2026-05-23,Rajasthan,Jaipur,Jaipur Mandi,Tomato,Hybrid,1273.88,1436.5,1355.19,240
2026-05-24,Rajasthan,Jaipur,Jaipur Mandi,Tomato,Hybrid,1298.81,1464.61,1381.71,240
2026-05-25,Rajasthan,Jaipur,Jaipur Mandi,Tomato,Hybrid,1295.39,1460.75,1378.07,240
2026-05-26,Rajasthan,Jaipur,Jaipur Mandi,Tomato,Hybrid,1296.71,1462.25,1379.48,240
2026-05-27,Rajasthan,Jaipur,Jaipur Mandi,Tomato,Hybrid,1299.04,1464.88,1381.96,240
2026-05-28,Rajasthan,Jaipur,Jaipur Mandi,Tomato,Hybrid,1306.46,1473.24,1389.85,240
2026-05-29,Rajasthan,Jaipur,Jaipur Mandi,Tomato,Hybrid,1288.61,1453.11,1370.86,240
2026-05-30,Rajasthan,Jaipur,Jaipur Mandi,Tomato,Hybrid,1288.74,1453.26,1371.0,240
2026-05-31,Rajasthan,Jaipur,Jaipur Mandi,Tomato,Hybrid,1281.12,1444.66,1362.89,240
2026-06-01,Rajasthan,Jaipur,Jaipur Mandi,Tomato,Hybrid,1261.24,1422.24,1341.74,240
2026-06-02,Rajasthan,Jaipur,Jaipur Mandi,Tomato,Hybrid,1273.16,1435.7,1354.43,240
2026-06-03,Rajasthan,Jaipur,Jaipur Mandi,Tomato,Hybrid,1269.18,1431.2,1350.19,240
2026-06-04,Rajasthan,Jaipur,Jaipur Mandi,Tomato,Hybrid,1272.26,1434.68,1353.47,240
2026-06-05,Rajasthan,Jaipur,Jaipur Mandi,Tomato,Hybrid,1274.59,1437.31,1355.95,240
2026-06-06,Rajasthan,Jaipur,Jaipur Mandi,Tomato,Hybrid,1270.81,1433.05,1351.93,240
2026-06-07,Rajasthan,Jaipur,Jaipur Mandi,Tomato,Hybrid,1294.47,1459.73,1377.1,240
2026-06-08,Rajasthan,Jaipur,Jaipur Mandi,Tomato,Hybrid,1294.11,1459.31,1376.71,240
2026-06-09,Rajasthan,Jaipur,Jaipur Mandi,Tomato,Hybrid,1275.8,1438.66,1357.23,240
2026-06-10,Rajasthan,Jaipur,Jaipur Mandi,Tomato,Hybrid,1271.24,1433.52,1352.38,240
2026-06-11,Rajasthan,Jaipur,Jaipur Mandi,Tomato,Hybrid,1277.38,1440.44,1358.91,240
2026-06-12,Rajasthan,Jaipur,Jaipur Mandi,Tomato,Hybrid,1283.9,1447.8,1365.85,240
2026-06-13,Rajasthan,Jaipur,Jaipur Mandi,Tomato,Hybrid,1271.18,1433.46,1352.32,240
2026-06-14,Rajasthan,Jaipur,Jaipur Mandi,Tomato,Hybrid,1282.41,1446.13,1364.27,240
2026-06-15,Rajasthan,Jaipur,Jaipur Mandi,Tomato,Hybrid,1261.67,1422.73,1342.2,240
2026-06-16,Rajasthan,Jaipur,Jaipur Mandi,Tomato,Hybrid,1275.46,1438.28,1356.87,240
2026-06-17,Rajasthan,Jaipur,Jaipur Mandi,Tomato,Hybrid,1259.99,1420.83,1340.41,240
2026-06-18,Rajasthan,Jaipur,Jaipur Mandi,Tomato,Hybrid,1257.49,1418.03,1337.76,240
2026-06-19,Rajasthan,Jaipur,Jaipur Mandi,Tomato,Hybrid,1270.34,1432.52,1351.43,240
2026-06-20,Rajasthan,Jaipur,Jaipur Mandi,Tomato,Hybrid,1271.96,1434.34,1353.15,240
2026-06-21,Rajasthan,Jaipur,Jaipur Mandi,Tomato,Hybrid,1281.86,1445.5,1363.68,240
2026-06-22,Rajasthan,Jaipur,Jaipur Mandi,Tomato,Hybrid,1289.41,1454.01,1371.71,240
2026-06-23,Rajasthan,Jaipur,Jaipur Mandi,Tomato,Hybrid,1304.89,1471.47,1388.18,240
2026-06-24,Rajasthan,Jaipur,Jaipur Mandi,Tomato,Hybrid,1317.7,1485.92,1401.81,240
2026-06-25,Rajasthan,Jaipur,Jaipur Mandi,Tomato,Hybrid,1312.51,1480.07,1396.29,240
2026-06-26,Rajasthan,Jaipur,Jaipur Mandi,Tomato,Hybrid,1320.23,1488.77,1404.5,240
2026-06-27,Rajasthan,Jaipur,Jaipur Mandi,Tomato,Hybrid,1302.29,1468.55,1385.42,240
2026-06-28,Rajasthan,Jaipur,Jaipur Mandi,Tomato,Hybrid,1301.81,1467.99,1384.9,240
2026-06-29,Rajasthan,Jaipur,Jaipur Mandi,Tomato,Hybrid,1311.72,1479.18,1395.45,240
2026-06-30,Rajasthan,Jaipur,Jaipur Mandi,Tomato,Hybrid,1313.51,1481.19,1397.35,240
2026-07-01,Rajasthan,Jaipur,Jaipur Mandi,Tomato,Hybrid,1319.02,1487.4,1403.21,240
2026-07-02,Rajasthan,Jaipur,Jaipur Mandi,Tomato,Hybrid,1316.68,1484.76,1400.72,240
2026-07-03,Rajasthan,Jaipur,Jaipur Mandi,Tomato,Hybrid,1330.29,1500.11,1415.2,240
2026-07-04,Rajasthan,Jaipur,Jaipur Mandi,Tomato,Hybrid,1329.54,1499.26,1414.4,240
2026-07-05,Rajasthan,Jaipur,Jaipur Mandi,Tomato,Hybrid,1324.21,1493.25,1408.73,240
2026-07-06,Rajasthan,Jaipur,Jaipur Mandi,Tomato,Hybrid,1334.93,1505.35,1420.14,240
2026-07-07,Rajasthan,Jaipur,Jaipur Mandi,Tomato,Hybrid,1318.43,1486.75,1402.59,240
2026-07-08,Rajasthan,Jaipur,Jaipur Mandi,Tomato,Hybrid,1324.58,1493.68,1409.13,240
2026-07-09,Rajasthan,Jaipur,Jaipur Mandi,Tomato,Hybrid,1312.4,1479.94,1396.17,240
2026-07-10,Rajasthan,Jaipur,Jaipur Mandi,Tomato,Hybrid,1327.78,1497.28,1412.53,240
2026-07-11,Rajasthan,Jaipur,Jaipur Mandi,Tomato,Hybrid,1324.87,1494.01,1409.44,240
2026-07-12,Rajasthan,Jaipur,Jaipur Mandi,Tomato,Hybrid,1326.68,1496.04,1411.36,240
2026-07-13,Rajasthan,Jaipur,Jaipur Mandi,Tomato,Hybrid,1331.77,1501.79,1416.78,240
2026-07-14,Rajasthan,Jaipur,Jaipur Mandi,Tomato,Hybrid,1309.05,1476.17,1392.61,240
2026-07-15,Rajasthan,Jaipur,Jaipur Mandi,Tomato,Hybrid,1301.52,1467.68,1384.6,240
2026-07-16,Rajasthan,Jaipur,Jaipur Mandi,Tomato,Hybrid,1314.12,1481.88,1398.0,240
2026-07-17,Rajasthan,Jaipur,Jaipur Mandi,Tomato,Hybrid,1324.62,1493.72,1409.17,240
2026-07-18,Rajasthan,Jaipur,Jaipur Mandi,Tomato,Hybrid,1328.18,1497.74,1412.96,240
2026-07-19,Rajasthan,Jaipur,Jaipur Mandi,Tomato,Hybrid,1312.35,1479.89,1396.12,240
2026-07-20,Rajasthan,Jaipur,Jaipur Mandi,Tomato,Hybrid,1319.51,1487.95,1403.73,240
2026-07-21,Rajasthan,Jaipur,Jaipur Mandi,Tomato,Hybrid,1328.17,1497.73,1412.95,240
2026-07-22,Rajasthan,Jaipur,Jaipur Mandi,Tomato,Hybrid,1328.93,1498.59,1413.76,240
2026-07-23,Rajasthan,Jaipur,Jaipur Mandi,Tomato,Hybrid,1343.66,1515.2,1429.43,240
2026-07-24,Rajasthan,Jaipur,Jaipur Mandi,Tomato,Hybrid,1335.74,1506.26,1421.0,240
2026-07-25,Rajasthan,Jaipur,Jaipur Mandi,Tomato,Hybrid,1329.88,1499.66,1414.77,240
2026-07-26,Rajasthan,Jaipur,Jaipur Mandi,Tomato,Hybrid,1300.57,1466.59,1383.58,240
2026-07-27,Rajasthan,Jaipur,Jaipur Mandi,Tomato,Hybrid,1311.69,1479.13,1395.41,240
2026-07-28,Rajasthan,Jaipur,Jaipur Mandi,Tomato,Hybrid,1315.61,1483.57,1399.59,240
2026-07-29,Rajasthan,Jaipur,Jaipur Mandi,Tomato,Hybrid,1295.84,1461.26,1378.55,240
2026-07-30,Rajasthan,Jaipur,Jaipur Mandi,Tomato,Hybrid,1275.14,1437.92,1356.53,240
2026-07-31,Rajasthan,Jaipur,Jaipur Mandi,Tomato,Hybrid,1264.97,1426.45,1345.71,240
2026-08-01,Rajasthan,Jaipur,Jaipur Mandi,Tomato,Hybrid,1274.59,1437.31,1355.95,240
2026-08-02,Rajasthan,Jaipur,Jaipur Mandi,Tomato,Hybrid,1271.23,1433.51,1352.37,240
2026-08-03,Rajasthan,Jaipur,Jaipur Mandi,Tomato,Hybrid,1261.87,1422.95,1342.41,240
2026-08-04,Rajasthan,Jaipur,Jaipur Mandi,Tomato,Hybrid,1250.11,1409.69,1329.9,240
2026-08-05,Rajasthan,Jaipur,Jaipur Mandi,Tomato,Hybrid,1237.82,1395.84,1316.83,240
2026-08-06,Rajasthan,Jaipur,Jaipur Mandi,Tomato,Hybrid,1215.05,1370.17,1292.61,240
2026-08-07,Rajasthan,Jaipur,Jaipur Mandi,Tomato,Hybrid,1200.91,1354.21,1277.56,240
2026-08-08,Rajasthan,Jaipur,Jaipur Mandi,Tomato,Hybrid,1188.39,1340.09,1264.24,240
2026-08-09,Rajasthan,Jaipur,Jaipur Mandi,Tomato,Hybrid,1196.7,1349.46,1273.08,240
2026-08-10,Rajasthan,Jaipur,Jaipur Mandi,Tomato,Hybrid,1194.92,1347.46,1271.19,240
2026-08-11,Rajasthan,Jaipur,Jaipur Mandi,Tomato,Hybrid,1185.31,1336.63,1260.97,240
2026-08-12,Rajasthan,Jaipur,Jaipur Mandi,Tomato,Hybrid,1212.95,1367.79,1290.37,240
2026-08-13,Rajasthan,Jaipur,Jaipur Mandi,Tomato,Hybrid,1205.26,1359.12,1282.19,240
2026-08-14,Rajasthan,Jaipur,Jaipur Mandi,Tomato,Hybrid,1219.32,1374.98,1297.15,240
2026-08-15,Rajasthan,Jaipur,Jaipur Mandi,Tomato,Hybrid,1238.78,1396.92,1317.85,240
2026-08-16,Rajasthan,Jaipur,Jaipur Mandi,Tomato,Hybrid,1220.33,1376.11,1298.22,240
2026-08-17,Rajasthan,Jaipur,Jaipur Mandi,Tomato,Hybrid,1221.4,1377.32,1299.36,240
2026-08-18,Rajasthan,Jaipur,Jaipur Mandi,Tomato,Hybrid,1215.45,1370.61,1293.03,240
2026-08-19,Rajasthan,Jaipur,Jaipur Mandi,Tomato,Hybrid,1208.53,1362.81,1285.67,240
2026-08-20,Rajasthan,Jaipur,Jaipur Mandi,Tomato,Hybrid,1215.33,1370.47,1292.9,240
2026-08-21,Rajasthan,Jaipur,Jaipur Mandi,Tomato,Hybrid,1208.13,1362.35,1285.24,240
2026-08-22,Rajasthan,Jaipur,Jaipur Mandi,Tomato,Hybrid,1202.44,1355.94,1279.19,240
2026-08-23,Rajasthan,Jaipur,Jaipur Mandi,Tomato,Hybrid,1200.63,1353.91,1277.27,240
2026-08-24,Rajasthan,Jaipur,Jaipur Mandi,Tomato,Hybrid,1196.39,1349.13,1272.76,240
2026-08-25,Rajasthan,Jaipur,Jaipur Mandi,Tomato,Hybrid,1182.65,1333.63,1258.14,240
2026-08-26,Rajasthan,Jaipur,Jaipur Mandi,Tomato,Hybrid,1192.31,1344.51,1268.41,240
2026-08-27,Rajasthan,Jaipur,Jaipur Mandi,Tomato,Hybrid,1204.96,1358.78,1281.87,240
2026-08-28,Rajasthan,Jaipur,Jaipur Mandi,Tomato,Hybrid,1209.24,1363.62,1286.43,240
2026-08-29,Rajasthan,Jaipur,Jaipur Mandi,Tomato,Hybrid,1204.97,1358.79,1281.88,240
2026-08-30,Rajasthan,Jaipur,Jaipur Mandi,Tomato,Hybrid,1196.79,1349.57,1273.18,240
2026-08-31,Rajasthan,Jaipur,Jaipur Mandi,Tomato,Hybrid,1188.62,1340.36,1264.49,240
2026-09-01,Rajasthan,Jaipur,Jaipur Mandi,Tomato,Hybrid,1216.83,1372.17,1294.5,240
2026-09-02,Rajasthan,Jaipur,Jaipur Mandi,Tomato,Hybrid,1228.17,1384.95,1306.56,240
2026-09-03,Rajasthan,Jaipur,Jaipur Mandi,Tomato,Hybrid,1218.38,1373.92,1296.15,240
2026-09-04,Rajasthan,Jaipur,Jaipur Mandi,Tomato,Hybrid,1220.54,1376.36,1298.45,240
2026-09-05,Rajasthan,Jaipur,Jaipur Mandi,Tomato,Hybrid,1216.44,1371.72,1294.08,240
2026-09-06,Rajasthan,Jaipur,Jaipur Mandi,Tomato,Hybrid,1223.56,1379.76,1301.66,240
2026-09-07,Rajasthan,Jaipur,Jaipur Mandi,Tomato,Hybrid,1230.22,1387.26,1308.74,240
2026-09-08,Rajasthan,Jaipur,Jaipur Mandi,Tomato,Hybrid,1243.29,1402.01,1322.65,240
2026-09-09,Rajasthan,Jaipur,Jaipur Mandi,Tomato,Hybrid,1233.38,1390.84,1312.11,240
2026-09-10,Rajasthan,Jaipur,Jaipur Mandi,Tomato,Hybrid,1234.82,1392.46,1313.64,240
2026-05-14,Uttar Pradesh,Kanpur Nagar,Kanpur Mandi,Tomato,Local,1286.62,1450.88,1368.75,130
2026-05-15,Uttar Pradesh,Kanpur Nagar,Kanpur Mandi,Tomato,Local,1271.84,1434.2,1353.02,130
2026-05-16,Uttar Pradesh,Kanpur Nagar,Kanpur Mandi,Tomato,Local,1250.14,1409.74,1329.94,130
2026-05-17,Uttar Pradesh,Kanpur Nagar,Kanpur Mandi,Tomato,Local,1261.09,1422.09,1341.59,130
2026-05-18,Uttar Pradesh,Kanpur Nagar,Kanpur Mandi,Tomato,Local,1261.6,1422.66,1342.13,130
2026-05-19,Uttar Pradesh,Kanpur Nagar,Kanpur Mandi,Tomato,Local,1263.26,1424.52,1343.89,130
2026-05-20,Uttar Pradesh,Kanpur Nagar,Kanpur Mandi,Tomato,Local,1259.31,1420.07,1339.69,130
2026-05-21,Uttar Pradesh,Kanpur Nagar,Kanpur Mandi,Tomato,Local,1256.77,1417.21,1336.99,130
2026-05-22,Uttar Pradesh,Kanpur Nagar,Kanpur Mandi,Tomato,Local,1251.72,1411.52,1331.62,130
2026-05-23,Uttar Pradesh,Kanpur Nagar,Kanpur Mandi,Tomato,Local,1244.76,1403.66,1324.21,130
2026-05-24,Uttar Pradesh,Kanpur Nagar,Kanpur Mandi,Tomato,Local,1240.58,1398.96,1319.77,130
2026-05-25,Uttar Pradesh,Kanpur Nagar,Kanpur Mandi,Tomato,Local,1236.04,1393.84,1314.94,130
2026-05-26,Uttar Pradesh,Kanpur Nagar,Kanpur Mandi,Tomato,Local,1226.77,1383.37,1305.07,130
2026-05-27,Uttar Pradesh,Kanpur Nagar,Kanpur Mandi,Tomato,Local,1220.72,1376.56,1298.64,130
2026-05-28,Uttar Pradesh,Kanpur Nagar,Kanpur Mandi,Tomato,Local,1192.3,1344.5,1268.4,130
2026-05-29,Uttar Pradesh,Kanpur Nagar,Kanpur Mandi,Tomato,Local,1200.31,1353.55,1276.93,130
2026-05-30,Uttar Pradesh,Kanpur Nagar,Kanpur Mandi,Tomato,Local,1204.97,1358.79,1281.88,130
2026-05-31,Uttar Pradesh,Kanpur Nagar,Kanpur Mandi,Tomato,Local,1204.19,1357.91,1281.05,130
2026-06-01,Uttar Pradesh,Kanpur Nagar,Kanpur Mandi,Tomato,Local,1207.09,1361.19,1284.14,130
2026-06-02,Uttar Pradesh,Kanpur Nagar,Kanpur Mandi,Tomato,Local,1210.41,1364.93,1287.67,130
2026-06-03,Uttar Pradesh,Kanpur Nagar,Kanpur Mandi,Tomato,Local,1202.32,1355.8,1279.06,130
2026-06-04,Uttar Pradesh,Kanpur Nagar,Kanpur Mandi,Tomato,Local,1196.42,1349.16,1272.79,130
2026-06-05,Uttar Pradesh,Kanpur Nagar,Kanpur Mandi,Tomato,Local,1202.65,1356.19,1279.42,130
2026-06-06,Uttar Pradesh,Kanpur Nagar,Kanpur Mandi,Tomato,Local,1205.21,1359.07,1282.14,130
2026-06-07,Uttar Pradesh,Kanpur Nagar,Kanpur Mandi,Tomato,Local,1228.77,1385.63,1307.2,130
2026-06-08,Uttar Pradesh,Kanpur Nagar,Kanpur Mandi,Tomato,Local,1247.48,1406.74,1327.11,130
2026-06-09,Uttar Pradesh,Kanpur Nagar,Kanpur Mandi,Tomato,Local,1258.34,1418.98,1338.66,130
2026-06-10,Uttar Pradesh,Kanpur Nagar,Kanpur Mandi,Tomato,Local,1249.81,1409.37,1329.59,130
2026-06-11,Uttar Pradesh,Kanpur Nagar,Kanpur Mandi,Tomato,Local,1243.55,1402.31,1322.93,130
2026-06-12,Uttar Pradesh,Kanpur Nagar,Kanpur Mandi,Tomato,Local,1232.28,1389.6,1310.94,130
2026-06-13,Uttar Pradesh,Kanpur Nagar,Kanpur Mandi,Tomato,Local,1235.68,1393.42,1314.55,130
2026-06-14,Uttar Pradesh,Kanpur Nagar,Kanpur Mandi,Tomato,Local,1204.53,1358.29,1281.41,130
2026-06-15,Uttar Pradesh,Kanpur Nagar,Kanpur Mandi,Tomato,Local,1199.47,1352.59,1276.03,130
2026-06-16,Uttar Pradesh,Kanpur Nagar,Kanpur Mandi,Tomato,Local,1196.16,1348.86,1272.51,130
2026-06-17,Uttar Pradesh,Kanpur Nagar,Kanpur Mandi,Tomato,Local,1178.92,1329.42,1254.17,130
2026-06-18,Uttar Pradesh,Kanpur Nagar,Kanpur Mandi,Tomato,Local,1188.23,1339.91,1264.07,130
2026-06-19,Uttar Pradesh,Kanpur Nagar,Kanpur Mandi,Tomato,Local,1175.39,1325.45,1250.42,130
2026-06-20,Uttar Pradesh,Kanpur Nagar,Kanpur Mandi,Tomato,Local,1178.65,1329.11,1253.88,130
2026-06-21,Uttar Pradesh,Kanpur Nagar,Kanpur Mandi,Tomato,Local,1210.66,1365.22,1287.94,130
2026-06-22,Uttar Pradesh,Kanpur Nagar,Kanpur Mandi,Tomato,Local,1192.44,1344.66,1268.55,130
2026-06-23,Uttar Pradesh,Kanpur Nagar,Kanpur Mandi,Tomato,Local,1190.93,1342.97,1266.95,130
2026-06-24,Uttar Pradesh,Kanpur Nagar,Kanpur Mandi,Tomato,Local,1186.46,1337.92,1262.19,130
2026-06-25,Uttar Pradesh,Kanpur Nagar,Kanpur Mandi,Tomato,Local,1179.77,1330.37,1255.07,130
2026-06-26,Uttar Pradesh,Kanpur Nagar,Kanpur Mandi,Tomato,Local,1188.65,1340.39,1264.52,130
2026-06-27,Uttar Pradesh,Kanpur Nagar,Kanpur Mandi,Tomato,Local,1201.49,1354.87,1278.18,130
2026-06-28,Uttar Pradesh,Kanpur Nagar,Kanpur Mandi,Tomato,Local,1210.5,1365.04,1287.77,130
2026-06-29,Uttar Pradesh,Kanpur Nagar,Kanpur Mandi,Tomato,Local,1202.43,1355.93,1279.18,130
2026-06-30,Uttar Pradesh,Kanpur Nagar,Kanpur Mandi,Tomato,Local,1230.45,1387.53,1308.99,130
2026-07-01,Uttar Pradesh,Kanpur Nagar,Kanpur Mandi,Tomato,Local,1210.39,1364.91,1287.65,130
2026-07-02,Uttar Pradesh,Kanpur Nagar,Kanpur Mandi,Tomato,Local,1198.78,1351.82,1275.3,130
2026-07-03,Uttar Pradesh,Kanpur Nagar,Kanpur Mandi,Tomato,Local,1200.91,1354.21,1277.56,130
2026-07-04,Uttar Pradesh,Kanpur Nagar,Kanpur Mandi,Tomato,Local,1202.12,1355.58,1278.85,130
2026-07-05,Uttar Pradesh,Kanpur Nagar,Kanpur Mandi,Tomato,Local,1207.89,1362.09,1284.99,130
2026-07-06,Uttar Pradesh,Kanpur Nagar,Kanpur Mandi,Tomato,Local,1226.15,1382.69,1304.42,130
2026-07-07,Uttar Pradesh,Kanpur Nagar,Kanpur Mandi,Tomato,Local,1224.97,1381.35,1303.16,130
2026-07-08,Uttar Pradesh,Kanpur Nagar,Kanpur Mandi,Tomato,Local,1226.46,1383.04,1304.75,130
2026-07-09,Uttar Pradesh,Kanpur Nagar,Kanpur Mandi,Tomato,Local,1219.86,1375.58,1297.72,130
2026-07-10,Uttar Pradesh,Kanpur Nagar,Kanpur Mandi,Tomato,Local,1226.78,1383.38,1305.08,130
2026-07-11,Uttar Pradesh,Kanpur Nagar,Kanpur Mandi,Tomato,Local,1223.33,1379.49,1301.41,130
2026-07-12,Uttar Pradesh,Kanpur Nagar,Kanpur Mandi,Tomato,Local,1219.87,1375.59,1297.73,130
2026-07-13,Uttar Pradesh,Kanpur Nagar,Kanpur Mandi,Tomato,Local,1226.27,1382.81,1304.54,130
2026-07-14,Uttar Pradesh,Kanpur Nagar,Kanpur Mandi,Tomato,Local,1238.29,1396.37,1317.33,130
2026-07-15,Uttar Pradesh,Kanpur Nagar,Kanpur Mandi,Tomato,Local,1213.24,1368.12,1290.68,130
2026-07-16,Uttar Pradesh,Kanpur Nagar,Kanpur Mandi,Tomato,Local,1217.55,1372.99,1295.27,130
2026-07-17,Uttar Pradesh,Kanpur Nagar,Kanpur Mandi,Tomato,Local,1214.65,1369.71,1292.18,130
2026-07-18,Uttar Pradesh,Kanpur Nagar,Kanpur Mandi,Tomato,Local,1225.68,1382.14,1303.91,130
2026-07-19,Uttar Pradesh,Kanpur Nagar,Kanpur Mandi,Tomato,Local,1223.01,1379.13,1301.07,130
2026-07-20,Uttar Pradesh,Kanpur Nagar,Kanpur Mandi,Tomato,Local,1238.07,1396.13,1317.1,130
2026-07-21,Uttar Pradesh,Kanpur Nagar,Kanpur Mandi,Tomato,Local,1230.54,1387.62,1309.08,130
2026-07-22,Uttar Pradesh,Kanpur Nagar,Kanpur Mandi,Tomato,Local,1205.22,1359.08,1282.15,130
2026-07-23,Uttar Pradesh,Kanpur Nagar,Kanpur Mandi,Tomato,Local,1217.44,1372.86,1295.15,130
2026-07-24,Uttar Pradesh,Kanpur Nagar,Kanpur Mandi,Tomato,Local,1207.98,1362.2,1285.09,130
2026-07-25,Uttar Pradesh,Kanpur Nagar,Kanpur Mandi,Tomato,Local,1190.11,1342.03,1266.07,130
2026-07-26,Uttar Pradesh,Kanpur Nagar,Kanpur Mandi,Tomato,Local,1190.48,1342.46,1266.47,130
2026-07-27,Uttar Pradesh,Kanpur Nagar,Kanpur Mandi,Tomato,Local,1187.93,1339.59,1263.76,130
2026-07-28,Uttar Pradesh,Kanpur Nagar,Kanpur Mandi,Tomato,Local,1197.53,1350.41,1273.97,130
2026-07-29,Uttar Pradesh,Kanpur Nagar,Kanpur Mandi,Tomato,Local,1207.93,1362.13,1285.03,130
2026-07-30,Uttar Pradesh,Kanpur Nagar,Kanpur Mandi,Tomato,Local,1209.22,1363.58,1286.4,130
2026-07-31,Uttar Pradesh,Kanpur Nagar,Kanpur Mandi,Tomato,Local,1199.29,1352.39,1275.84,130
2026-08-01,Uttar Pradesh,Kanpur Nagar,Kanpur Mandi,Tomato,Local,1202.76,1356.3,1279.53,130
2026-08-02,Uttar Pradesh,Kanpur Nagar,Kanpur Mandi,Tomato,Local,1204.84,1358.64,1281.74,130
2026-08-03,Uttar Pradesh,Kanpur Nagar,Kanpur Mandi,Tomato,Local,1211.54,1366.2,1288.87,130
2026-08-04,Uttar Pradesh,Kanpur Nagar,Kanpur Mandi,Tomato,Local,1201.72,1355.14,1278.43,130
2026-08-05,Uttar Pradesh,Kanpur Nagar,Kanpur Mandi,Tomato,Local,1197.33,1350.19,1273.76,130
2026-08-06,Uttar Pradesh,Kanpur Nagar,Kanpur Mandi,Tomato,Local,1203.35,1356.97,1280.16,130
2026-08-07,Uttar Pradesh,Kanpur Nagar,Kanpur Mandi,Tomato,Local,1217.8,1373.26,1295.53,130
2026-08-08,Uttar Pradesh,Kanpur Nagar,Kanpur Mandi,Tomato,Local,1229.04,1385.94,1307.49,130
2026-08-09,Uttar Pradesh,Kanpur Nagar,Kanpur Mandi,Tomato,Local,1230.17,1387.21,1308.69,130
2026-08-10,Uttar Pradesh,Kanpur Nagar,Kanpur Mandi,Tomato,Local,1224.78,1381.14,1302.96,130
2026-08-11,Uttar Pradesh,Kanpur Nagar,Kanpur Mandi,Tomato,Local,1229.6,1386.56,1308.08,130
2026-08-12,Uttar Pradesh,Kanpur Nagar,Kanpur Mandi,Tomato,Local,1217.3,1372.7,1295.0,130
2026-08-13,Uttar Pradesh,Kanpur Nagar,Kanpur Mandi,Tomato,Local,1208.15,1362.39,1285.27,130
2026-08-14,Uttar Pradesh,Kanpur Nagar,Kanpur Mandi,Tomato,Local,1225.61,1382.07,1303.84,130
2026-08-15,Uttar Pradesh,Kanpur Nagar,Kanpur Mandi,Tomato,Local,1230.39,1387.47,1308.93,130
2026-08-16,Uttar Pradesh,Kanpur Nagar,Kanpur Mandi,Tomato,Local,1226.61,1383.19,1304.9,130
2026-08-17,Uttar Pradesh,Kanpur Nagar,Kanpur Mandi,Tomato,Local,1236.28,1394.1,1315.19,130
2026-08-18,Uttar Pradesh,Kanpur Nagar,Kanpur Mandi,Tomato,Local,1251.19,1410.91,1331.05,130
2026-08-19,Uttar Pradesh,Kanpur Nagar,Kanpur Mandi,Tomato,Local,1246.29,1405.39,1325.84,130
2026-08-20,Uttar Pradesh,Kanpur Nagar,Kanpur Mandi,Tomato,Local,1241.6,1400.1,1320.85,130
2026-08-21,Uttar Pradesh,Kanpur Nagar,Kanpur Mandi,Tomato,Local,1235.47,1393.19,1314.33,130
2026-08-22,Uttar Pradesh,Kanpur Nagar,Kanpur Mandi,Tomato,Local,1246.68,1405.84,1326.26,130
2026-08-23,Uttar Pradesh,Kanpur Nagar,Kanpur Mandi,Tomato,Local,1258.0,1418.6,1338.3,130
2026-08-24,Uttar Pradesh,Kanpur Nagar,Kanpur Mandi,Tomato,Local,1274.04,1436.68,1355.36,130
2026-08-25,Uttar Pradesh,Kanpur Nagar,Kanpur Mandi,Tomato,Local,1285.76,1449.9,1367.83,130
2026-08-26,Uttar Pradesh,Kanpur Nagar,Kanpur Mandi,Tomato,Local,1267.29,1429.07,1348.18,130
2026-08-27,Uttar Pradesh,Kanpur Nagar,Kanpur Mandi,Tomato,Local,1270.69,1432.91,1351.8,130
2026-08-28,Uttar Pradesh,Kanpur Nagar,Kanpur Mandi,Tomato,Local,1258.78,1419.48,1339.13,130
2026-08-29,Uttar Pradesh,Kanpur Nagar,Kanpur Mandi,Tomato,Local,1253.1,1413.08,1333.09,130
2026-08-30,Uttar Pradesh,Kanpur Nagar,Kanpur Mandi,Tomato,Local,1255.25,1415.49,1335.37,130
2026-08-31,Uttar Pradesh,Kanpur Nagar,Kanpur Mandi,Tomato,Local,1265.0,1426.48,1345.74,130
2026-09-01,Uttar Pradesh,Kanpur Nagar,Kanpur Mandi,Tomato,Local,1254.99,1415.21,1335.1,130
2026-09-02,Uttar Pradesh,Kanpur Nagar,Kanpur Mandi,Tomato,Local,1228.61,1385.45,1307.03,130
2026-09-03,Uttar Pradesh,Kanpur Nagar,Kanpur Mandi,Tomato,Local,1230.86,1388.0,1309.43,130
2026-09-04,Uttar Pradesh,Kanpur Nagar,Kanpur Mandi,Tomato,Local,1261.28,1422.3,1341.79,130
2026-09-05,Uttar Pradesh,Kanpur Nagar,Kanpur Mandi,Tomato,Local,1259.15,1419.89,1339.52,130
2026-09-06,Uttar Pradesh,Kanpur Nagar,Kanpur Mandi,Tomato,Local,1259.88,1420.72,1340.3,130
2026-09-07,Uttar Pradesh,Kanpur Nagar,Kanpur Mandi,Tomato,Local,1280.45,1443.91,1362.18,130
2026-09-08,Uttar Pradesh,Kanpur Nagar,Kanpur Mandi,Tomato,Local,1287.39,1451.73,1369.56,130
2026-09-09,Uttar Pradesh,Kanpur Nagar,Kanpur Mandi,Tomato,Local,1290.06,1454.74,1372.4,130
2026-09-10,Uttar Pradesh,Kanpur Nagar,Kanpur Mandi,Tomato,Local,1295.3,1460.66,1377.98,130
2026-05-14,Uttar Pradesh,Lucknow,Lucknow Mandi,Tomato,Hybrid,1264.07,1425.45,1344.76,210
2026-05-15,Uttar Pradesh,Lucknow,Lucknow Mandi,Tomato,Hybrid,1279.31,1442.63,1360.97,210
2026-05-16,Uttar Pradesh,Lucknow,Lucknow Mandi,Tomato,Hybrid,1297.32,1462.94,1380.13,210
2026-05-17,Uttar Pradesh,Lucknow,Lucknow Mandi,Tomato,Hybrid,1291.79,1456.69,1374.24,210
2026-05-18,Uttar Pradesh,Lucknow,Lucknow Mandi,Tomato,Hybrid,1280.9,1444.42,1362.66,210
2026-05-19,Uttar Pradesh,Lucknow,Lucknow Mandi,Tomato,Hybrid,1279.69,1443.05,1361.37,210
2026-05-20,Uttar Pradesh,Lucknow,Lucknow Mandi,Tomato,Hybrid,1280.5,1443.96,1362.23,210
2026-05-21,Uttar Pradesh,Lucknow,Lucknow Mandi,Tomato,Hybrid,1292.92,1457.98,1375.45,210
2026-05-22,Uttar Pradesh,Lucknow,Lucknow Mandi,Tomato,Hybrid,1274.17,1436.83,1355.5,210
2026-05-23,Uttar Pradesh,Lucknow,Lucknow Mandi,Tomato,Hybrid,1291.47,1456.33,1373.9,210
2026-05-24,Uttar Pradesh,Lucknow,Lucknow Mandi,Tomato,Hybrid,1289.89,1454.55,1372.22,210
2026-05-25,Uttar Pradesh,Lucknow,Lucknow Mandi,Tomato,Hybrid,1285.3,1449.38,1367.34,210
2026-05-26,Uttar Pradesh,Lucknow,Lucknow Mandi,Tomato,Hybrid,1274.17,1436.83,1355.5,210
2026-05-27,Uttar Pradesh,Lucknow,Lucknow Mandi,Tomato,Hybrid,1255.84,1416.16,1336.0,210
2026-05-28,Uttar Pradesh,Lucknow,Lucknow Mandi,Tomato,Hybrid,1265.24,1426.76,1346.0,210
2026-05-29,Uttar Pradesh,Lucknow,Lucknow Mandi,Tomato,Hybrid,1266.25,1427.89,1347.07,210
2026-05-30,Uttar Pradesh,Lucknow,Lucknow Mandi,Tomato,Hybrid,1252.0,1411.82,1331.91,210
2026-05-31,Uttar Pradesh,Lucknow,Lucknow Mandi,Tomato,Hybrid,1237.7,1395.7,1316.7,210
2026-06-01,Uttar Pradesh,Lucknow,Lucknow Mandi,Tomato,Hybrid,1234.14,1391.68,1312.91,210
2026-06-02,Uttar Pradesh,Lucknow,Lucknow Mandi,Tomato,Hybrid,1252.98,1412.94,1332.96,210
2026-06-03,Uttar Pradesh,Lucknow,Lucknow Mandi,Tomato,Hybrid,1250.27,1409.87,1330.07,210
2026-06-04,Uttar Pradesh,Lucknow,Lucknow Mandi,Tomato,Hybrid,1233.64,1391.12,1312.38,210
2026-06-05,Uttar Pradesh,Lucknow,Lucknow Mandi,Tomato,Hybrid,1231.08,1388.24,1309.66,210
2026-06-06,Uttar Pradesh,Lucknow,Lucknow Mandi,Tomato,Hybrid,1228.21,1385.01,1306.61,210
2026-06-07,Uttar Pradesh,Lucknow,Lucknow Mandi,Tomato,Hybrid,1198.24,1351.2,1274.72,210
2026-06-08,Uttar Pradesh,Lucknow,Lucknow Mandi,Tomato,Hybrid,1197.81,1350.73,1274.27,210
2026-06-09,Uttar Pradesh,Lucknow,Lucknow Mandi,Tomato,Hybrid,1195.42,1348.02,1271.72,210
2026-06-10,Uttar Pradesh,Lucknow,Lucknow Mandi,Tomato,Hybrid,1203.39,1357.01,1280.2,210
2026-06-11,Uttar Pradesh,Lucknow,Lucknow Mandi,Tomato,Hybrid,1224.26,1380.54,1302.4,210
2026-06-12,Uttar Pradesh,Lucknow,Lucknow Mandi,Tomato,Hybrid,1237.05,1394.97,1316.01,210
2026-06-13,Uttar Pradesh,Lucknow,Lucknow Mandi,Tomato,Hybrid,1234.23,1391.79,1313.01,210
2026-06-14,Uttar Pradesh,Lucknow,Lucknow Mandi,Tomato,Hybrid,1222.04,1378.04,1300.04,210
2026-06-15,Uttar Pradesh,Lucknow,Lucknow Mandi,Tomato,Hybrid,1251.01,1410.71,1330.86,210
2026-06-16,Uttar Pradesh,Lucknow,Lucknow Mandi,Tomato,Hybrid,1251.85,1411.67,1331.76,210
2026-06-17,Uttar Pradesh,Lucknow,Lucknow Mandi,Tomato,Hybrid,1252.2,1412.06,1332.13,210
2026-06-18,Uttar Pradesh,Lucknow,Lucknow Mandi,Tomato,Hybrid,1252.12,1411.96,1332.04,210
2026-06-19,Uttar Pradesh,Lucknow,Lucknow Mandi,Tomato,Hybrid,1254.51,1414.67,1334.59,210
2026-06-20,Uttar Pradesh,Lucknow,Lucknow Mandi,Tomato,Hybrid,1253.09,1413.05,1333.07,210
2026-06-21,Uttar Pradesh,Lucknow,Lucknow Mandi,Tomato,Hybrid,1246.85,1406.03,1326.44,210
2026-06-22,Uttar Pradesh,Lucknow,Lucknow Mandi,Tomato,Hybrid,1240.93,1399.35,1320.14,210
2026-06-23,Uttar Pradesh,Lucknow,Lucknow Mandi,Tomato,Hybrid,1240.74,1399.14,1319.94,210
2026-06-24,Uttar Pradesh,Lucknow,Lucknow Mandi,Tomato,Hybrid,1234.86,1392.5,1313.68,210
2026-06-25,Uttar Pradesh,Lucknow,Lucknow Mandi,Tomato,Hybrid,1227.07,1383.71,1305.39,210
2026-06-26,Uttar Pradesh,Lucknow,Lucknow Mandi,Tomato,Hybrid,1228.45,1385.27,1306.86,210
2026-06-27,Uttar Pradesh,Lucknow,Lucknow Mandi,Tomato,Hybrid,1225.78,1382.26,1304.02,210
2026-06-28,Uttar Pradesh,Lucknow,Lucknow Mandi,Tomato,Hybrid,1242.79,1401.45,1322.12,210
2026-06-29,Uttar Pradesh,Lucknow,Lucknow Mandi,Tomato,Hybrid,1213.32,1368.22,1290.77,210
2026-06-30,Uttar Pradesh,Lucknow,Lucknow Mandi,Tomato,Hybrid,1225.72,1382.2,1303.96,210
2026-07-01,Uttar Pradesh,Lucknow,Lucknow Mandi,Tomato,Hybrid,1239.84,1398.12,1318.98,210
2026-07-02,Uttar Pradesh,Lucknow,Lucknow Mandi,Tomato,Hybrid,1216.84,1372.18,1294.51,210
2026-07-03,Uttar Pradesh,Lucknow,Lucknow Mandi,Tomato,Hybrid,1213.19,1368.07,1290.63,210
2026-07-04,Uttar Pradesh,Lucknow,Lucknow Mandi,Tomato,Hybrid,1209.23,1363.59,1286.41,210
2026-07-05,Uttar Pradesh,Lucknow,Lucknow Mandi,Tomato,Hybrid,1193.67,1346.05,1269.86,210
2026-07-06,Uttar Pradesh,Lucknow,Lucknow Mandi,Tomato,Hybrid,1185.15,1336.45,1260.8,210
2026-07-07,Uttar Pradesh,Lucknow,Lucknow Mandi,Tomato,Hybrid,1172.91,1322.65,1247.78,210
2026-07-08,Uttar Pradesh,Lucknow,Lucknow Mandi,Tomato,Hybrid,1192.7,1344.96,1268.83,210
2026-07-09,Uttar Pradesh,Lucknow,Lucknow Mandi,Tomato,Hybrid,1203.35,1356.97,1280.16,210
2026-07-10,Uttar Pradesh,Lucknow,Lucknow Mandi,Tomato,Hybrid,1217.76,1373.22,1295.49,210
2026-07-11,Uttar Pradesh,Lucknow,Lucknow Mandi,Tomato,Hybrid,1226.02,1382.54,1304.28,210
2026-07-12,Uttar Pradesh,Lucknow,Lucknow Mandi,Tomato,Hybrid,1213.58,1368.5,1291.04,210
2026-07-13,Uttar Pradesh,Lucknow,Lucknow Mandi,Tomato,Hybrid,1207.9,1362.1,1285.0,210
2026-07-14,Uttar Pradesh,Lucknow,Lucknow Mandi,Tomato,Hybrid,1213.56,1368.48,1291.02,210
2026-07-15,Uttar Pradesh,Lucknow,Lucknow Mandi,Tomato,Hybrid,1200.08,1353.28,1276.68,210
2026-07-16,Uttar Pradesh,Lucknow,Lucknow Mandi,Tomato,Hybrid,1208.24,1362.48,1285.36,210
2026-07-17,Uttar Pradesh,Lucknow,Lucknow Mandi,Tomato,Hybrid,1205.74,1359.66,1282.7,210
2026-07-18,Uttar Pradesh,Lucknow,Lucknow Mandi,Tomato,Hybrid,1201.73,1355.15,1278.44,210
2026-07-19,Uttar Pradesh,Lucknow,Lucknow Mandi,Tomato,Hybrid,1209.86,1364.32,1287.09,210
2026-07-20,Uttar Pradesh,Lucknow,Lucknow Mandi,Tomato,Hybrid,1215.03,1370.13,1292.58,210
2026-07-21,Uttar Pradesh,Lucknow,Lucknow Mandi,Tomato,Hybrid,1211.17,1365.79,1288.48,210
2026-07-22,Uttar Pradesh,Lucknow,Lucknow Mandi,Tomato,Hybrid,1224.33,1380.63,1302.48,210
2026-07-23,Uttar Pradesh,Lucknow,Lucknow Mandi,Tomato,Hybrid,1212.42,1367.2,1289.81,210
2026-07-24,Uttar Pradesh,Lucknow,Lucknow Mandi,Tomato,Hybrid,1219.5,1375.18,1297.34,210
2026-07-25,Uttar Pradesh,Lucknow,Lucknow Mandi,Tomato,Hybrid,1226.31,1382.87,1304.59,210
2026-07-26,Uttar Pradesh,Lucknow,Lucknow Mandi,Tomato,Hybrid,1223.04,1379.18,1301.11,210
2026-07-27,Uttar Pradesh,Lucknow,Lucknow Mandi,Tomato,Hybrid,1226.88,1383.5,1305.19,210
2026-07-28,Uttar Pradesh,Lucknow,Lucknow Mandi,Tomato,Hybrid,1213.07,1367.93,1290.5,210
2026-07-29,Uttar Pradesh,Lucknow,Lucknow Mandi,Tomato,Hybrid,1223.59,1379.79,1301.69,210
2026-07-30,Uttar Pradesh,Lucknow,Lucknow Mandi,Tomato,Hybrid,1221.71,1377.67,1299.69,210
2026-07-31,Uttar Pradesh,Lucknow,Lucknow Mandi,Tomato,Hybrid,1216.05,1371.29,1293.67,210
2026-08-01,Uttar Pradesh,Lucknow,Lucknow Mandi,Tomato,Hybrid,1227.97,1384.73,1306.35,210
2026-08-02,Uttar Pradesh,Lucknow,Lucknow Mandi,Tomato,Hybrid,1220.28,1376.06,1298.17,210
2026-08-03,Uttar Pradesh,Lucknow,Lucknow Mandi,Tomato,Hybrid,1204.7,1358.5,1281.6,210
2026-08-04,Uttar Pradesh,Lucknow,Lucknow Mandi,Tomato,Hybrid,1187.48,1339.08,1263.28,210
2026-08-05,Uttar Pradesh,Lucknow,Lucknow Mandi,Tomato,Hybrid,1194.45,1346.93,1270.69,210
2026-08-06,Uttar Pradesh,Lucknow,Lucknow Mandi,Tomato,Hybrid,1180.31,1330.99,1255.65,210
2026-08-07,Uttar Pradesh,Lucknow,Lucknow Mandi,Tomato,Hybrid,1200.13,1353.33,1276.73,210
2026-08-08,Uttar Pradesh,Lucknow,Lucknow Mandi,Tomato,Hybrid,1177.02,1327.28,1252.15,210
2026-08-09,Uttar Pradesh,Lucknow,Lucknow Mandi,Tomato,Hybrid,1196.19,1348.89,1272.54,210
2026-08-10,Uttar Pradesh,Lucknow,Lucknow Mandi,Tomato,Hybrid,1198.73,1351.77,1275.25,210
2026-08-11,Uttar Pradesh,Lucknow,Lucknow Mandi,Tomato,Hybrid,1197.84,1350.76,1274.3,210
2026-08-12,Uttar Pradesh,Lucknow,Lucknow Mandi,Tomato,Hybrid,1191.93,1344.09,1268.01,210
2026-08-13,Uttar Pradesh,Lucknow,Lucknow Mandi,Tomato,Hybrid,1196.58,1349.34,1272.96,210
2026-08-14,Uttar Pradesh,Lucknow,Lucknow Mandi,Tomato,Hybrid,1196.35,1349.07,1272.71,210
2026-08-15,Uttar Pradesh,Lucknow,Lucknow Mandi,Tomato,Hybrid,1208.88,1363.2,1286.04,210
2026-08-16,Uttar Pradesh,Lucknow,Lucknow Mandi,Tomato,Hybrid,1210.33,1364.85,1287.59,210
2026-08-17,Uttar Pradesh,Lucknow,Lucknow Mandi,Tomato,Hybrid,1212.21,1366.95,1289.58,210
2026-08-18,Uttar Pradesh,Lucknow,Lucknow Mandi,Tomato,Hybrid,1208.32,1362.58,1285.45,210
2026-08-19,Uttar Pradesh,Lucknow,Lucknow Mandi,Tomato,Hybrid,1207.87,1362.07,1284.97,210
2026-08-20,Uttar Pradesh,Lucknow,Lucknow Mandi,Tomato,Hybrid,1211.5,1366.16,1288.83,210
2026-08-21,Uttar Pradesh,Lucknow,Lucknow Mandi,Tomato,Hybrid,1192.56,1344.8,1268.68,210
2026-08-22,Uttar Pradesh,Lucknow,Lucknow Mandi,Tomato,Hybrid,1177.67,1328.01,1252.84,210
2026-08-23,Uttar Pradesh,Lucknow,Lucknow Mandi,Tomato,Hybrid,1186.17,1337.59,1261.88,210
2026-08-24,Uttar Pradesh,Lucknow,Lucknow Mandi,Tomato,Hybrid,1188.26,1339.96,1264.11,210
2026-08-25,Uttar Pradesh,Lucknow,Lucknow Mandi,Tomato,Hybrid,1186.39,1337.85,1262.12,210
2026-08-26,Uttar Pradesh,Lucknow,Lucknow Mandi,Tomato,Hybrid,1186.79,1338.29,1262.54,210
2026-08-27,Uttar Pradesh,Lucknow,Lucknow Mandi,Tomato,Hybrid,1190.86,1342.88,1266.87,210
2026-08-28,Uttar Pradesh,Lucknow,Lucknow Mandi,Tomato,Hybrid,1185.01,1336.29,1260.65,210
2026-08-29,Uttar Pradesh,Lucknow,Lucknow Mandi,Tomato,Hybrid,1176.49,1326.69,1251.59,210
2026-08-30,Uttar Pradesh,Lucknow,Lucknow Mandi,Tomato,Hybrid,1178.86,1329.36,1254.11,210
2026-08-31,Uttar Pradesh,Lucknow,Lucknow Mandi,Tomato,Hybrid,1168.11,1317.23,1242.67,210
2026-09-01,Uttar Pradesh,Lucknow,Lucknow Mandi,Tomato,Hybrid,1172.87,1322.59,1247.73,210
2026-09-02,Uttar Pradesh,Lucknow,Lucknow Mandi,Tomato,Hybrid,1154.01,1301.33,1227.67,210
2026-09-03,Uttar Pradesh,Lucknow,Lucknow Mandi,Tomato,Hybrid,1165.7,1314.52,1240.11,210
2026-09-04,Uttar Pradesh,Lucknow,Lucknow Mandi,Tomato,Hybrid,1171.17,1320.69,1245.93,210
2026-09-05,Uttar Pradesh,Lucknow,Lucknow Mandi,Tomato,Hybrid,1174.23,1324.13,1249.18,210
2026-09-06,Uttar Pradesh,Lucknow,Lucknow Mandi,Tomato,Hybrid,1185.41,1336.73,1261.07,210
2026-09-07,Uttar Pradesh,Lucknow,Lucknow Mandi,Tomato,Hybrid,1204.22,1357.96,1281.09,210
2026-09-08,Uttar Pradesh,Lucknow,Lucknow Mandi,Tomato,Hybrid,1215.75,1370.95,1293.35,210
2026-09-09,Uttar Pradesh,Lucknow,Lucknow Mandi,Tomato,Hybrid,1195.35,1347.95,1271.65,210
2026-09-10,Uttar Pradesh,Lucknow,Lucknow Mandi,Tomato,Hybrid,1181.22,1332.02,1256.62,210
2026-05-14,Uttar Pradesh,Mathura,Mathura Mandi,Tomato,Desi,1428.28,1610.62,1519.45,55
2026-05-15,Uttar Pradesh,Mathura,Mathura Mandi,Tomato,Desi,1418.3,1599.36,1508.83,55
2026-05-16,Uttar Pradesh,Mathura,Mathura Mandi,Tomato,Desi,1407.92,1587.66,1497.79,55
2026-05-17,Uttar Pradesh,Mathura,Mathura Mandi,Tomato,Desi,1400.58,1579.38,1489.98,55
2026-05-18,Uttar Pradesh,Mathura,Mathura Mandi,Tomato,Desi,1374.03,1549.43,1461.73,55
2026-05-19,Uttar Pradesh,Mathura,Mathura Mandi,Tomato,Desi,1367.61,1542.19,1454.9,55
2026-05-20,Uttar Pradesh,Mathura,Mathura Mandi,Tomato,Desi,1358.24,1531.64,1444.94,55
2026-05-21,Uttar Pradesh,Mathura,Mathura Mandi,Tomato,Desi,1360.35,1534.01,1447.18,55
2026-05-22,Uttar Pradesh,Mathura,Mathura Mandi,Tomato,Desi,1364.87,1539.11,1451.99,55
2026-05-23,Uttar Pradesh,Mathura,Mathura Mandi,Tomato,Desi,1388.73,1566.01,1477.37,55
2026-05-24,Uttar Pradesh,Mathura,Mathura Mandi,Tomato,Desi,1400.92,1579.76,1490.34,55
2026-05-25,Uttar Pradesh,Mathura,Mathura Mandi,Tomato,Desi,1393.86,1571.8,1482.83,55
2026-05-26,Uttar Pradesh,Mathura,Mathura Mandi,Tomato,Desi,1382.74,1559.26,1471.0,55
2026-05-27,Uttar Pradesh,Mathura,Mathura Mandi,Tomato,Desi,1389.15,1566.49,1477.82,55
2026-05-28,Uttar Pradesh,Mathura,Mathura Mandi,Tomato,Desi,1372.72,1547.96,1460.34,55
2026-05-29,Uttar Pradesh,Mathura,Mathura Mandi,Tomato,Desi,1396.01,1574.23,1485.12,55
2026-05-30,Uttar Pradesh,Mathura,Mathura Mandi,Tomato,Desi,1411.09,1591.23,1501.16,55
2026-05-31,Uttar Pradesh,Mathura,Mathura Mandi,Tomato,Desi,1405.38,1584.8,1495.09,55
2026-06-01,Uttar Pradesh,Mathura,Mathura Mandi,Tomato,Desi,1384.01,1560.69,1472.35,55
2026-06-02,Uttar Pradesh,Mathura,Mathura Mandi,Tomato,Desi,1401.28,1580.16,1490.72,55
2026-06-03,Uttar Pradesh,Mathura,Mathura Mandi,Tomato,Desi,1400.05,1578.77,1489.41,55
2026-06-04,Uttar Pradesh,Mathura,Mathura Mandi,Tomato,Desi,1415.86,1596.6,1506.23,55
2026-06-05,Uttar Pradesh,Mathura,Mathura Mandi,Tomato,Desi,1395.98,1574.18,1485.08,55
2026-06-06,Uttar Pradesh,Mathura,Mathura Mandi,Tomato,Desi,1388.62,1565.9,1477.26,55
2026-06-07,Uttar Pradesh,Mathura,Mathura Mandi,Tomato,Desi,1388.91,1566.21,1477.56,55
2026-06-08,Uttar Pradesh,Mathura,Mathura Mandi,Tomato,Desi,1389.71,1567.11,1478.41,55
2026-06-09,Uttar Pradesh,Mathura,Mathura Mandi,Tomato,Desi,1384.24,1560.96,1472.6,55
2026-06-10,Uttar Pradesh,Mathura,Mathura Mandi,Tomato,Desi,1392.3,1570.04,1481.17,55
2026-06-11,Uttar Pradesh,Mathura,Mathura Mandi,Tomato,Desi,1379.06,1555.1,1467.08,55
2026-06-12,Uttar Pradesh,Mathura,Mathura Mandi,Tomato,Desi,1377.48,1553.32,1465.4,55
2026-06-13,Uttar Pradesh,Mathura,Mathura Mandi,Tomato,Desi,1379.2,1555.26,1467.23,55
2026-06-14,Uttar Pradesh,Mathura,Mathura Mandi,Tomato,Desi,1385.9,1562.82,1474.36,55
2026-06-15,Uttar Pradesh,Mathura,Mathura Mandi,Tomato,Desi,1395.07,1573.17,1484.12,55
2026-06-16,Uttar Pradesh,Mathura,Mathura Mandi,Tomato,Desi,1381.1,1557.42,1469.26,55
2026-06-17,Uttar Pradesh,Mathura,Mathura Mandi,Tomato,Desi,1361.98,1535.86,1448.92,55
2026-06-18,Uttar Pradesh,Mathura,Mathura Mandi,Tomato,Desi,1378.29,1554.25,1466.27,55
2026-06-19,Uttar Pradesh,Mathura,Mathura Mandi,Tomato,Desi,1382.69,1559.21,1470.95,55
2026-06-20,Uttar Pradesh,Mathura,Mathura Mandi,Tomato,Desi,1373.47,1548.81,1461.14,55
2026-06-21,Uttar Pradesh,Mathura,Mathura Mandi,Tomato,Desi,1393.23,1571.09,1482.16,55
2026-06-22,Uttar Pradesh,Mathura,Mathura Mandi,Tomato,Desi,1394.9,1572.98,1483.94,55
2026-06-23,Uttar Pradesh,Mathura,Mathura Mandi,Tomato,Desi,1409.97,1589.97,1499.97,55
2026-06-24,Uttar Pradesh,Mathura,Mathura Mandi,Tomato,Desi,1411.03,1591.17,1501.1,55
2026-06-25,Uttar Pradesh,Mathura,Mathura Mandi,Tomato,Desi,1437.22,1620.7,1528.96,55
2026-06-26,Uttar Pradesh,Mathura,Mathura Mandi,Tomato,Desi,1459.56,1645.88,1552.72,55
2026-06-27,Uttar Pradesh,Mathura,Mathura Mandi,Tomato,Desi,1456.62,1642.58,1549.6,55
2026-06-28,Uttar Pradesh,Mathura,Mathura Mandi,Tomato,Desi,1469.08,1656.62,1562.85,55
2026-06-29,Uttar Pradesh,Mathura,Mathura Mandi,Tomato,Desi,1477.43,1666.03,1571.73,55
2026-06-30,Uttar Pradesh,Mathura,Mathura Mandi,Tomato,Desi,1494.89,1685.73,1590.31,55
2026-07-01,Uttar Pradesh,Mathura,Mathura Mandi,Tomato,Desi,1482.93,1672.25,1577.59,55
2026-07-02,Uttar Pradesh,Mathura,Mathura Mandi,Tomato,Desi,1491.79,1682.23,1587.01,55
2026-07-03,Uttar Pradesh,Mathura,Mathura Mandi,Tomato,Desi,1505.34,1697.52,1601.43,55
2026-07-04,Uttar Pradesh,Mathura,Mathura Mandi,Tomato,Desi,1483.39,1672.75,1578.07,55
2026-07-05,Uttar Pradesh,Mathura,Mathura Mandi,Tomato,Desi,1468.68,1656.18,1562.43,55
2026-07-06,Uttar Pradesh,Mathura,Mathura Mandi,Tomato,Desi,1443.19,1627.43,1535.31,55
2026-07-07,Uttar Pradesh,Mathura,Mathura Mandi,Tomato,Desi,1440.0,1623.84,1531.92,55
2026-07-08,Uttar Pradesh,Mathura,Mathura Mandi,Tomato,Desi,1449.25,1634.27,1541.76,55
2026-07-09,Uttar Pradesh,Mathura,Mathura Mandi,Tomato,Desi,1468.4,1655.86,1562.13,55
2026-07-10,Uttar Pradesh,Mathura,Mathura Mandi,Tomato,Desi,1469.55,1657.15,1563.35,55
2026-07-11,Uttar Pradesh,Mathura,Mathura Mandi,Tomato,Desi,1490.29,1680.53,1585.41,55
2026-07-12,Uttar Pradesh,Mathura,Mathura Mandi,Tomato,Desi,1473.1,1661.16,1567.13,55
2026-07-13,Uttar Pradesh,Mathura,Mathura Mandi,Tomato,Desi,1451.84,1637.18,1544.51,55
2026-07-14,Uttar Pradesh,Mathura,Mathura Mandi,Tomato,Desi,1451.35,1636.63,1543.99,55
2026-07-15,Uttar Pradesh,Mathura,Mathura Mandi,Tomato,Desi,1456.4,1642.32,1549.36,55
2026-07-16,Uttar Pradesh,Mathura,Mathura Mandi,Tomato,Desi,1456.2,1642.1,1549.15,55
2026-07-17,Uttar Pradesh,Mathura,Mathura Mandi,Tomato,Desi,1430.35,1612.95,1521.65,55
2026-07-18,Uttar Pradesh,Mathura,Mathura Mandi,Tomato,Desi,1429.44,1611.92,1520.68,55
2026-07-19,Uttar Pradesh,Mathura,Mathura Mandi,Tomato,Desi,1413.21,1593.61,1503.41,55
2026-07-20,Uttar Pradesh,Mathura,Mathura Mandi,Tomato,Desi,1421.85,1603.37,1512.61,55
2026-07-21,Uttar Pradesh,Mathura,Mathura Mandi,Tomato,Desi,1426.68,1608.82,1517.75,55
2026-07-22,Uttar Pradesh,Mathura,Mathura Mandi,Tomato,Desi,1415.05,1595.69,1505.37,55
2026-07-23,Uttar Pradesh,Mathura,Mathura Mandi,Tomato,Desi,1408.79,1588.63,1498.71,55
2026-07-24,Uttar Pradesh,Mathura,Mathura Mandi,Tomato,Desi,1395.65,1573.81,1484.73,55
2026-07-25,Uttar Pradesh,Mathura,Mathura Mandi,Tomato,Desi,1395.06,1573.16,1484.11,55
2026-07-26,Uttar Pradesh,Mathura,Mathura Mandi,Tomato,Desi,1407.31,1586.97,1497.14,55
2026-07-27,Uttar Pradesh,Mathura,Mathura Mandi,Tomato,Desi,1395.1,1573.2,1484.15,55
2026-07-28,Uttar Pradesh,Mathura,Mathura Mandi,Tomato,Desi,1401.66,1580.6,1491.13,55
2026-07-29,Uttar Pradesh,Mathura,Mathura Mandi,Tomato,Desi,1395.19,1573.29,1484.24,55
2026-07-30,Uttar Pradesh,Mathura,Mathura Mandi,Tomato,Desi,1385.4,1562.26,1473.83,55
2026-07-31,Uttar Pradesh,Mathura,Mathura Mandi,Tomato,Desi,1384.26,1560.98,1472.62,55
2026-08-01,Uttar Pradesh,Mathura,Mathura Mandi,Tomato,Desi,1371.43,1546.51,1458.97,55
2026-08-02,Uttar Pradesh,Mathura,Mathura Mandi,Tomato,Desi,1364.65,1538.87,1451.76,55
2026-08-03,Uttar Pradesh,Mathura,Mathura Mandi,Tomato,Desi,1349.77,1522.09,1435.93,55
2026-08-04,Uttar Pradesh,Mathura,Mathura Mandi,Tomato,Desi,1374.74,1550.24,1462.49,55
2026-08-05,Uttar Pradesh,Mathura,Mathura Mandi,Tomato,Desi,1375.4,1550.98,1463.19,55
2026-08-06,Uttar Pradesh,Mathura,Mathura Mandi,Tomato,Desi,1366.79,1541.27,1454.03,55
2026-08-07,Uttar Pradesh,Mathura,Mathura Mandi,Tomato,Desi,1369.69,1544.55,1457.12,55
2026-08-08,Uttar Pradesh,Mathura,Mathura Mandi,Tomato,Desi,1368.49,1543.19,1455.84,55
2026-08-09,Uttar Pradesh,Mathura,Mathura Mandi,Tomato,Desi,1365.91,1540.29,1453.1,55
2026-08-10,Uttar Pradesh,Mathura,Mathura Mandi,Tomato,Desi,1373.87,1549.25,1461.56,55
2026-08-11,Uttar Pradesh,Mathura,Mathura Mandi,Tomato,Desi,1383.62,1560.26,1471.94,55
2026-08-12,Uttar Pradesh,Mathura,Mathura Mandi,Tomato,Desi,1377.15,1552.95,1465.05,55
2026-08-13,Uttar Pradesh,Mathura,Mathura Mandi,Tomato,Desi,1370.1,1545.0,1457.55,55
2026-08-14,Uttar Pradesh,Mathura,Mathura Mandi,Tomato,Desi,1366.84,1541.34,1454.09,55
2026-08-15,Uttar Pradesh,Mathura,Mathura Mandi,Tomato,Desi,1338.04,1508.86,1423.45,55
2026-08-16,Uttar Pradesh,Mathura,Mathura Mandi,Tomato,Desi,1319.15,1487.55,1403.35,55
2026-08-17,Uttar Pradesh,Mathura,Mathura Mandi,Tomato,Desi,1336.6,1507.22,1421.91,55
2026-08-18,Uttar Pradesh,Mathura,Mathura Mandi,Tomato,Desi,1357.54,1530.84,1444.19,55
2026-08-19,Uttar Pradesh,Mathura,Mathura Mandi,Tomato,Desi,1354.61,1527.53,1441.07,55
2026-08-20,Uttar Pradesh,Mathura,Mathura Mandi,Tomato,Desi,1362.08,1535.96,1449.02,55
2026-08-21,Uttar Pradesh,Mathura,Mathura Mandi,Tomato,Desi,1366.21,1540.63,1453.42,55
2026-08-22,Uttar Pradesh,Mathura,Mathura Mandi,Tomato,Desi,1405.23,1584.63,1494.93,55
2026-08-23,Uttar Pradesh,Mathura,Mathura Mandi,Tomato,Desi,1419.55,1600.77,1510.16,55
2026-08-24,Uttar Pradesh,Mathura,Mathura Mandi,Tomato,Desi,1418.15,1599.19,1508.67,55
2026-08-25,Uttar Pradesh,Mathura,Mathura Mandi,Tomato,Desi,1406.32,1585.84,1496.08,55
2026-08-26,Uttar Pradesh,Mathura,Mathura Mandi,Tomato,Desi,1386.28,1563.26,1474.77,55
2026-08-27,Uttar Pradesh,Mathura,Mathura Mandi,Tomato,Desi,1389.06,1566.38,1477.72,55
2026-08-28,Uttar Pradesh,Mathura,Mathura Mandi,Tomato,Desi,1379.73,1555.87,1467.8,55
2026-08-29,Uttar Pradesh,Mathura,Mathura Mandi,Tomato,Desi,1362.01,1535.89,1448.95,55
2026-08-30,Uttar Pradesh,Mathura,Mathura Mandi,Tomato,Desi,1354.08,1526.94,1440.51,55
2026-08-31,Uttar Pradesh,Mathura,Mathura Mandi,Tomato,Desi,1340.66,1511.8,1426.23,55
2026-09-01,Uttar Pradesh,Mathura,Mathura Mandi,Tomato,Desi,1362.13,1536.01,1449.07,55
2026-09-02,Uttar Pradesh,Mathura,Mathura Mandi,Tomato,Desi,1373.45,1548.79,1461.12,55
2026-09-03,Uttar Pradesh,Mathura,Mathura Mandi,Tomato,Desi,1373.57,1548.91,1461.24,55
2026-09-04,Uttar Pradesh,Mathura,Mathura Mandi,Tomato,Desi,1392.42,1570.18,1481.3,55
2026-09-05,Uttar Pradesh,Mathura,Mathura Mandi,Tomato,Desi,1393.61,1571.51,1482.56,55
2026-09-06,Uttar Pradesh,Mathura,Mathura Mandi,Tomato,Desi,1382.97,1559.51,1471.24,55
2026-09-07,Uttar Pradesh,Mathura,Mathura Mandi,Tomato,Desi,1402.38,1581.4,1491.89,55
2026-09-08,Uttar Pradesh,Mathura,Mathura Mandi,Tomato,Desi,1409.38,1589.3,1499.34,55
2026-09-09,Uttar Pradesh,Mathura,Mathura Mandi,Tomato,Desi,1396.51,1574.79,1485.65,55
2026-09-10,Uttar Pradesh,Mathura,Mathura Mandi,Tomato,Desi,1394.32,1572.32,1483.32,55
2026-05-14,Uttar Pradesh,Agra,Agra Mandi,Wheat,HD-2967,2117.08,2387.34,2252.21,15
2026-05-15,Uttar Pradesh,Agra,Agra Mandi,Wheat,HD-2967,2115.74,2385.84,2250.79,15
2026-05-16,Uttar Pradesh,Agra,Agra Mandi,Wheat,HD-2967,2114.46,2384.4,2249.43,15
2026-05-17,Uttar Pradesh,Agra,Agra Mandi,Wheat,HD-2967,2117.09,2387.35,2252.22,15
2026-05-18,Uttar Pradesh,Agra,Agra Mandi,Wheat,HD-2967,2115.14,2385.16,2250.15,15
2026-05-19,Uttar Pradesh,Agra,Agra Mandi,Wheat,HD-2967,2109.14,2378.4,2243.77,15
2026-05-20,Uttar Pradesh,Agra,Agra Mandi,Wheat,HD-2967,2112.41,2382.07,2247.24,15
2026-05-21,Uttar Pradesh,Agra,Agra Mandi,Wheat,HD-2967,2107.6,2376.66,2242.13,15
2026-05-22,Uttar Pradesh,Agra,Agra Mandi,Wheat,HD-2967,2109.83,2379.17,2244.5,15
2026-05-23,Uttar Pradesh,Agra,Agra Mandi,Wheat,HD-2967,2113.98,2383.86,2248.92,15
2026-05-24,Uttar Pradesh,Agra,Agra Mandi,Wheat,HD-2967,2112.44,2382.12,2247.28,15
2026-05-25,Uttar Pradesh,Agra,Agra Mandi,Wheat,HD-2967,2117.48,2387.8,2252.64,15
2026-05-26,Uttar Pradesh,Agra,Agra Mandi,Wheat,HD-2967,2119.57,2390.15,2254.86,15
2026-05-27,Uttar Pradesh,Agra,Agra Mandi,Wheat,HD-2967,2116.66,2386.88,2251.77,15
2026-05-28,Uttar Pradesh,Agra,Agra Mandi,Wheat,HD-2967,2122.63,2393.61,2258.12,15
2026-05-29,Uttar Pradesh,Agra,Agra Mandi,Wheat,HD-2967,2117.85,2388.21,2253.03,15
2026-05-30,Uttar Pradesh,Agra,Agra Mandi,Wheat,HD-2967,2116.3,2386.46,2251.38,15
2026-05-31,Uttar Pradesh,Agra,Agra Mandi,Wheat,HD-2967,2115.47,2385.53,2250.5,15
2026-06-01,Uttar Pradesh,Agra,Agra Mandi,Wheat,HD-2967,2118.06,2388.46,2253.26,15
2026-06-02,Uttar Pradesh,Agra,Agra Mandi,Wheat,HD-2967,2122.83,2393.83,2258.33,15
2026-06-03,Uttar Pradesh,Agra,Agra Mandi,Wheat,HD-2967,2127.32,2398.9,2263.11,15
2026-06-04,Uttar Pradesh,Agra,Agra Mandi,Wheat,HD-2967,2128.31,2400.01,2264.16,15
2026-06-05,Uttar Pradesh,Agra,Agra Mandi,Wheat,HD-2967,2127.17,2398.73,2262.95,15
2026-06-06,Uttar Pradesh,Agra,Agra Mandi,Wheat,HD-2967,2119.48,2390.06,2254.77,15
2026-06-07,Uttar Pradesh,Agra,Agra Mandi,Wheat,HD-2967,2113.98,2383.84,2248.91,15
2026-06-08,Uttar Pradesh,Agra,Agra Mandi,Wheat,HD-2967,2121.49,2392.31,2256.9,15
2026-06-09,Uttar Pradesh,Agra,Agra Mandi,Wheat,HD-2967,2113.76,2383.6,2248.68,15
2026-06-10,Uttar Pradesh,Agra,Agra Mandi,Wheat,HD-2967,2110.49,2379.91,2245.2,15
2026-06-11,Uttar Pradesh,Agra,Agra Mandi,Wheat,HD-2967,2115.37,2385.41,2250.39,15
2026-06-12,Uttar Pradesh,Agra,Agra Mandi,Wheat,HD-2967,2116.3,2386.46,2251.38,15
2026-06-13,Uttar Pradesh,Agra,Agra Mandi,Wheat,HD-2967,2120.26,2390.94,2255.6,15
2026-06-14,Uttar Pradesh,Agra,Agra Mandi,Wheat,HD-2967,2122.6,2393.58,2258.09,15
2026-06-15,Uttar Pradesh,Agra,Agra Mandi,Wheat,HD-2967,2128.86,2400.64,2264.75,15
2026-06-16,Uttar Pradesh,Agra,Agra Mandi,Wheat,HD-2967,2130.15,2402.09,2266.12,15
2026-06-17,Uttar Pradesh,Agra,Agra Mandi,Wheat,HD-2967,2133.0,2405.3,2269.15,15
2026-06-18,Uttar Pradesh,Agra,Agra Mandi,Wheat,HD-2967,2129.98,2401.9,2265.94,15
2026-06-19,Uttar Pradesh,Agra,Agra Mandi,Wheat,HD-2967,2132.5,2404.74,2268.62,15
2026-06-20,Uttar Pradesh,Agra,Agra Mandi,Wheat,HD-2967,2130.88,2402.9,2266.89,15
2026-06-21,Uttar Pradesh,Agra,Agra Mandi,Wheat,HD-2967,2129.0,2400.78,2264.89,15
2026-06-22,Uttar Pradesh,Agra,Agra Mandi,Wheat,HD-2967,2132.82,2405.1,2268.96,15
2026-06-23,Uttar Pradesh,Agra,Agra Mandi,Wheat,HD-2967,2136.68,2409.44,2273.06,15
2026-06-24,Uttar Pradesh,Agra,Agra Mandi,Wheat,HD-2967,2143.87,2417.55,2280.71,15
2026-06-25,Uttar Pradesh,Agra,Agra Mandi,Wheat,HD-2967,2150.78,2425.34,2288.06,15
2026-06-26,Uttar Pradesh,Agra,Agra Mandi,Wheat,HD-2967,2154.7,2429.76,2292.23,15
2026-06-27,Uttar Pradesh,Agra,Agra Mandi,Wheat,HD-2967,2147.46,2421.6,2284.53,15
2026-06-28,Uttar Pradesh,Agra,Agra Mandi,Wheat,HD-2967,2155.23,2430.37,2292.8,15
2026-06-29,Uttar Pradesh,Agra,Agra Mandi,Wheat,HD-2967,2159.16,2434.8,2296.98,15
2026-06-30,Uttar Pradesh,Agra,Agra Mandi,Wheat,HD-2967,2155.97,2431.19,2293.58,15
2026-07-01,Uttar Pradesh,Agra,Agra Mandi,Wheat,HD-2967,2159.09,2434.71,2296.9,15
2026-07-02,Uttar Pradesh,Agra,Agra Mandi,Wheat,HD-2967,2154.74,2429.82,2292.28,15
2026-07-03,Uttar Pradesh,Agra,Agra Mandi,Wheat,HD-2967,2157.4,2432.82,2295.11,15
2026-07-04,Uttar Pradesh,Agra,Agra Mandi,Wheat,HD-2967,2151.88,2426.58,2289.23,15
2026-07-05,Uttar Pradesh,Agra,Agra Mandi,Wheat,HD-2967,2148.5,2422.78,2285.64,15
2026-07-06,Uttar Pradesh,Agra,Agra Mandi,Wheat,HD-2967,2151.55,2426.21,2288.88,15
2026-07-07,Uttar Pradesh,Agra,Agra Mandi,Wheat,HD-2967,2156.12,2431.38,2293.75,15
2026-07-08,Uttar Pradesh,Agra,Agra Mandi,Wheat,HD-2967,2157.54,2432.98,2295.26,15
2026-07-09,Uttar Pradesh,Agra,Agra Mandi,Wheat,HD-2967,2156.38,2431.66,2294.02,15
2026-07-10,Uttar Pradesh,Agra,Agra Mandi,Wheat,HD-2967,2147.47,2421.61,2284.54,15
2026-07-11,Uttar Pradesh,Agra,Agra Mandi,Wheat,HD-2967,2146.63,2420.67,2283.65,15
2026-07-12,Uttar Pradesh,Agra,Agra Mandi,Wheat,HD-2967,2148.92,2423.26,2286.09,15
2026-07-13,Uttar Pradesh,Agra,Agra Mandi,Wheat,HD-2967,2147.63,2421.79,2284.71,15
2026-07-14,Uttar Pradesh,Agra,Agra Mandi,Wheat,HD-2967,2147.58,2421.74,2284.66,15
2026-07-15,Uttar Pradesh,Agra,Agra Mandi,Wheat,HD-2967,2146.84,2420.9,2283.87,15
2026-07-16,Uttar Pradesh,Agra,Agra Mandi,Wheat,HD-2967,2145.51,2419.41,2282.46,15
2026-07-17,Uttar Pradesh,Agra,Agra Mandi,Wheat,HD-2967,2145.88,2419.82,2282.85,15
2026-07-18,Uttar Pradesh,Agra,Agra Mandi,Wheat,HD-2967,2144.77,2418.57,2281.67,15
2026-07-19,Uttar Pradesh,Agra,Agra Mandi,Wheat,HD-2967,2150.92,2425.5,2288.21,15
2026-07-20,Uttar Pradesh,Agra,Agra Mandi,Wheat,HD-2967,2141.63,2415.03,2278.33,15
2026-07-21,Uttar Pradesh,Agra,Agra Mandi,Wheat,HD-2967,2139.36,2412.46,2275.91,15
2026-07-22,Uttar Pradesh,Agra,Agra Mandi,Wheat,HD-2967,2135.72,2408.36,2272.04,15
2026-07-23,Uttar Pradesh,Agra,Agra Mandi,Wheat,HD-2967,2136.69,2409.45,2273.07,15
2026-07-24,Uttar Pradesh,Agra,Agra Mandi,Wheat,HD-2967,2137.06,2409.88,2273.47,15
2026-07-25,Uttar Pradesh,Agra,Agra Mandi,Wheat,HD-2967,2143.96,2417.66,2280.81,15
2026-07-26,Uttar Pradesh,Agra,Agra Mandi,Wheat,HD-2967,2152.26,2427.02,2289.64,15
2026-07-27,Uttar Pradesh,Agra,Agra Mandi,Wheat,HD-2967,2149.03,2423.37,2286.2,15
2026-07-28,Uttar Pradesh,Agra,Agra Mandi,Wheat,HD-2967,2149.07,2423.43,2286.25,15
2026-07-29,Uttar Pradesh,Agra,Agra Mandi,Wheat,HD-2967,2149.95,2424.41,2287.18,15
2026-07-30,Uttar Pradesh,Agra,Agra Mandi,Wheat,HD-2967,2146.61,2420.65,2283.63,15
2026-07-31,Uttar Pradesh,Agra,Agra Mandi,Wheat,HD-2967,2149.31,2423.69,2286.5,15
2026-08-01,Uttar Pradesh,Agra,Agra Mandi,Wheat,HD-2967,2148.34,2422.6,2285.47,15
2026-08-02,Uttar Pradesh,Agra,Agra Mandi,Wheat,HD-2967,2143.87,2417.55,2280.71,15
2026-08-03,Uttar Pradesh,Agra,Agra Mandi,Wheat,HD-2967,2142.73,2416.27,2279.5,15
2026-08-04,Uttar Pradesh,Agra,Agra Mandi,Wheat,HD-2967,2138.56,2411.56,2275.06,15
2026-08-05,Uttar Pradesh,Agra,Agra Mandi,Wheat,HD-2967,2142.98,2416.56,2279.77,15
2026-08-06,Uttar Pradesh,Agra,Agra Mandi,Wheat,HD-2967,2151.07,2425.67,2288.37,15
2026-08-07,Uttar Pradesh,Agra,Agra Mandi,Wheat,HD-2967,2152.14,2426.88,2289.51,15
2026-08-08,Uttar Pradesh,Agra,Agra Mandi,Wheat,HD-2967,2152.66,2427.46,2290.06,15
2026-08-09,Uttar Pradesh,Agra,Agra Mandi,Wheat,HD-2967,2153.34,2428.24,2290.79,15
2026-08-10,Uttar Pradesh,Agra,Agra Mandi,Wheat,HD-2967,2158.38,2433.92,2296.15,15
2026-08-11,Uttar Pradesh,Agra,Agra Mandi,Wheat,HD-2967,2163.33,2439.51,2301.42,15
2026-08-12,Uttar Pradesh,Agra,Agra Mandi,Wheat,HD-2967,2162.89,2439.01,2300.95,15
2026-08-13,Uttar Pradesh,Agra,Agra Mandi,Wheat,HD-2967,2164.0,2440.26,2302.13,15
2026-08-14,Uttar Pradesh,Agra,Agra Mandi,Wheat,HD-2967,2166.8,2443.42,2305.11,15
2026-08-15,Uttar Pradesh,Agra,Agra Mandi,Wheat,HD-2967,2162.04,2438.04,2300.04,15
2026-08-16,Uttar Pradesh,Agra,Agra Mandi,Wheat,HD-2967,2167.21,2443.87,2305.54,15
2026-08-17,Uttar Pradesh,Agra,Agra Mandi,Wheat,HD-2967,2174.59,2452.19,2313.39,15
2026-08-18,Uttar Pradesh,Agra,Agra Mandi,Wheat,HD-2967,2179.56,2457.8,2318.68,15
2026-08-19,Uttar Pradesh,Agra,Agra Mandi,Wheat,HD-2967,2174.33,2451.91,2313.12,15
2026-08-20,Uttar Pradesh,Agra,Agra Mandi,Wheat,HD-2967,2166.04,2442.56,2304.3,15
2026-08-21,Uttar Pradesh,Agra,Agra Mandi,Wheat,HD-2967,2169.08,2445.98,2307.53,15
2026-08-22,Uttar Pradesh,Agra,Agra Mandi,Wheat,HD-2967,2165.91,2442.41,2304.16,15
2026-08-23,Uttar Pradesh,Agra,Agra Mandi,Wheat,HD-2967,2167.16,2443.82,2305.49,15
2026-08-24,Uttar Pradesh,Agra,Agra Mandi,Wheat,HD-2967,2173.69,2451.19,2312.44,15
2026-08-25,Uttar Pradesh,Agra,Agra Mandi,Wheat,HD-2967,2170.96,2448.1,2309.53,15
2026-08-26,Uttar Pradesh,Agra,Agra Mandi,Wheat,HD-2967,2169.41,2446.35,2307.88,15
2026-08-27,Uttar Pradesh,Agra,Agra Mandi,Wheat,HD-2967,2170.62,2447.72,2309.17,15
2026-08-28,Uttar Pradesh,Agra,Agra Mandi,Wheat,HD-2967,2165.18,2441.58,2303.38,15
2026-08-29,Uttar Pradesh,Agra,Agra Mandi,Wheat,HD-2967,2162.01,2438.01,2300.01,15
2026-08-30,Uttar Pradesh,Agra,Agra Mandi,Wheat,HD-2967,2162.16,2438.18,2300.17,15
2026-08-31,Uttar Pradesh,Agra,Agra Mandi,Wheat,HD-2967,2160.93,2436.79,2298.86,15
2026-09-01,Uttar Pradesh,Agra,Agra Mandi,Wheat,HD-2967,2163.54,2439.74,2301.64,15
2026-09-02,Uttar Pradesh,Agra,Agra Mandi,Wheat,HD-2967,2175.28,2452.98,2314.13,15
2026-09-03,Uttar Pradesh,Agra,Agra Mandi,Wheat,HD-2967,2175.75,2453.51,2314.63,15
2026-09-04,Uttar Pradesh,Agra,Agra Mandi,Wheat,HD-2967,2172.23,2449.53,2310.88,15
2026-09-05,Uttar Pradesh,Agra,Agra Mandi,Wheat,HD-2967,2178.27,2456.35,2317.31,15
2026-09-06,Uttar Pradesh,Agra,Agra Mandi,Wheat,HD-2967,2171.6,2448.82,2310.21,15
2026-09-07,Uttar Pradesh,Agra,Agra Mandi,Wheat,HD-2967,2165.76,2442.24,2304.0,15
2026-09-08,Uttar Pradesh,Agra,Agra Mandi,Wheat,HD-2967,2163.29,2439.45,2301.37,15
2026-09-09,Uttar Pradesh,Agra,Agra Mandi,Wheat,HD-2967,2162.13,2438.15,2300.14,15
2026-09-10,Uttar Pradesh,Agra,Agra Mandi,Wheat,HD-2967,2159.56,2435.24,2297.4,15
2026-05-14,Delhi,North Delhi,Azadpur Mandi,Wheat,Lokwan,1985.94,2239.46,2112.7,60
2026-05-15,Delhi,North Delhi,Azadpur Mandi,Wheat,Lokwan,1982.86,2236.0,2109.43,60
2026-05-16,Delhi,North Delhi,Azadpur Mandi,Wheat,Lokwan,1989.8,2243.82,2116.81,60
2026-05-17,Delhi,North Delhi,Azadpur Mandi,Wheat,Lokwan,1986.44,2240.02,2113.23,60
2026-05-18,Delhi,North Delhi,Azadpur Mandi,Wheat,Lokwan,1984.26,2237.58,2110.92,60
2026-05-19,Delhi,North Delhi,Azadpur Mandi,Wheat,Lokwan,1985.12,2238.54,2111.83,60
2026-05-20,Delhi,North Delhi,Azadpur Mandi,Wheat,Lokwan,1980.38,2233.2,2106.79,60
2026-05-21,Delhi,North Delhi,Azadpur Mandi,Wheat,Lokwan,1978.85,2231.47,2105.16,60
2026-05-22,Delhi,North Delhi,Azadpur Mandi,Wheat,Lokwan,1980.15,2232.93,2106.54,60
2026-05-23,Delhi,North Delhi,Azadpur Mandi,Wheat,Lokwan,1978.87,2231.49,2105.18,60
2026-05-24,Delhi,North Delhi,Azadpur Mandi,Wheat,Lokwan,1978.53,2231.11,2104.82,60
2026-05-25,Delhi,North Delhi,Azadpur Mandi,Wheat,Lokwan,1976.47,2228.79,2102.63,60
2026-05-26,Delhi,North Delhi,Azadpur Mandi,Wheat,Lokwan,1970.49,2222.05,2096.27,60
2026-05-27,Delhi,North Delhi,Azadpur Mandi,Wheat,Lokwan,1971.81,2223.53,2097.67,60
2026-05-28,Delhi,North Delhi,Azadpur Mandi,Wheat,Lokwan,1978.82,2231.44,2105.13,60
2026-05-29,Delhi,North Delhi,Azadpur Mandi,Wheat,Lokwan,1978.93,2231.57,2105.25,60
2026-05-30,Delhi,North Delhi,Azadpur Mandi,Wheat,Lokwan,1979.88,2232.62,2106.25,60
2026-05-31,Delhi,North Delhi,Azadpur Mandi,Wheat,Lokwan,1982.67,2235.77,2109.22,60
2026-06-01,Delhi,North Delhi,Azadpur Mandi,Wheat,Lokwan,1977.66,2230.12,2103.89,60
2026-06-02,Delhi,North Delhi,Azadpur Mandi,Wheat,Lokwan,1984.46,2237.8,2111.13,60
2026-06-03,Delhi,North Delhi,Azadpur Mandi,Wheat,Lokwan,1985.31,2238.75,2112.03,60
2026-06-04,Delhi,North Delhi,Azadpur Mandi,Wheat,Lokwan,1991.83,2246.11,2118.97,60
2026-06-05,Delhi,North Delhi,Azadpur Mandi,Wheat,Lokwan,1988.96,2242.86,2115.91,60
2026-06-06,Delhi,North Delhi,Azadpur Mandi,Wheat,Lokwan,1996.22,2251.06,2123.64,60
2026-06-07,Delhi,North Delhi,Azadpur Mandi,Wheat,Lokwan,1999.34,2254.58,2126.96,60
2026-06-08,Delhi,North Delhi,Azadpur Mandi,Wheat,Lokwan,2001.58,2257.1,2129.34,60
2026-06-09,Delhi,North Delhi,Azadpur Mandi,Wheat,Lokwan,2002.55,2258.19,2130.37,60
2026-06-10,Delhi,North Delhi,Azadpur Mandi,Wheat,Lokwan,2001.61,2257.13,2129.37,60
2026-06-11,Delhi,North Delhi,Azadpur Mandi,Wheat,Lokwan,2006.41,2262.55,2134.48,60
2026-06-12,Delhi,North Delhi,Azadpur Mandi,Wheat,Lokwan,2007.01,2263.23,2135.12,60
2026-06-13,Delhi,North Delhi,Azadpur Mandi,Wheat,Lokwan,1999.24,2254.46,2126.85,60
2026-06-14,Delhi,North Delhi,Azadpur Mandi,Wheat,Lokwan,1994.83,2249.49,2122.16,60
2026-06-15,Delhi,North Delhi,Azadpur Mandi,Wheat,Lokwan,1994.13,2248.71,2121.42,60
2026-06-16,Delhi,North Delhi,Azadpur Mandi,Wheat,Lokwan,1995.4,2250.14,2122.77,60
2026-06-17,Delhi,North Delhi,Azadpur Mandi,Wheat,Lokwan,1995.23,2249.93,2122.58,60
2026-06-18,Delhi,North Delhi,Azadpur Mandi,Wheat,Lokwan,2000.1,2255.44,2127.77,60
2026-06-19,Delhi,North Delhi,Azadpur Mandi,Wheat,Lokwan,1992.4,2246.74,2119.57,60
2026-06-20,Delhi,North Delhi,Azadpur Mandi,Wheat,Lokwan,1993.01,2247.43,2120.22,60
2026-06-21,Delhi,North Delhi,Azadpur Mandi,Wheat,Lokwan,1985.82,2239.32,2112.57,60
2026-06-22,Delhi,North Delhi,Azadpur Mandi,Wheat,Lokwan,1988.88,2242.78,2115.83,60
2026-06-23,Delhi,North Delhi,Azadpur Mandi,Wheat,Lokwan,1988.54,2242.4,2115.47,60
2026-06-24,Delhi,North Delhi,Azadpur Mandi,Wheat,Lokwan,1990.25,2244.33,2117.29,60
2026-06-25,Delhi,North Delhi,Azadpur Mandi,Wheat,Lokwan,1986.86,2240.5,2113.68,60
2026-06-26,Delhi,North Delhi,Azadpur Mandi,Wheat,Lokwan,1991.98,2246.28,2119.13,60
2026-06-27,Delhi,North Delhi,Azadpur Mandi,Wheat,Lokwan,1996.16,2250.98,2123.57,60
2026-06-28,Delhi,North Delhi,Azadpur Mandi,Wheat,Lokwan,1998.52,2253.64,2126.08,60
2026-06-29,Delhi,North Delhi,Azadpur Mandi,Wheat,Lokwan,1998.05,2253.11,2125.58,60
2026-06-30,Delhi,North Delhi,Azadpur Mandi,Wheat,Lokwan,2000.39,2255.75,2128.07,60
2026-07-01,Delhi,North Delhi,Azadpur Mandi,Wheat,Lokwan,1997.61,2252.63,2125.12,60
2026-07-02,Delhi,North Delhi,Azadpur Mandi,Wheat,Lokwan,2001.05,2256.51,2128.78,60
2026-07-03,Delhi,North Delhi,Azadpur Mandi,Wheat,Lokwan,2007.65,2263.95,2135.8,60
2026-07-04,Delhi,North Delhi,Azadpur Mandi,Wheat,Lokwan,2011.95,2268.79,2140.37,60
2026-07-05,Delhi,North Delhi,Azadpur Mandi,Wheat,Lokwan,2009.09,2265.57,2137.33,60
2026-07-06,Delhi,North Delhi,Azadpur Mandi,Wheat,Lokwan,2010.57,2267.23,2138.9,60
2026-07-07,Delhi,North Delhi,Azadpur Mandi,Wheat,Lokwan,2005.46,2261.48,2133.47,60
2026-07-08,Delhi,North Delhi,Azadpur Mandi,Wheat,Lokwan,2007.77,2264.09,2135.93,60
2026-07-09,Delhi,North Delhi,Azadpur Mandi,Wheat,Lokwan,2009.61,2266.15,2137.88,60
2026-07-10,Delhi,North Delhi,Azadpur Mandi,Wheat,Lokwan,2002.22,2257.82,2130.02,60
2026-07-11,Delhi,North Delhi,Azadpur Mandi,Wheat,Lokwan,1997.64,2252.66,2125.15,60
2026-07-12,Delhi,North Delhi,Azadpur Mandi,Wheat,Lokwan,1996.55,2251.43,2123.99,60
2026-07-13,Delhi,North Delhi,Azadpur Mandi,Wheat,Lokwan,1995.39,2250.13,2122.76,60
2026-07-14,Delhi,North Delhi,Azadpur Mandi,Wheat,Lokwan,1990.63,2244.75,2117.69,60
2026-07-15,Delhi,North Delhi,Azadpur Mandi,Wheat,Lokwan,1992.22,2246.54,2119.38,60
2026-07-16,Delhi,North Delhi,Azadpur Mandi,Wheat,Lokwan,1993.26,2247.72,2120.49,60
2026-07-17,Delhi,North Delhi,Azadpur Mandi,Wheat,Lokwan,1992.53,2246.89,2119.71,60
2026-07-18,Delhi,North Delhi,Azadpur Mandi,Wheat,Lokwan,1989.56,2243.54,2116.55,60
2026-07-19,Delhi,North Delhi,Azadpur Mandi,Wheat,Lokwan,1993.77,2248.29,2121.03,60
2026-07-20,Delhi,North Delhi,Azadpur Mandi,Wheat,Lokwan,2000.39,2255.75,2128.07,60
2026-07-21,Delhi,North Delhi,Azadpur Mandi,Wheat,Lokwan,1998.51,2253.63,2126.07,60
2026-07-22,Delhi,North Delhi,Azadpur Mandi,Wheat,Lokwan,1996.11,2250.93,2123.52,60
2026-07-23,Delhi,North Delhi,Azadpur Mandi,Wheat,Lokwan,1998.1,2253.18,2125.64,60
2026-07-24,Delhi,North Delhi,Azadpur Mandi,Wheat,Lokwan,1996.72,2251.62,2124.17,60
2026-07-25,Delhi,North Delhi,Azadpur Mandi,Wheat,Lokwan,1996.2,2251.04,2123.62,60
2026-07-26,Delhi,North Delhi,Azadpur Mandi,Wheat,Lokwan,1999.18,2254.4,2126.79,60
2026-07-27,Delhi,North Delhi,Azadpur Mandi,Wheat,Lokwan,1991.63,2245.89,2118.76,60
2026-07-28,Delhi,North Delhi,Azadpur Mandi,Wheat,Lokwan,1996.92,2251.84,2124.38,60
2026-07-29,Delhi,North Delhi,Azadpur Mandi,Wheat,Lokwan,1997.25,2252.21,2124.73,60
2026-07-30,Delhi,North Delhi,Azadpur Mandi,Wheat,Lokwan,1995.65,2250.41,2123.03,60
2026-07-31,Delhi,North Delhi,Azadpur Mandi,Wheat,Lokwan,1995.34,2250.06,2122.7,60
2026-08-01,Delhi,North Delhi,Azadpur Mandi,Wheat,Lokwan,1995.23,2249.93,2122.58,60
2026-08-02,Delhi,North Delhi,Azadpur Mandi,Wheat,Lokwan,1988.38,2242.22,2115.3,60
2026-08-03,Delhi,North Delhi,Azadpur Mandi,Wheat,Lokwan,1994.36,2248.96,2121.66,60
2026-08-04,Delhi,North Delhi,Azadpur Mandi,Wheat,Lokwan,1994.57,2249.19,2121.88,60
2026-08-05,Delhi,North Delhi,Azadpur Mandi,Wheat,Lokwan,1996.37,2251.23,2123.8,60
2026-08-06,Delhi,North Delhi,Azadpur Mandi,Wheat,Lokwan,2000.19,2255.53,2127.86,60
2026-08-07,Delhi,North Delhi,Azadpur Mandi,Wheat,Lokwan,1996.17,2251.01,2123.59,60
2026-08-08,Delhi,North Delhi,Azadpur Mandi,Wheat,Lokwan,1998.09,2253.17,2125.63,60
2026-08-09,Delhi,North Delhi,Azadpur Mandi,Wheat,Lokwan,1997.07,2252.01,2124.54,60
2026-08-10,Delhi,North Delhi,Azadpur Mandi,Wheat,Lokwan,2000.47,2255.85,2128.16,60
2026-08-11,Delhi,North Delhi,Azadpur Mandi,Wheat,Lokwan,1992.06,2246.36,2119.21,60
2026-08-12,Delhi,North Delhi,Azadpur Mandi,Wheat,Lokwan,1991.71,2245.97,2118.84,60
2026-08-13,Delhi,North Delhi,Azadpur Mandi,Wheat,Lokwan,1989.35,2243.31,2116.33,60
2026-08-14,Delhi,North Delhi,Azadpur Mandi,Wheat,Lokwan,1991.11,2245.29,2118.2,60
2026-08-15,Delhi,North Delhi,Azadpur Mandi,Wheat,Lokwan,1993.02,2247.44,2120.23,60
2026-08-16,Delhi,North Delhi,Azadpur Mandi,Wheat,Lokwan,1990.24,2244.32,2117.28,60
2026-08-17,Delhi,North Delhi,Azadpur Mandi,Wheat,Lokwan,1987.45,2241.17,2114.31,60
2026-08-18,Delhi,North Delhi,Azadpur Mandi,Wheat,Lokwan,1987.06,2240.72,2113.89,60
2026-08-19,Delhi,North Delhi,Azadpur Mandi,Wheat,Lokwan,1983.53,2236.75,2110.14,60
2026-08-20,Delhi,North Delhi,Azadpur Mandi,Wheat,Lokwan,1986.92,2240.56,2113.74,60
2026-08-21,Delhi,North Delhi,Azadpur Mandi,Wheat,Lokwan,1985.49,2238.95,2112.22,60
2026-08-22,Delhi,North Delhi,Azadpur Mandi,Wheat,Lokwan,1973.97,2225.97,2099.97,60
2026-08-23,Delhi,North Delhi,Azadpur Mandi,Wheat,Lokwan,1972.52,2224.34,2098.43,60
2026-08-24,Delhi,North Delhi,Azadpur Mandi,Wheat,Lokwan,1968.44,2219.72,2094.08,60
2026-08-25,Delhi,North Delhi,Azadpur Mandi,Wheat,Lokwan,1962.0,2212.46,2087.23,60
2026-08-26,Delhi,North Delhi,Azadpur Mandi,Wheat,Lokwan,1957.12,2206.96,2082.04,60
2026-08-27,Delhi,North Delhi,Azadpur Mandi,Wheat,Lokwan,1957.59,2207.49,2082.54,60
2026-08-28,Delhi,North Delhi,Azadpur Mandi,Wheat,Lokwan,1962.91,2213.49,2088.2,60
2026-08-29,Delhi,North Delhi,Azadpur Mandi,Wheat,Lokwan,1964.2,2214.94,2089.57,60
2026-08-30,Delhi,North Delhi,Azadpur Mandi,Wheat,Lokwan,1961.83,2212.27,2087.05,60
2026-08-31,Delhi,North Delhi,Azadpur Mandi,Wheat,Lokwan,1963.68,2214.36,2089.02,60
2026-09-01,Delhi,North Delhi,Azadpur Mandi,Wheat,Lokwan,1961.89,2212.35,2087.12,60
2026-09-02,Delhi,North Delhi,Azadpur Mandi,Wheat,Lokwan,1959.17,2209.27,2084.22,60
2026-09-03,Delhi,North Delhi,Azadpur Mandi,Wheat,Lokwan,1954.63,2204.15,2079.39,60
2026-09-04,Delhi,North Delhi,Azadpur Mandi,Wheat,Lokwan,1947.7,2196.34,2072.02,60
2026-09-05,Delhi,North Delhi,Azadpur Mandi,Wheat,Lokwan,1946.19,2194.65,2070.42,60
2026-09-06,Delhi,North Delhi,Azadpur Mandi,Wheat,Lokwan,1946.86,2195.4,2071.13,60
2026-09-07,Delhi,North Delhi,Azadpur Mandi,Wheat,Lokwan,1946.51,2195.01,2070.76,60
2026-09-08,Delhi,North Delhi,Azadpur Mandi,Wheat,Lokwan,1944.9,2193.18,2069.04,60
2026-09-09,Delhi,North Delhi,Azadpur Mandi,Wheat,Lokwan,1941.18,2189.0,2065.09,60
2026-09-10,Delhi,North Delhi,Azadpur Mandi,Wheat,Lokwan,1943.64,2191.76,2067.7,60
2026-05-14,Madhya Pradesh,Bhopal,Bhopal Mandi,Wheat,Lokwan,2018.88,2276.61,2147.75,480
2026-05-15,Madhya Pradesh,Bhopal,Bhopal Mandi,Wheat,Lokwan,2018.57,2276.27,2147.42,480
2026-05-16,Madhya Pradesh,Bhopal,Bhopal Mandi,Wheat,Lokwan,2018.0,2275.62,2146.81,480
2026-05-17,Madhya Pradesh,Bhopal,Bhopal Mandi,Wheat,Lokwan,2016.72,2274.18,2145.45,480
2026-05-18,Madhya Pradesh,Bhopal,Bhopal Mandi,Wheat,Lokwan,2012.53,2269.45,2140.99,480
2026-05-19,Madhya Pradesh,Bhopal,Bhopal Mandi,Wheat,Lokwan,2007.82,2264.14,2135.98,480
2026-05-20,Madhya Pradesh,Bhopal,Bhopal Mandi,Wheat,Lokwan,2009.75,2266.31,2138.03,480
2026-05-21,Madhya Pradesh,Bhopal,Bhopal Mandi,Wheat,Lokwan,2007.56,2263.84,2135.7,480
2026-05-22,Madhya Pradesh,Bhopal,Bhopal Mandi,Wheat,Lokwan,2008.87,2265.33,2137.1,480
2026-05-23,Madhya Pradesh,Bhopal,Bhopal Mandi,Wheat,Lokwan,2005.33,2261.33,2133.33,480
2026-05-24,Madhya Pradesh,Bhopal,Bhopal Mandi,Wheat,Lokwan,2006.1,2262.2,2134.15,480
2026-05-25,Madhya Pradesh,Bhopal,Bhopal Mandi,Wheat,Lokwan,2011.43,2268.21,2139.82,480
2026-05-26,Madhya Pradesh,Bhopal,Bhopal Mandi,Wheat,Lokwan,2013.85,2270.93,2142.39,480
2026-05-27,Madhya Pradesh,Bhopal,Bhopal Mandi,Wheat,Lokwan,2012.21,2269.09,2140.65,480
2026-05-28,Madhya Pradesh,Bhopal,Bhopal Mandi,Wheat,Lokwan,2013.3,2270.32,2141.81,480
2026-05-29,Madhya Pradesh,Bhopal,Bhopal Mandi,Wheat,Lokwan,2012.36,2269.26,2140.81,480
2026-05-30,Madhya Pradesh,Bhopal,Bhopal Mandi,Wheat,Lokwan,2012.44,2269.34,2140.89,480
2026-05-31,Madhya Pradesh,Bhopal,Bhopal Mandi,Wheat,Lokwan,2011.16,2267.9,2139.53,480
2026-06-01,Madhya Pradesh,Bhopal,Bhopal Mandi,Wheat,Lokwan,2010.53,2267.19,2138.86,480
2026-06-02,Madhya Pradesh,Bhopal,Bhopal Mandi,Wheat,Lokwan,2011.43,2268.21,2139.82,480
2026-06-03,Madhya Pradesh,Bhopal,Bhopal Mandi,Wheat,Lokwan,2007.45,2263.71,2135.58,480
2026-06-04,Madhya Pradesh,Bhopal,Bhopal Mandi,Wheat,Lokwan,2003.37,2259.11,2131.24,480
2026-06-05,Madhya Pradesh,Bhopal,Bhopal Mandi,Wheat,Lokwan,1997.77,2252.81,2125.29,480
2026-06-06,Madhya Pradesh,Bhopal,Bhopal Mandi,Wheat,Lokwan,1991.32,2245.54,2118.43,480
2026-06-07,Madhya Pradesh,Bhopal,Bhopal Mandi,Wheat,Lokwan,1986.44,2240.02,2113.23,480
2026-06-08,Madhya Pradesh,Bhopal,Bhopal Mandi,Wheat,Lokwan,1987.12,2240.8,2113.96,480
2026-06-09,Madhya Pradesh,Bhopal,Bhopal Mandi,Wheat,Lokwan,1983.54,2236.76,2110.15,480
2026-06-10,Madhya Pradesh,Bhopal,Bhopal Mandi,Wheat,Lokwan,1985.67,2239.15,2112.41,480
2026-06-11,Madhya Pradesh,Bhopal,Bhopal Mandi,Wheat,Lokwan,1985.84,2239.36,2112.6,480
2026-06-12,Madhya Pradesh,Bhopal,Bhopal Mandi,Wheat,Lokwan,1977.9,2230.4,2104.15,480
2026-06-13,Madhya Pradesh,Bhopal,Bhopal Mandi,Wheat,Lokwan,1980.6,2233.44,2107.02,480
2026-06-14,Madhya Pradesh,Bhopal,Bhopal Mandi,Wheat,Lokwan,1983.93,2237.19,2110.56,480
2026-06-15,Madhya Pradesh,Bhopal,Bhopal Mandi,Wheat,Lokwan,1979.94,2232.7,2106.32,480
2026-06-16,Madhya Pradesh,Bhopal,Bhopal Mandi,Wheat,Lokwan,1981.68,2234.66,2108.17,480
2026-06-17,Madhya Pradesh,Bhopal,Bhopal Mandi,Wheat,Lokwan,1978.25,2230.79,2104.52,480
2026-06-18,Madhya Pradesh,Bhopal,Bhopal Mandi,Wheat,Lokwan,1978.69,2231.29,2104.99,480
2026-06-19,Madhya Pradesh,Bhopal,Bhopal Mandi,Wheat,Lokwan,1973.6,2225.54,2099.57,480
2026-06-20,Madhya Pradesh,Bhopal,Bhopal Mandi,Wheat,Lokwan,1966.37,2217.39,2091.88,480
2026-06-21,Madhya Pradesh,Bhopal,Bhopal Mandi,Wheat,Lokwan,1964.86,2215.7,2090.28,480
2026-06-22,Madhya Pradesh,Bhopal,Bhopal Mandi,Wheat,Lokwan,1964.4,2215.18,2089.79,480
2026-06-23,Madhya Pradesh,Bhopal,Bhopal Mandi,Wheat,Lokwan,1962.82,2213.4,2088.11,480
2026-06-24,Madhya Pradesh,Bhopal,Bhopal Mandi,Wheat,Lokwan,1958.07,2208.03,2083.05,480
2026-06-25,Madhya Pradesh,Bhopal,Bhopal Mandi,Wheat,Lokwan,1956.49,2206.25,2081.37,480
2026-06-26,Madhya Pradesh,Bhopal,Bhopal Mandi,Wheat,Lokwan,1957.62,2207.52,2082.57,480
2026-06-27,Madhya Pradesh,Bhopal,Bhopal Mandi,Wheat,Lokwan,1957.47,2207.37,2082.42,480
2026-06-28,Madhya Pradesh,Bhopal,Bhopal Mandi,Wheat,Lokwan,1958.26,2208.24,2083.25,480
2026-06-29,Madhya Pradesh,Bhopal,Bhopal Mandi,Wheat,Lokwan,1955.58,2205.22,2080.4,480
2026-06-30,Madhya Pradesh,Bhopal,Bhopal Mandi,Wheat,Lokwan,1960.37,2210.63,2085.5,480
2026-07-01,Madhya Pradesh,Bhopal,Bhopal Mandi,Wheat,Lokwan,1955.64,2205.3,2080.47,480
2026-07-02,Madhya Pradesh,Bhopal,Bhopal Mandi,Wheat,Lokwan,1957.66,2207.58,2082.62,480
2026-07-03,Madhya Pradesh,Bhopal,Bhopal Mandi,Wheat,Lokwan,1962.49,2213.03,2087.76,480
2026-07-04,Madhya Pradesh,Bhopal,Bhopal Mandi,Wheat,Lokwan,1964.49,2215.27,2089.88,480
2026-07-05,Madhya Pradesh,Bhopal,Bhopal Mandi,Wheat,Lokwan,1963.71,2214.39,2089.05,480
2026-07-06,Madhya Pradesh,Bhopal,Bhopal Mandi,Wheat,Lokwan,1961.6,2212.02,2086.81,480
2026-07-07,Madhya Pradesh,Bhopal,Bhopal Mandi,Wheat,Lokwan,1965.84,2216.8,2091.32,480
2026-07-08,Madhya Pradesh,Bhopal,Bhopal Mandi,Wheat,Lokwan,1960.12,2210.34,2085.23,480
2026-07-09,Madhya Pradesh,Bhopal,Bhopal Mandi,Wheat,Lokwan,1956.22,2205.96,2081.09,480
2026-07-10,Madhya Pradesh,Bhopal,Bhopal Mandi,Wheat,Lokwan,1954.65,2204.17,2079.41,480
2026-07-11,Madhya Pradesh,Bhopal,Bhopal Mandi,Wheat,Lokwan,1959.71,2209.89,2084.8,480
2026-07-12,Madhya Pradesh,Bhopal,Bhopal Mandi,Wheat,Lokwan,1961.29,2211.67,2086.48,480
2026-07-13,Madhya Pradesh,Bhopal,Bhopal Mandi,Wheat,Lokwan,1957.41,2207.29,2082.35,480
2026-07-14,Madhya Pradesh,Bhopal,Bhopal Mandi,Wheat,Lokwan,1956.19,2205.91,2081.05,480
2026-07-15,Madhya Pradesh,Bhopal,Bhopal Mandi,Wheat,Lokwan,1953.73,2203.15,2078.44,480
2026-07-16,Madhya Pradesh,Bhopal,Bhopal Mandi,Wheat,Lokwan,1950.89,2199.95,2075.42,480
2026-07-17,Madhya Pradesh,Bhopal,Bhopal Mandi,Wheat,Lokwan,1954.91,2204.47,2079.69,480
2026-07-18,Madhya Pradesh,Bhopal,Bhopal Mandi,Wheat,Lokwan,1949.39,2198.25,2073.82,480
2026-07-19,Madhya Pradesh,Bhopal,Bhopal Mandi,Wheat,Lokwan,1955.95,2205.65,2080.8,480
2026-07-20,Madhya Pradesh,Bhopal,Bhopal Mandi,Wheat,Lokwan,1959.35,2209.47,2084.41,480
2026-07-21,Madhya Pradesh,Bhopal,Bhopal Mandi,Wheat,Lokwan,1963.81,2214.51,2089.16,480
2026-07-22,Madhya Pradesh,Bhopal,Bhopal Mandi,Wheat,Lokwan,1961.98,2212.44,2087.21,480
2026-07-23,Madhya Pradesh,Bhopal,Bhopal Mandi,Wheat,Lokwan,1961.41,2211.81,2086.61,480
2026-07-24,Madhya Pradesh,Bhopal,Bhopal Mandi,Wheat,Lokwan,1955.64,2205.3,2080.47,480
2026-07-25,Madhya Pradesh,Bhopal,Bhopal Mandi,Wheat,Lokwan,1953.56,2202.95,2078.25,480
2026-07-26,Madhya Pradesh,Bhopal,Bhopal Mandi,Wheat,Lokwan,1955.59,2205.25,2080.42,480
2026-07-27,Madhya Pradesh,Bhopal,Bhopal Mandi,Wheat,Lokwan,1960.89,2211.21,2086.05,480
2026-07-28,Madhya Pradesh,Bhopal,Bhopal Mandi,Wheat,Lokwan,1956.44,2206.2,2081.32,480
2026-07-29,Madhya Pradesh,Bhopal,Bhopal Mandi,Wheat,Lokwan,1955.0,2204.58,2079.79,480
2026-07-30,Madhya Pradesh,Bhopal,Bhopal Mandi,Wheat,Lokwan,1954.43,2203.93,2079.18,480
2026-07-31,Madhya Pradesh,Bhopal,Bhopal Mandi,Wheat,Lokwan,1948.81,2197.59,2073.2,480
2026-08-01,Madhya Pradesh,Bhopal,Bhopal Mandi,Wheat,Lokwan,1951.24,2200.34,2075.79,480
2026-08-02,Madhya Pradesh,Bhopal,Bhopal Mandi,Wheat,Lokwan,1948.35,2197.07,2072.71,480
2026-08-03,Madhya Pradesh,Bhopal,Bhopal Mandi,Wheat,Lokwan,1947.6,2196.22,2071.91,480
2026-08-04,Madhya Pradesh,Bhopal,Bhopal Mandi,Wheat,Lokwan,1945.81,2194.21,2070.01,480
2026-08-05,Madhya Pradesh,Bhopal,Bhopal Mandi,Wheat,Lokwan,1942.65,2190.65,2066.65,480
2026-08-06,Madhya Pradesh,Bhopal,Bhopal Mandi,Wheat,Lokwan,1942.66,2190.66,2066.66,480
2026-08-07,Madhya Pradesh,Bhopal,Bhopal Mandi,Wheat,Lokwan,1941.82,2189.72,2065.77,480
2026-08-08,Madhya Pradesh,Bhopal,Bhopal Mandi,Wheat,Lokwan,1940.36,2188.06,2064.21,480
2026-08-09,Madhya Pradesh,Bhopal,Bhopal Mandi,Wheat,Lokwan,1937.44,2184.78,2061.11,480
2026-08-10,Madhya Pradesh,Bhopal,Bhopal Mandi,Wheat,Lokwan,1938.78,2186.28,2062.53,480
2026-08-11,Madhya Pradesh,Bhopal,Bhopal Mandi,Wheat,Lokwan,1945.53,2193.89,2069.71,480
2026-08-12,Madhya Pradesh,Bhopal,Bhopal Mandi,Wheat,Lokwan,1946.14,2194.58,2070.36,480
2026-08-13,Madhya Pradesh,Bhopal,Bhopal Mandi,Wheat,Lokwan,1950.22,2199.18,2074.7,480
2026-08-14,Madhya Pradesh,Bhopal,Bhopal Mandi,Wheat,Lokwan,1944.62,2192.86,2068.74,480
2026-08-15,Madhya Pradesh,Bhopal,Bhopal Mandi,Wheat,Lokwan,1945.3,2193.64,2069.47,480
2026-08-16,Madhya Pradesh,Bhopal,Bhopal Mandi,Wheat,Lokwan,1940.89,2188.67,2064.78,480
2026-08-17,Madhya Pradesh,Bhopal,Bhopal Mandi,Wheat,Lokwan,1934.94,2181.96,2058.45,480
2026-08-18,Madhya Pradesh,Bhopal,Bhopal Mandi,Wheat,Lokwan,1931.98,2178.62,2055.3,480
2026-08-19,Madhya Pradesh,Bhopal,Bhopal Mandi,Wheat,Lokwan,1936.86,2184.12,2060.49,480
2026-08-20,Madhya Pradesh,Bhopal,Bhopal Mandi,Wheat,Lokwan,1940.75,2188.51,2064.63,480
2026-08-21,Madhya Pradesh,Bhopal,Bhopal Mandi,Wheat,Lokwan,1941.78,2189.66,2065.72,480
2026-08-22,Madhya Pradesh,Bhopal,Bhopal Mandi,Wheat,Lokwan,1935.6,2182.7,2059.15,480
2026-08-23,Madhya Pradesh,Bhopal,Bhopal Mandi,Wheat,Lokwan,1934.85,2181.85,2058.35,480
2026-08-24,Madhya Pradesh,Bhopal,Bhopal Mandi,Wheat,Lokwan,1936.11,2183.27,2059.69,480
2026-08-25,Madhya Pradesh,Bhopal,Bhopal Mandi,Wheat,Lokwan,1936.86,2184.12,2060.49,480
2026-08-26,Madhya Pradesh,Bhopal,Bhopal Mandi,Wheat,Lokwan,1929.43,2175.73,2052.58,480
2026-08-27,Madhya Pradesh,Bhopal,Bhopal Mandi,Wheat,Lokwan,1925.86,2171.72,2048.79,480
2026-08-28,Madhya Pradesh,Bhopal,Bhopal Mandi,Wheat,Lokwan,1925.64,2171.46,2048.55,480
2026-08-29,Madhya Pradesh,Bhopal,Bhopal Mandi,Wheat,Lokwan,1927.86,2173.96,2050.91,480
2026-08-30,Madhya Pradesh,Bhopal,Bhopal Mandi,Wheat,Lokwan,1918.99,2163.97,2041.48,480
2026-08-31,Madhya Pradesh,Bhopal,Bhopal Mandi,Wheat,Lokwan,1918.37,2163.27,2040.82,480
2026-09-01,Madhya Pradesh,Bhopal,Bhopal Mandi,Wheat,Lokwan,1918.99,2163.97,2041.48,480
2026-09-02,Madhya Pradesh,Bhopal,Bhopal Mandi,Wheat,Lokwan,1922.48,2167.9,2045.19,480
2026-09-03,Madhya Pradesh,Bhopal,Bhopal Mandi,Wheat,Lokwan,1925.33,2171.11,2048.22,480
2026-09-04,Madhya Pradesh,Bhopal,Bhopal Mandi,Wheat,Lokwan,1927.73,2173.83,2050.78,480
2026-09-05,Madhya Pradesh,Bhopal,Bhopal Mandi,Wheat,Lokwan,1924.53,2170.21,2047.37,480
2026-09-06,Madhya Pradesh,Bhopal,Bhopal Mandi,Wheat,Lokwan,1916.83,2161.53,2039.18,480
2026-09-07,Madhya Pradesh,Bhopal,Bhopal Mandi,Wheat,Lokwan,1915.28,2159.78,2037.53,480
2026-09-08,Madhya Pradesh,Bhopal,Bhopal Mandi,Wheat,Lokwan,1919.39,2164.41,2041.9,480
2026-09-09,Madhya Pradesh,Bhopal,Bhopal Mandi,Wheat,Lokwan,1925.07,2170.83,2047.95,480
2026-09-10,Madhya Pradesh,Bhopal,Bhopal Mandi,Wheat,Lokwan,1928.0,2174.12,2051.06,480
2026-05-14,Uttar Pradesh,Gautam Buddh Nagar,Greater Noida Mandi,Wheat,HD-2967,2225.36,2509.44,2367.4,45
2026-05-15,Uttar Pradesh,Gautam Buddh Nagar,Greater Noida Mandi,Wheat,HD-2967,2219.7,2503.06,2361.38,45
2026-05-16,Uttar Pradesh,Gautam Buddh Nagar,Greater Noida Mandi,Wheat,HD-2967,2219.26,2502.56,2360.91,45
2026-05-17,Uttar Pradesh,Gautam Buddh Nagar,Greater Noida Mandi,Wheat,HD-2967,2215.74,2498.6,2357.17,45
2026-05-18,Uttar Pradesh,Gautam Buddh Nagar,Greater Noida Mandi,Wheat,HD-2967,2212.12,2494.52,2353.32,45
2026-05-19,Uttar Pradesh,Gautam Buddh Nagar,Greater Noida Mandi,Wheat,HD-2967,2206.58,2488.28,2347.43,45
2026-05-20,Uttar Pradesh,Gautam Buddh Nagar,Greater Noida Mandi,Wheat,HD-2967,2204.54,2485.98,2345.26,45
2026-05-21,Uttar Pradesh,Gautam Buddh Nagar,Greater Noida Mandi,Wheat,HD-2967,2199.43,2480.21,2339.82,45
2026-05-22,Uttar Pradesh,Gautam Buddh Nagar,Greater Noida Mandi,Wheat,HD-2967,2194.59,2474.75,2334.67,45
2026-05-23,Uttar Pradesh,Gautam Buddh Nagar,Greater Noida Mandi,Wheat,HD-2967,2195.97,2476.31,2336.14,45
2026-05-24,Uttar Pradesh,Gautam Buddh Nagar,Greater Noida Mandi,Wheat,HD-2967,2195.76,2476.08,2335.92,45
2026-05-25,Uttar Pradesh,Gautam Buddh Nagar,Greater Noida Mandi,Wheat,HD-2967,2197.97,2478.57,2338.27,45
2026-05-26,Uttar Pradesh,Gautam Buddh Nagar,Greater Noida Mandi,Wheat,HD-2967,2190.66,2470.32,2330.49,45
2026-05-27,Uttar Pradesh,Gautam Buddh Nagar,Greater Noida Mandi,Wheat,HD-2967,2190.75,2470.43,2330.59,45
2026-05-28,Uttar Pradesh,Gautam Buddh Nagar,Greater Noida Mandi,Wheat,HD-2967,2200.05,2480.91,2340.48,45
2026-05-29,Uttar Pradesh,Gautam Buddh Nagar,Greater Noida Mandi,Wheat,HD-2967,2198.43,2479.09,2338.76,45
2026-05-30,Uttar Pradesh,Gautam Buddh Nagar,Greater Noida Mandi,Wheat,HD-2967,2202.17,2483.29,2342.73,45
2026-05-31,Uttar Pradesh,Gautam Buddh Nagar,Greater Noida Mandi,Wheat,HD-2967,2205.85,2487.45,2346.65,45
2026-06-01,Uttar Pradesh,Gautam Buddh Nagar,Greater Noida Mandi,Wheat,HD-2967,2209.75,2491.85,2350.8,45
2026-06-02,Uttar Pradesh,Gautam Buddh Nagar,Greater Noida Mandi,Wheat,HD-2967,2210.54,2492.74,2351.64,45
2026-06-03,Uttar Pradesh,Gautam Buddh Nagar,Greater Noida Mandi,Wheat,HD-2967,2213.11,2495.63,2354.37,45
2026-06-04,Uttar Pradesh,Gautam Buddh Nagar,Greater Noida Mandi,Wheat,HD-2967,2216.27,2499.19,2357.73,45
2026-06-05,Uttar Pradesh,Gautam Buddh Nagar,Greater Noida Mandi,Wheat,HD-2967,2219.15,2502.45,2360.8,45
2026-06-06,Uttar Pradesh,Gautam Buddh Nagar,Greater Noida Mandi,Wheat,HD-2967,2214.21,2496.87,2355.54,45
2026-06-07,Uttar Pradesh,Gautam Buddh Nagar,Greater Noida Mandi,Wheat,HD-2967,2206.64,2488.34,2347.49,45
2026-06-08,Uttar Pradesh,Gautam Buddh Nagar,Greater Noida Mandi,Wheat,HD-2967,2199.75,2480.57,2340.16,45
2026-06-09,Uttar Pradesh,Gautam Buddh Nagar,Greater Noida Mandi,Wheat,HD-2967,2198.59,2479.27,2338.93,45
2026-06-10,Uttar Pradesh,Gautam Buddh Nagar,Greater Noida Mandi,Wheat,HD-2967,2201.28,2482.3,2341.79,45
2026-06-11,Uttar Pradesh,Gautam Buddh Nagar,Greater Noida Mandi,Wheat,HD-2967,2196.4,2476.8,2336.6,45
2026-06-12,Uttar Pradesh,Gautam Buddh Nagar,Greater Noida Mandi,Wheat,HD-2967,2200.57,2481.49,2341.03,45
2026-06-13,Uttar Pradesh,Gautam Buddh Nagar,Greater Noida Mandi,Wheat,HD-2967,2198.38,2479.02,2338.7,45
2026-06-14,Uttar Pradesh,Gautam Buddh Nagar,Greater Noida Mandi,Wheat,HD-2967,2196.23,2476.59,2336.41,45
2026-06-15,Uttar Pradesh,Gautam Buddh Nagar,Greater Noida Mandi,Wheat,HD-2967,2192.54,2472.44,2332.49,45
2026-06-16,Uttar Pradesh,Gautam Buddh Nagar,Greater Noida Mandi,Wheat,HD-2967,2184.17,2463.01,2323.59,45
2026-06-17,Uttar Pradesh,Gautam Buddh Nagar,Greater Noida Mandi,Wheat,HD-2967,2185.25,2464.21,2324.73,45
2026-06-18,Uttar Pradesh,Gautam Buddh Nagar,Greater Noida Mandi,Wheat,HD-2967,2192.93,2472.87,2332.9,45
2026-06-19,Uttar Pradesh,Gautam Buddh Nagar,Greater Noida Mandi,Wheat,HD-2967,2192.69,2472.61,2332.65,45
2026-06-20,Uttar Pradesh,Gautam Buddh Nagar,Greater Noida Mandi,Wheat,HD-2967,2184.48,2463.36,2323.92,45
2026-06-21,Uttar Pradesh,Gautam Buddh Nagar,Greater Noida Mandi,Wheat,HD-2967,2188.01,2467.33,2327.67,45
2026-06-22,Uttar Pradesh,Gautam Buddh Nagar,Greater Noida Mandi,Wheat,HD-2967,2180.8,2459.2,2320.0,45
2026-06-23,Uttar Pradesh,Gautam Buddh Nagar,Greater Noida Mandi,Wheat,HD-2967,2175.46,2453.18,2314.32,45
2026-06-24,Uttar Pradesh,Gautam Buddh Nagar,Greater Noida Mandi,Wheat,HD-2967,2174.44,2452.02,2313.23,45
2026-06-25,Uttar Pradesh,Gautam Buddh Nagar,Greater Noida Mandi,Wheat,HD-2967,2175.03,2452.69,2313.86,45
2026-06-26,Uttar Pradesh,Gautam Buddh Nagar,Greater Noida Mandi,Wheat,HD-2967,2170.57,2447.67,2309.12,45
2026-06-27,Uttar Pradesh,Gautam Buddh Nagar,Greater Noida Mandi,Wheat,HD-2967,2169.39,2446.33,2307.86,45
2026-06-28,Uttar Pradesh,Gautam Buddh Nagar,Greater Noida Mandi,Wheat,HD-2967,2172.62,2449.98,2311.3,45
2026-06-29,Uttar Pradesh,Gautam Buddh Nagar,Greater Noida Mandi,Wheat,HD-2967,2176.47,2454.31,2315.39,45
2026-06-30,Uttar Pradesh,Gautam Buddh Nagar,Greater Noida Mandi,Wheat,HD-2967,2182.09,2460.65,2321.37,45
2026-07-01,Uttar Pradesh,Gautam Buddh Nagar,Greater Noida Mandi,Wheat,HD-2967,2190.65,2470.31,2330.48,45
2026-07-02,Uttar Pradesh,Gautam Buddh Nagar,Greater Noida Mandi,Wheat,HD-2967,2194.31,2474.43,2334.37,45
2026-07-03,Uttar Pradesh,Gautam Buddh Nagar,Greater Noida Mandi,Wheat,HD-2967,2193.39,2473.39,2333.39,45
2026-07-04,Uttar Pradesh,Gautam Buddh Nagar,Greater Noida Mandi,Wheat,HD-2967,2197.26,2477.76,2337.51,45
2026-07-05,Uttar Pradesh,Gautam Buddh Nagar,Greater Noida Mandi,Wheat,HD-2967,2199.39,2480.17,2339.78,45
2026-07-06,Uttar Pradesh,Gautam Buddh Nagar,Greater Noida Mandi,Wheat,HD-2967,2201.7,2482.76,2342.23,45
2026-07-07,Uttar Pradesh,Gautam Buddh Nagar,Greater Noida Mandi,Wheat,HD-2967,2202.53,2483.71,2343.12,45
2026-07-08,Uttar Pradesh,Gautam Buddh Nagar,Greater Noida Mandi,Wheat,HD-2967,2198.51,2479.17,2338.84,45
2026-07-09,Uttar Pradesh,Gautam Buddh Nagar,Greater Noida Mandi,Wheat,HD-2967,2193.96,2474.04,2334.0,45
2026-07-10,Uttar Pradesh,Gautam Buddh Nagar,Greater Noida Mandi,Wheat,HD-2967,2193.57,2473.61,2333.59,45
2026-07-11,Uttar Pradesh,Gautam Buddh Nagar,Greater Noida Mandi,Wheat,HD-2967,2194.28,2474.4,2334.34,45
2026-07-12,Uttar Pradesh,Gautam Buddh Nagar,Greater Noida Mandi,Wheat,HD-2967,2191.3,2471.04,2331.17,45
2026-07-13,Uttar Pradesh,Gautam Buddh Nagar,Greater Noida Mandi,Wheat,HD-2967,2193.23,2473.21,2333.22,45
2026-07-14,Uttar Pradesh,Gautam Buddh Nagar,Greater Noida Mandi,Wheat,HD-2967,2202.56,2483.74,2343.15,45
2026-07-15,Uttar Pradesh,Gautam Buddh Nagar,Greater Noida Mandi,Wheat,HD-2967,2194.82,2475.02,2334.92,45
2026-07-16,Uttar Pradesh,Gautam Buddh Nagar,Greater Noida Mandi,Wheat,HD-2967,2197.47,2477.99,2337.73,45
2026-07-17,Uttar Pradesh,Gautam Buddh Nagar,Greater Noida Mandi,Wheat,HD-2967,2197.21,2477.71,2337.46,45
2026-07-18,Uttar Pradesh,Gautam Buddh Nagar,Greater Noida Mandi,Wheat,HD-2967,2199.27,2480.03,2339.65,45
2026-07-19,Uttar Pradesh,Gautam Buddh Nagar,Greater Noida Mandi,Wheat,HD-2967,2197.39,2477.91,2337.65,45
2026-07-20,Uttar Pradesh,Gautam Buddh Nagar,Greater Noida Mandi,Wheat,HD-2967,2196.78,2477.22,2337.0,45
2026-07-21,Uttar Pradesh,Gautam Buddh Nagar,Greater Noida Mandi,Wheat,HD-2967,2197.41,2477.93,2337.67,45
2026-07-22,Uttar Pradesh,Gautam Buddh Nagar,Greater Noida Mandi,Wheat,HD-2967,2196.1,2476.46,2336.28,45
2026-07-23,Uttar Pradesh,Gautam Buddh Nagar,Greater Noida Mandi,Wheat,HD-2967,2189.37,2468.87,2329.12,45
2026-07-24,Uttar Pradesh,Gautam Buddh Nagar,Greater Noida Mandi,Wheat,HD-2967,2188.37,2467.73,2328.05,45
2026-07-25,Uttar Pradesh,Gautam Buddh Nagar,Greater Noida Mandi,Wheat,HD-2967,2182.1,2460.66,2321.38,45
2026-07-26,Uttar Pradesh,Gautam Buddh Nagar,Greater Noida Mandi,Wheat,HD-2967,2185.06,2464.0,2324.53,45
2026-07-27,Uttar Pradesh,Gautam Buddh Nagar,Greater Noida Mandi,Wheat,HD-2967,2176.78,2454.66,2315.72,45
2026-07-28,Uttar Pradesh,Gautam Buddh Nagar,Greater Noida Mandi,Wheat,HD-2967,2181.41,2459.89,2320.65,45
2026-07-29,Uttar Pradesh,Gautam Buddh Nagar,Greater Noida Mandi,Wheat,HD-2967,2183.38,2462.1,2322.74,45
2026-07-30,Uttar Pradesh,Gautam Buddh Nagar,Greater Noida Mandi,Wheat,HD-2967,2185.35,2464.33,2324.84,45
2026-07-31,Uttar Pradesh,Gautam Buddh Nagar,Greater Noida Mandi,Wheat,HD-2967,2175.74,2453.5,2314.62,45
2026-08-01,Uttar Pradesh,Gautam Buddh Nagar,Greater Noida Mandi,Wheat,HD-2967,2174.32,2451.9,2313.11,45
2026-08-02,Uttar Pradesh,Gautam Buddh Nagar,Greater Noida Mandi,Wheat,HD-2967,2179.51,2457.75,2318.63,45
2026-08-03,Uttar Pradesh,Gautam Buddh Nagar,Greater Noida Mandi,Wheat,HD-2967,2177.24,2455.18,2316.21,45
2026-08-04,Uttar Pradesh,Gautam Buddh Nagar,Greater Noida Mandi,Wheat,HD-2967,2172.48,2449.82,2311.15,45
2026-08-05,Uttar Pradesh,Gautam Buddh Nagar,Greater Noida Mandi,Wheat,HD-2967,2169.68,2446.66,2308.17,45
2026-08-06,Uttar Pradesh,Gautam Buddh Nagar,Greater Noida Mandi,Wheat,HD-2967,2169.42,2446.36,2307.89,45
2026-08-07,Uttar Pradesh,Gautam Buddh Nagar,Greater Noida Mandi,Wheat,HD-2967,2165.67,2442.13,2303.9,45
2026-08-08,Uttar Pradesh,Gautam Buddh Nagar,Greater Noida Mandi,Wheat,HD-2967,2171.21,2448.39,2309.8,45
2026-08-09,Uttar Pradesh,Gautam Buddh Nagar,Greater Noida Mandi,Wheat,HD-2967,2170.98,2448.12,2309.55,45
2026-08-10,Uttar Pradesh,Gautam Buddh Nagar,Greater Noida Mandi,Wheat,HD-2967,2168.54,2445.38,2306.96,45
2026-08-11,Uttar Pradesh,Gautam Buddh Nagar,Greater Noida Mandi,Wheat,HD-2967,2162.78,2438.88,2300.83,45
2026-08-12,Uttar Pradesh,Gautam Buddh Nagar,Greater Noida Mandi,Wheat,HD-2967,2164.99,2441.37,2303.18,45
2026-08-13,Uttar Pradesh,Gautam Buddh Nagar,Greater Noida Mandi,Wheat,HD-2967,2167.09,2443.73,2305.41,45
2026-08-14,Uttar Pradesh,Gautam Buddh Nagar,Greater Noida Mandi,Wheat,HD-2967,2163.6,2439.8,2301.7,45
2026-08-15,Uttar Pradesh,Gautam Buddh Nagar,Greater Noida Mandi,Wheat,HD-2967,2153.67,2428.61,2291.14,45
2026-08-16,Uttar Pradesh,Gautam Buddh Nagar,Greater Noida Mandi,Wheat,HD-2967,2155.54,2430.72,2293.13,45
2026-08-17,Uttar Pradesh,Gautam Buddh Nagar,Greater Noida Mandi,Wheat,HD-2967,2154.76,2429.84,2292.3,45
2026-08-18,Uttar Pradesh,Gautam Buddh Nagar,Greater Noida Mandi,Wheat,HD-2967,2156.3,2431.58,2293.94,45
2026-08-19,Uttar Pradesh,Gautam Buddh Nagar,Greater Noida Mandi,Wheat,HD-2967,2165.07,2441.47,2303.27,45
2026-08-20,Uttar Pradesh,Gautam Buddh Nagar,Greater Noida Mandi,Wheat,HD-2967,2165.0,2441.38,2303.19,45
2026-08-21,Uttar Pradesh,Gautam Buddh Nagar,Greater Noida Mandi,Wheat,HD-2967,2162.75,2438.85,2300.8,45
2026-08-22,Uttar Pradesh,Gautam Buddh Nagar,Greater Noida Mandi,Wheat,HD-2967,2157.68,2433.12,2295.4,45
2026-08-23,Uttar Pradesh,Gautam Buddh Nagar,Greater Noida Mandi,Wheat,HD-2967,2156.33,2431.61,2293.97,45
2026-08-24,Uttar Pradesh,Gautam Buddh Nagar,Greater Noida Mandi,Wheat,HD-2967,2157.09,2432.47,2294.78,45
2026-08-25,Uttar Pradesh,Gautam Buddh Nagar,Greater Noida Mandi,Wheat,HD-2967,2157.38,2432.78,2295.08,45
2026-08-26,Uttar Pradesh,Gautam Buddh Nagar,Greater Noida Mandi,Wheat,HD-2967,2165.1,2441.5,2303.3,45
2026-08-27,Uttar Pradesh,Gautam Buddh Nagar,Greater Noida Mandi,Wheat,HD-2967,2167.38,2444.06,2305.72,45
2026-08-28,Uttar Pradesh,Gautam Buddh Nagar,Greater Noida Mandi,Wheat,HD-2967,2166.82,2443.44,2305.13,45
2026-08-29,Uttar Pradesh,Gautam Buddh Nagar,Greater Noida Mandi,Wheat,HD-2967,2163.71,2439.93,2301.82,45
2026-08-30,Uttar Pradesh,Gautam Buddh Nagar,Greater Noida Mandi,Wheat,HD-2967,2164.95,2441.33,2303.14,45
2026-08-31,Uttar Pradesh,Gautam Buddh Nagar,Greater Noida Mandi,Wheat,HD-2967,2160.95,2436.81,2298.88,45
2026-09-01,Uttar Pradesh,Gautam Buddh Nagar,Greater Noida Mandi,Wheat,HD-2967,2161.79,2437.77,2299.78,45
2026-09-02,Uttar Pradesh,Gautam Buddh Nagar,Greater Noida Mandi,Wheat,HD-2967,2164.01,2440.27,2302.14,45
2026-09-03,Uttar Pradesh,Gautam Buddh Nagar,Greater Noida Mandi,Wheat,HD-2967,2163.09,2439.23,2301.16,45
2026-09-04,Uttar Pradesh,Gautam Buddh Nagar,Greater Noida Mandi,Wheat,HD-2967,2160.33,2436.11,2298.22,45
2026-09-05,Uttar Pradesh,Gautam Buddh Nagar,Greater Noida Mandi,Wheat,HD-2967,2150.63,2425.17,2287.9,45
2026-09-06,Uttar Pradesh,Gautam Buddh Nagar,Greater Noida Mandi,Wheat,HD-2967,2155.77,2430.97,2293.37,45
2026-09-07,Uttar Pradesh,Gautam Buddh Nagar,Greater Noida Mandi,Wheat,HD-2967,2157.61,2433.05,2295.33,45
2026-09-08,Uttar Pradesh,Gautam Buddh Nagar,Greater Noida Mandi,Wheat,HD-2967,2159.57,2435.25,2297.41,45
2026-09-09,Uttar Pradesh,Gautam Buddh Nagar,Greater Noida Mandi,Wheat,HD-2967,2152.65,2427.45,2290.05,45
2026-09-10,Uttar Pradesh,Gautam Buddh Nagar,Greater Noida Mandi,Wheat,HD-2967,2158.84,2434.44,2296.64,45
2026-05-14,Rajasthan,Jaipur,Jaipur Mandi,Wheat,Sharbati,2111.83,2381.43,2246.63,240
2026-05-15,Rajasthan,Jaipur,Jaipur Mandi,Wheat,Sharbati,2111.99,2381.61,2246.8,240
2026-05-16,Rajasthan,Jaipur,Jaipur Mandi,Wheat,Sharbati,2116.23,2386.39,2251.31,240
2026-05-17,Rajasthan,Jaipur,Jaipur Mandi,Wheat,Sharbati,2113.67,2383.49,2248.58,240
2026-05-18,Rajasthan,Jaipur,Jaipur Mandi,Wheat,Sharbati,2113.17,2382.93,2248.05,240
2026-05-19,Rajasthan,Jaipur,Jaipur Mandi,Wheat,Sharbati,2114.65,2384.61,2249.63,240
2026-05-20,Rajasthan,Jaipur,Jaipur Mandi,Wheat,Sharbati,2119.78,2390.4,2255.09,240
2026-05-21,Rajasthan,Jaipur,Jaipur Mandi,Wheat,Sharbati,2123.1,2394.14,2258.62,240
2026-05-22,Rajasthan,Jaipur,Jaipur Mandi,Wheat,Sharbati,2126.61,2398.09,2262.35,240
2026-05-23,Rajasthan,Jaipur,Jaipur Mandi,Wheat,Sharbati,2124.84,2396.1,2260.47,240
2026-05-24,Rajasthan,Jaipur,Jaipur Mandi,Wheat,Sharbati,2126.59,2398.07,2262.33,240
2026-05-25,Rajasthan,Jaipur,Jaipur Mandi,Wheat,Sharbati,2123.57,2394.67,2259.12,240
2026-05-26,Rajasthan,Jaipur,Jaipur Mandi,Wheat,Sharbati,2127.19,2398.75,2262.97,240
2026-05-27,Rajasthan,Jaipur,Jaipur Mandi,Wheat,Sharbati,2132.11,2404.29,2268.2,240
2026-05-28,Rajasthan,Jaipur,Jaipur Mandi,Wheat,Sharbati,2134.5,2406.98,2270.74,240
2026-05-29,Rajasthan,Jaipur,Jaipur Mandi,Wheat,Sharbati,2132.98,2405.28,2269.13,240
2026-05-30,Rajasthan,Jaipur,Jaipur Mandi,Wheat,Sharbati,2132.16,2404.36,2268.26,240
2026-05-31,Rajasthan,Jaipur,Jaipur Mandi,Wheat,Sharbati,2139.85,2413.03,2276.44,240
2026-06-01,Rajasthan,Jaipur,Jaipur Mandi,Wheat,Sharbati,2138.41,2411.39,2274.9,240
2026-06-02,Rajasthan,Jaipur,Jaipur Mandi,Wheat,Sharbati,2142.89,2416.45,2279.67,240
2026-06-03,Rajasthan,Jaipur,Jaipur Mandi,Wheat,Sharbati,2144.38,2418.12,2281.25,240
2026-06-04,Rajasthan,Jaipur,Jaipur Mandi,Wheat,Sharbati,2143.0,2416.58,2279.79,240
2026-06-05,Rajasthan,Jaipur,Jaipur Mandi,Wheat,Sharbati,2137.35,2410.21,2273.78,240
2026-06-06,Rajasthan,Jaipur,Jaipur Mandi,Wheat,Sharbati,2138.28,2411.26,2274.77,240
2026-06-07,Rajasthan,Jaipur,Jaipur Mandi,Wheat,Sharbati,2138.72,2411.74,2275.23,240
2026-06-08,Rajasthan,Jaipur,Jaipur Mandi,Wheat,Sharbati,2146.41,2420.41,2283.41,240
2026-06-09,Rajasthan,Jaipur,Jaipur Mandi,Wheat,Sharbati,2142.81,2416.35,2279.58,240
2026-06-10,Rajasthan,Jaipur,Jaipur Mandi,Wheat,Sharbati,2152.56,2427.36,2289.96,240
2026-06-11,Rajasthan,Jaipur,Jaipur Mandi,Wheat,Sharbati,2154.21,2429.21,2291.71,240
2026-06-12,Rajasthan,Jaipur,Jaipur Mandi,Wheat,Sharbati,2155.85,2431.07,2293.46,240
2026-06-13,Rajasthan,Jaipur,Jaipur Mandi,Wheat,Sharbati,2153.38,2428.28,2290.83,240
2026-06-14,Rajasthan,Jaipur,Jaipur Mandi,Wheat,Sharbati,2154.75,2429.83,2292.29,240
2026-06-15,Rajasthan,Jaipur,Jaipur Mandi,Wheat,Sharbati,2156.8,2432.14,2294.47,240
2026-06-16,Rajasthan,Jaipur,Jaipur Mandi,Wheat,Sharbati,2160.81,2436.65,2298.73,240
2026-06-17,Rajasthan,Jaipur,Jaipur Mandi,Wheat,Sharbati,2156.71,2432.03,2294.37,240
2026-06-18,Rajasthan,Jaipur,Jaipur Mandi,Wheat,Sharbati,2162.7,2438.8,2300.75,240
2026-06-19,Rajasthan,Jaipur,Jaipur Mandi,Wheat,Sharbati,2164.27,2440.57,2302.42,240
2026-06-20,Rajasthan,Jaipur,Jaipur Mandi,Wheat,Sharbati,2166.9,2443.52,2305.21,240
2026-06-21,Rajasthan,Jaipur,Jaipur Mandi,Wheat,Sharbati,2166.0,2442.52,2304.26,240
2026-06-22,Rajasthan,Jaipur,Jaipur Mandi,Wheat,Sharbati,2162.11,2438.13,2300.12,240
2026-06-23,Rajasthan,Jaipur,Jaipur Mandi,Wheat,Sharbati,2162.47,2438.53,2300.5,240
2026-06-24,Rajasthan,Jaipur,Jaipur Mandi,Wheat,Sharbati,2163.3,2439.46,2301.38,240
2026-06-25,Rajasthan,Jaipur,Jaipur Mandi,Wheat,Sharbati,2157.48,2432.9,2295.19,240
2026-06-26,Rajasthan,Jaipur,Jaipur Mandi,Wheat,Sharbati,2160.88,2436.74,2298.81,240
2026-06-27,Rajasthan,Jaipur,Jaipur Mandi,Wheat,Sharbati,2165.14,2441.54,2303.34,240
2026-06-28,Rajasthan,Jaipur,Jaipur Mandi,Wheat,Sharbati,2162.09,2438.11,2300.1,240
2026-06-29,Rajasthan,Jaipur,Jaipur Mandi,Wheat,Sharbati,2157.81,2433.27,2295.54,240
2026-06-30,Rajasthan,Jaipur,Jaipur Mandi,Wheat,Sharbati,2156.57,2431.87,2294.22,240
2026-07-01,Rajasthan,Jaipur,Jaipur Mandi,Wheat,Sharbati,2156.71,2432.03,2294.37,240
2026-07-02,Rajasthan,Jaipur,Jaipur Mandi,Wheat,Sharbati,2155.64,2430.82,2293.23,240
2026-07-03,Rajasthan,Jaipur,Jaipur Mandi,Wheat,Sharbati,2155.42,2430.58,2293.0,240
2026-07-04,Rajasthan,Jaipur,Jaipur Mandi,Wheat,Sharbati,2156.4,2431.68,2294.04,240
2026-07-05,Rajasthan,Jaipur,Jaipur Mandi,Wheat,Sharbati,2150.65,2425.21,2287.93,240
2026-07-06,Rajasthan,Jaipur,Jaipur Mandi,Wheat,Sharbati,2145.39,2419.27,2282.33,240
2026-07-07,Rajasthan,Jaipur,Jaipur Mandi,Wheat,Sharbati,2133.91,2406.33,2270.12,240
2026-07-08,Rajasthan,Jaipur,Jaipur Mandi,Wheat,Sharbati,2137.95,2410.87,2274.41,240
2026-07-09,Rajasthan,Jaipur,Jaipur Mandi,Wheat,Sharbati,2138.05,2410.99,2274.52,240
2026-07-10,Rajasthan,Jaipur,Jaipur Mandi,Wheat,Sharbati,2142.52,2416.04,2279.28,240
2026-07-11,Rajasthan,Jaipur,Jaipur Mandi,Wheat,Sharbati,2137.75,2410.65,2274.2,240
2026-07-12,Rajasthan,Jaipur,Jaipur Mandi,Wheat,Sharbati,2137.9,2410.82,2274.36,240
2026-07-13,Rajasthan,Jaipur,Jaipur Mandi,Wheat,Sharbati,2138.85,2411.89,2275.37,240
2026-07-14,Rajasthan,Jaipur,Jaipur Mandi,Wheat,Sharbati,2136.52,2409.26,2272.89,240
2026-07-15,Rajasthan,Jaipur,Jaipur Mandi,Wheat,Sharbati,2129.98,2401.9,2265.94,240
2026-07-16,Rajasthan,Jaipur,Jaipur Mandi,Wheat,Sharbati,2137.41,2410.27,2273.84,240
2026-07-17,Rajasthan,Jaipur,Jaipur Mandi,Wheat,Sharbati,2143.38,2417.0,2280.19,240
2026-07-18,Rajasthan,Jaipur,Jaipur Mandi,Wheat,Sharbati,2141.8,2415.22,2278.51,240
2026-07-19,Rajasthan,Jaipur,Jaipur Mandi,Wheat,Sharbati,2144.01,2417.71,2280.86,240
2026-07-20,Rajasthan,Jaipur,Jaipur Mandi,Wheat,Sharbati,2142.0,2415.44,2278.72,240
2026-07-21,Rajasthan,Jaipur,Jaipur Mandi,Wheat,Sharbati,2137.82,2410.74,2274.28,240
2026-07-22,Rajasthan,Jaipur,Jaipur Mandi,Wheat,Sharbati,2145.6,2419.5,2282.55,240
2026-07-23,Rajasthan,Jaipur,Jaipur Mandi,Wheat,Sharbati,2138.64,2411.66,2275.15,240
2026-07-24,Rajasthan,Jaipur,Jaipur Mandi,Wheat,Sharbati,2137.48,2410.34,2273.91,240
2026-07-25,Rajasthan,Jaipur,Jaipur Mandi,Wheat,Sharbati,2137.87,2410.79,2274.33,240
2026-07-26,Rajasthan,Jaipur,Jaipur Mandi,Wheat,Sharbati,2144.9,2418.72,2281.81,240
2026-07-27,Rajasthan,Jaipur,Jaipur Mandi,Wheat,Sharbati,2148.74,2423.04,2285.89,240
2026-07-28,Rajasthan,Jaipur,Jaipur Mandi,Wheat,Sharbati,2141.71,2415.11,2278.41,240
2026-07-29,Rajasthan,Jaipur,Jaipur Mandi,Wheat,Sharbati,2141.73,2415.15,2278.44,240
2026-07-30,Rajasthan,Jaipur,Jaipur Mandi,Wheat,Sharbati,2141.87,2415.29,2278.58,240
2026-07-31,Rajasthan,Jaipur,Jaipur Mandi,Wheat,Sharbati,2140.94,2414.26,2277.6,240
2026-08-01,Rajasthan,Jaipur,Jaipur Mandi,Wheat,Sharbati,2143.6,2417.26,2280.43,240
2026-08-02,Rajasthan,Jaipur,Jaipur Mandi,Wheat,Sharbati,2137.68,2410.58,2274.13,240
2026-08-03,Rajasthan,Jaipur,Jaipur Mandi,Wheat,Sharbati,2136.0,2408.68,2272.34,240
2026-08-04,Rajasthan,Jaipur,Jaipur Mandi,Wheat,Sharbati,2138.07,2411.01,2274.54,240
2026-08-05,Rajasthan,Jaipur,Jaipur Mandi,Wheat,Sharbati,2140.98,2414.3,2277.64,240
2026-08-06,Rajasthan,Jaipur,Jaipur Mandi,Wheat,Sharbati,2141.66,2415.06,2278.36,240
2026-08-07,Rajasthan,Jaipur,Jaipur Mandi,Wheat,Sharbati,2140.48,2413.74,2277.11,240
2026-08-08,Rajasthan,Jaipur,Jaipur Mandi,Wheat,Sharbati,2140.01,2413.21,2276.61,240
2026-08-09,Rajasthan,Jaipur,Jaipur Mandi,Wheat,Sharbati,2143.19,2416.79,2279.99,240
2026-08-10,Rajasthan,Jaipur,Jaipur Mandi,Wheat,Sharbati,2143.38,2417.0,2280.19,240
2026-08-11,Rajasthan,Jaipur,Jaipur Mandi,Wheat,Sharbati,2139.01,2412.07,2275.54,240
2026-08-12,Rajasthan,Jaipur,Jaipur Mandi,Wheat,Sharbati,2133.84,2406.24,2270.04,240
2026-08-13,Rajasthan,Jaipur,Jaipur Mandi,Wheat,Sharbati,2127.57,2399.17,2263.37,240
2026-08-14,Rajasthan,Jaipur,Jaipur Mandi,Wheat,Sharbati,2133.77,2406.17,2269.97,240
2026-08-15,Rajasthan,Jaipur,Jaipur Mandi,Wheat,Sharbati,2137.23,2410.07,2273.65,240
2026-08-16,Rajasthan,Jaipur,Jaipur Mandi,Wheat,Sharbati,2136.83,2409.61,2273.22,240
2026-08-17,Rajasthan,Jaipur,Jaipur Mandi,Wheat,Sharbati,2134.95,2407.49,2271.22,240
2026-08-18,Rajasthan,Jaipur,Jaipur Mandi,Wheat,Sharbati,2132.56,2404.8,2268.68,240
2026-08-19,Rajasthan,Jaipur,Jaipur Mandi,Wheat,Sharbati,2137.23,2410.07,2273.65,240
2026-08-20,Rajasthan,Jaipur,Jaipur Mandi,Wheat,Sharbati,2145.33,2419.21,2282.27,240
2026-08-21,Rajasthan,Jaipur,Jaipur Mandi,Wheat,Sharbati,2142.81,2416.37,2279.59,240
2026-08-22,Rajasthan,Jaipur,Jaipur Mandi,Wheat,Sharbati,2147.67,2421.85,2284.76,240
2026-08-23,Rajasthan,Jaipur,Jaipur Mandi,Wheat,Sharbati,2147.83,2422.03,2284.93,240
2026-08-24,Rajasthan,Jaipur,Jaipur Mandi,Wheat,Sharbati,2146.98,2421.06,2284.02,240
2026-08-25,Rajasthan,Jaipur,Jaipur Mandi,Wheat,Sharbati,2153.39,2428.29,2290.84,240
2026-08-26,Rajasthan,Jaipur,Jaipur Mandi,Wheat,Sharbati,2153.39,2428.29,2290.84,240
2026-08-27,Rajasthan,Jaipur,Jaipur Mandi,Wheat,Sharbati,2154.68,2429.74,2292.21,240
2026-08-28,Rajasthan,Jaipur,Jaipur Mandi,Wheat,Sharbati,2155.78,2430.98,2293.38,240
2026-08-29,Rajasthan,Jaipur,Jaipur Mandi,Wheat,Sharbati,2148.93,2423.27,2286.1,240
2026-08-30,Rajasthan,Jaipur,Jaipur Mandi,Wheat,Sharbati,2150.2,2424.7,2287.45,240
2026-08-31,Rajasthan,Jaipur,Jaipur Mandi,Wheat,Sharbati,2147.86,2422.06,2284.96,240
2026-09-01,Rajasthan,Jaipur,Jaipur Mandi,Wheat,Sharbati,2141.88,2415.32,2278.6,240
2026-09-02,Rajasthan,Jaipur,Jaipur Mandi,Wheat,Sharbati,2139.74,2412.9,2276.32,240
2026-09-03,Rajasthan,Jaipur,Jaipur Mandi,Wheat,Sharbati,2137.56,2410.44,2274.0,240
2026-09-04,Rajasthan,Jaipur,Jaipur Mandi,Wheat,Sharbati,2141.96,2415.4,2278.68,240
2026-09-05,Rajasthan,Jaipur,Jaipur Mandi,Wheat,Sharbati,2137.5,2410.38,2273.94,240
2026-09-06,Rajasthan,Jaipur,Jaipur Mandi,Wheat,Sharbati,2134.2,2406.66,2270.43,240
2026-09-07,Rajasthan,Jaipur,Jaipur Mandi,Wheat,Sharbati,2135.24,2407.82,2271.53,240
2026-09-08,Rajasthan,Jaipur,Jaipur Mandi,Wheat,Sharbati,2129.67,2401.55,2265.61,240
2026-09-09,Rajasthan,Jaipur,Jaipur Mandi,Wheat,Sharbati,2126.92,2398.44,2262.68,240
2026-09-10,Rajasthan,Jaipur,Jaipur Mandi,Wheat,Sharbati,2119.93,2390.55,2255.24,240
2026-05-14,Uttar Pradesh,Kanpur Nagar,Kanpur Mandi,Wheat,HD-2967,2167.95,2444.71,2306.33,130
2026-05-15,Uttar Pradesh,Kanpur Nagar,Kanpur Mandi,Wheat,HD-2967,2171.65,2448.89,2310.27,130
2026-05-16,Uttar Pradesh,Kanpur Nagar,Kanpur Mandi,Wheat,HD-2967,2170.94,2448.08,2309.51,130
2026-05-17,Uttar Pradesh,Kanpur Nagar,Kanpur Mandi,Wheat,HD-2967,2166.34,2442.9,2304.62,130
2026-05-18,Uttar Pradesh,Kanpur Nagar,Kanpur Mandi,Wheat,HD-2967,2160.89,2436.75,2298.82,130
2026-05-19,Uttar Pradesh,Kanpur Nagar,Kanpur Mandi,Wheat,HD-2967,2167.57,2444.29,2305.93,130
2026-05-20,Uttar Pradesh,Kanpur Nagar,Kanpur Mandi,Wheat,HD-2967,2168.19,2444.97,2306.58,130
2026-05-21,Uttar Pradesh,Kanpur Nagar,Kanpur Mandi,Wheat,HD-2967,2165.68,2442.14,2303.91,130
2026-05-22,Uttar Pradesh,Kanpur Nagar,Kanpur Mandi,Wheat,HD-2967,2164.7,2441.04,2302.87,130
2026-05-23,Uttar Pradesh,Kanpur Nagar,Kanpur Mandi,Wheat,HD-2967,2168.25,2445.05,2306.65,130
2026-05-24,Uttar Pradesh,Kanpur Nagar,Kanpur Mandi,Wheat,HD-2967,2167.02,2443.66,2305.34,130
2026-05-25,Uttar Pradesh,Kanpur Nagar,Kanpur Mandi,Wheat,HD-2967,2160.77,2436.61,2298.69,130
2026-05-26,Uttar Pradesh,Kanpur Nagar,Kanpur Mandi,Wheat,HD-2967,2162.23,2438.25,2300.24,130
2026-05-27,Uttar Pradesh,Kanpur Nagar,Kanpur Mandi,Wheat,HD-2967,2167.52,2444.22,2305.87,130
2026-05-28,Uttar Pradesh,Kanpur Nagar,Kanpur Mandi,Wheat,HD-2967,2172.52,2449.86,2311.19,130
2026-05-29,Uttar Pradesh,Kanpur Nagar,Kanpur Mandi,Wheat,HD-2967,2170.13,2447.17,2308.65,130
2026-05-30,Uttar Pradesh,Kanpur Nagar,Kanpur Mandi,Wheat,HD-2967,2175.69,2453.43,2314.56,130
2026-05-31,Uttar Pradesh,Kanpur Nagar,Kanpur Mandi,Wheat,HD-2967,2176.65,2454.53,2315.59,130
2026-06-01,Uttar Pradesh,Kanpur Nagar,Kanpur Mandi,Wheat,HD-2967,2182.08,2460.64,2321.36,130
2026-06-02,Uttar Pradesh,Kanpur Nagar,Kanpur Mandi,Wheat,HD-2967,2184.62,2463.5,2324.06,130
2026-06-03,Uttar Pradesh,Kanpur Nagar,Kanpur Mandi,Wheat,HD-2967,2178.06,2456.1,2317.08,130
2026-06-04,Uttar Pradesh,Kanpur Nagar,Kanpur Mandi,Wheat,HD-2967,2185.68,2464.7,2325.19,130
2026-06-05,Uttar Pradesh,Kanpur Nagar,Kanpur Mandi,Wheat,HD-2967,2185.95,2465.01,2325.48,130
2026-06-06,Uttar Pradesh,Kanpur Nagar,Kanpur Mandi,Wheat,HD-2967,2188.5,2467.88,2328.19,130
2026-06-07,Uttar Pradesh,Kanpur Nagar,Kanpur Mandi,Wheat,HD-2967,2182.71,2461.35,2322.03,130
2026-06-08,Uttar Pradesh,Kanpur Nagar,Kanpur Mandi,Wheat,HD-2967,2184.95,2463.87,2324.41,130
2026-06-09,Uttar Pradesh,Kanpur Nagar,Kanpur Mandi,Wheat,HD-2967,2189.78,2469.32,2329.55,130
2026-06-10,Uttar Pradesh,Kanpur Nagar,Kanpur Mandi,Wheat,HD-2967,2198.22,2478.84,2338.53,130
2026-06-11,Uttar Pradesh,Kanpur Nagar,Kanpur Mandi,Wheat,HD-2967,2204.34,2485.74,2345.04,130
2026-06-12,Uttar Pradesh,Kanpur Nagar,Kanpur Mandi,Wheat,HD-2967,2206.79,2488.51,2347.65,130
2026-06-13,Uttar Pradesh,Kanpur Nagar,Kanpur Mandi,Wheat,HD-2967,2200.13,2480.99,2340.56,130
2026-06-14,Uttar Pradesh,Kanpur Nagar,Kanpur Mandi,Wheat,HD-2967,2200.75,2481.69,2341.22,130
2026-06-15,Uttar Pradesh,Kanpur Nagar,Kanpur Mandi,Wheat,HD-2967,2198.22,2478.84,2338.53,130
2026-06-16,Uttar Pradesh,Kanpur Nagar,Kanpur Mandi,Wheat,HD-2967,2199.28,2480.04,2339.66,130
2026-06-17,Uttar Pradesh,Kanpur Nagar,Kanpur Mandi,Wheat,HD-2967,2194.04,2474.14,2334.09,130
2026-06-18,Uttar Pradesh,Kanpur Nagar,Kanpur Mandi,Wheat,HD-2967,2193.17,2473.15,2333.16,130
2026-06-19,Uttar Pradesh,Kanpur Nagar,Kanpur Mandi,Wheat,HD-2967,2190.97,2470.67,2330.82,130
2026-06-20,Uttar Pradesh,Kanpur Nagar,Kanpur Mandi,Wheat,HD-2967,2188.64,2468.04,2328.34,130
2026-06-21,Uttar Pradesh,Kanpur Nagar,Kanpur Mandi,Wheat,HD-2967,2186.35,2465.45,2325.9,130
2026-06-22,Uttar Pradesh,Kanpur Nagar,Kanpur Mandi,Wheat,HD-2967,2185.8,2464.84,2325.32,130
2026-06-23,Uttar Pradesh,Kanpur Nagar,Kanpur Mandi,Wheat,HD-2967,2187.08,2466.28,2326.68,130
2026-06-24,Uttar Pradesh,Kanpur Nagar,Kanpur Mandi,Wheat,HD-2967,2176.28,2454.1,2315.19,130
2026-06-25,Uttar Pradesh,Kanpur Nagar,Kanpur Mandi,Wheat,HD-2967,2166.0,2442.52,2304.26,130
2026-06-26,Uttar Pradesh,Kanpur Nagar,Kanpur Mandi,Wheat,HD-2967,2164.59,2440.91,2302.75,130
2026-06-27,Uttar Pradesh,Kanpur Nagar,Kanpur Mandi,Wheat,HD-2967,2163.77,2439.99,2301.88,130
2026-06-28,Uttar Pradesh,Kanpur Nagar,Kanpur Mandi,Wheat,HD-2967,2164.63,2440.97,2302.8,130
2026-06-29,Uttar Pradesh,Kanpur Nagar,Kanpur Mandi,Wheat,HD-2967,2161.51,2437.45,2299.48,130
2026-06-30,Uttar Pradesh,Kanpur Nagar,Kanpur Mandi,Wheat,HD-2967,2161.6,2437.54,2299.57,130
2026-07-01,Uttar Pradesh,Kanpur Nagar,Kanpur Mandi,Wheat,HD-2967,2162.2,2438.22,2300.21,130
2026-07-02,Uttar Pradesh,Kanpur Nagar,Kanpur Mandi,Wheat,HD-2967,2159.05,2434.67,2296.86,130
2026-07-03,Uttar Pradesh,Kanpur Nagar,Kanpur Mandi,Wheat,HD-2967,2163.49,2439.69,2301.59,130
2026-07-04,Uttar Pradesh,Kanpur Nagar,Kanpur Mandi,Wheat,HD-2967,2164.3,2440.6,2302.45,130
2026-07-05,Uttar Pradesh,Kanpur Nagar,Kanpur Mandi,Wheat,HD-2967,2166.72,2443.32,2305.02,130
2026-07-06,Uttar Pradesh,Kanpur Nagar,Kanpur Mandi,Wheat,HD-2967,2167.07,2443.71,2305.39,130
2026-07-07,Uttar Pradesh,Kanpur Nagar,Kanpur Mandi,Wheat,HD-2967,2176.24,2454.06,2315.15,130
2026-07-08,Uttar Pradesh,Kanpur Nagar,Kanpur Mandi,Wheat,HD-2967,2178.87,2457.03,2317.95,130
2026-07-09,Uttar Pradesh,Kanpur Nagar,Kanpur Mandi,Wheat,HD-2967,2176.8,2454.68,2315.74,130
2026-07-10,Uttar Pradesh,Kanpur Nagar,Kanpur Mandi,Wheat,HD-2967,2180.41,2458.75,2319.58,130
2026-07-11,Uttar Pradesh,Kanpur Nagar,Kanpur Mandi,Wheat,HD-2967,2173.34,2450.78,2312.06,130
2026-07-12,Uttar Pradesh,Kanpur Nagar,Kanpur Mandi,Wheat,HD-2967,2173.9,2451.42,2312.66,130
2026-07-13,Uttar Pradesh,Kanpur Nagar,Kanpur Mandi,Wheat,HD-2967,2175.33,2453.03,2314.18,130
2026-07-14,Uttar Pradesh,Kanpur Nagar,Kanpur Mandi,Wheat,HD-2967,2175.94,2453.72,2314.83,130
2026-07-15,Uttar Pradesh,Kanpur Nagar,Kanpur Mandi,Wheat,HD-2967,2174.53,2452.13,2313.33,130
2026-07-16,Uttar Pradesh,Kanpur Nagar,Kanpur Mandi,Wheat,HD-2967,2170.19,2447.23,2308.71,130
2026-07-17,Uttar Pradesh,Kanpur Nagar,Kanpur Mandi,Wheat,HD-2967,2166.8,2443.42,2305.11,130
2026-07-18,Uttar Pradesh,Kanpur Nagar,Kanpur Mandi,Wheat,HD-2967,2167.28,2443.96,2305.62,130
2026-07-19,Uttar Pradesh,Kanpur Nagar,Kanpur Mandi,Wheat,HD-2967,2162.5,2438.56,2300.53,130
2026-07-20,Uttar Pradesh,Kanpur Nagar,Kanpur Mandi,Wheat,HD-2967,2170.22,2447.28,2308.75,130
2026-07-21,Uttar Pradesh,Kanpur Nagar,Kanpur Mandi,Wheat,HD-2967,2158.8,2434.4,2296.6,130
2026-07-22,Uttar Pradesh,Kanpur Nagar,Kanpur Mandi,Wheat,HD-2967,2157.44,2432.86,2295.15,130
2026-07-23,Uttar Pradesh,Kanpur Nagar,Kanpur Mandi,Wheat,HD-2967,2157.97,2433.45,2295.71,130
2026-07-24,Uttar Pradesh,Kanpur Nagar,Kanpur Mandi,Wheat,HD-2967,2160.21,2435.99,2298.1,130
2026-07-25,Uttar Pradesh,Kanpur Nagar,Kanpur Mandi,Wheat,HD-2967,2156.28,2431.54,2293.91,130
2026-07-26,Uttar Pradesh,Kanpur Nagar,Kanpur Mandi,Wheat,HD-2967,2161.25,2437.15,2299.2,130
2026-07-27,Uttar Pradesh,Kanpur Nagar,Kanpur Mandi,Wheat,HD-2967,2155.24,2430.38,2292.81,130
2026-07-28,Uttar Pradesh,Kanpur Nagar,Kanpur Mandi,Wheat,HD-2967,2152.83,2427.65,2290.24,130
2026-07-29,Uttar Pradesh,Kanpur Nagar,Kanpur Mandi,Wheat,HD-2967,2155.56,2430.74,2293.15,130
2026-07-30,Uttar Pradesh,Kanpur Nagar,Kanpur Mandi,Wheat,HD-2967,2160.12,2435.88,2298.0,130
2026-07-31,Uttar Pradesh,Kanpur Nagar,Kanpur Mandi,Wheat,HD-2967,2154.08,2429.06,2291.57,130
2026-08-01,Uttar Pradesh,Kanpur Nagar,Kanpur Mandi,Wheat,HD-2967,2165.6,2442.06,2303.83,130
2026-08-02,Uttar Pradesh,Kanpur Nagar,Kanpur Mandi,Wheat,HD-2967,2161.75,2437.71,2299.73,130
2026-08-03,Uttar Pradesh,Kanpur Nagar,Kanpur Mandi,Wheat,HD-2967,2156.09,2431.33,2293.71,130
2026-08-04,Uttar Pradesh,Kanpur Nagar,Kanpur Mandi,Wheat,HD-2967,2158.32,2433.84,2296.08,130
2026-08-05,Uttar Pradesh,Kanpur Nagar,Kanpur Mandi,Wheat,HD-2967,2156.85,2432.19,2294.52,130
2026-08-06,Uttar Pradesh,Kanpur Nagar,Kanpur Mandi,Wheat,HD-2967,2154.74,2429.82,2292.28,130
2026-08-07,Uttar Pradesh,Kanpur Nagar,Kanpur Mandi,Wheat,HD-2967,2157.37,2432.77,2295.07,130
2026-08-08,Uttar Pradesh,Kanpur Nagar,Kanpur Mandi,Wheat,HD-2967,2150.79,2425.35,2288.07,130
2026-08-09,Uttar Pradesh,Kanpur Nagar,Kanpur Mandi,Wheat,HD-2967,2143.43,2417.07,2280.25,130
2026-08-10,Uttar Pradesh,Kanpur Nagar,Kanpur Mandi,Wheat,HD-2967,2140.89,2414.19,2277.54,130
2026-08-11,Uttar Pradesh,Kanpur Nagar,Kanpur Mandi,Wheat,HD-2967,2145.61,2419.51,2282.56,130
2026-08-12,Uttar Pradesh,Kanpur Nagar,Kanpur Mandi,Wheat,HD-2967,2143.25,2416.85,2280.05,130
2026-08-13,Uttar Pradesh,Kanpur Nagar,Kanpur Mandi,Wheat,HD-2967,2150.23,2424.73,2287.48,130
2026-08-14,Uttar Pradesh,Kanpur Nagar,Kanpur Mandi,Wheat,HD-2967,2155.49,2430.65,2293.07,130
2026-08-15,Uttar Pradesh,Kanpur Nagar,Kanpur Mandi,Wheat,HD-2967,2156.76,2432.1,2294.43,130
2026-08-16,Uttar Pradesh,Kanpur Nagar,Kanpur Mandi,Wheat,HD-2967,2158.28,2433.8,2296.04,130
2026-08-17,Uttar Pradesh,Kanpur Nagar,Kanpur Mandi,Wheat,HD-2967,2159.55,2435.23,2297.39,130
2026-08-18,Uttar Pradesh,Kanpur Nagar,Kanpur Mandi,Wheat,HD-2967,2160.28,2436.06,2298.17,130
2026-08-19,Uttar Pradesh,Kanpur Nagar,Kanpur Mandi,Wheat,HD-2967,2158.74,2434.32,2296.53,130
2026-08-20,Uttar Pradesh,Kanpur Nagar,Kanpur Mandi,Wheat,HD-2967,2157.69,2433.15,2295.42,130
2026-08-21,Uttar Pradesh,Kanpur Nagar,Kanpur Mandi,Wheat,HD-2967,2153.09,2427.95,2290.52,130
2026-08-22,Uttar Pradesh,Kanpur Nagar,Kanpur Mandi,Wheat,HD-2967,2143.54,2417.18,2280.36,130
2026-08-23,Uttar Pradesh,Kanpur Nagar,Kanpur Mandi,Wheat,HD-2967,2148.38,2422.64,2285.51,130
2026-08-24,Uttar Pradesh,Kanpur Nagar,Kanpur Mandi,Wheat,HD-2967,2149.1,2423.46,2286.28,130
2026-08-25,Uttar Pradesh,Kanpur Nagar,Kanpur Mandi,Wheat,HD-2967,2149.18,2423.54,2286.36,130
2026-08-26,Uttar Pradesh,Kanpur Nagar,Kanpur Mandi,Wheat,HD-2967,2150.95,2425.53,2288.24,130
2026-08-27,Uttar Pradesh,Kanpur Nagar,Kanpur Mandi,Wheat,HD-2967,2147.39,2421.53,2284.46,130
2026-08-28,Uttar Pradesh,Kanpur Nagar,Kanpur Mandi,Wheat,HD-2967,2143.1,2416.68,2279.89,130
2026-08-29,Uttar Pradesh,Kanpur Nagar,Kanpur Mandi,Wheat,HD-2967,2141.9,2415.34,2278.62,130
2026-08-30,Uttar Pradesh,Kanpur Nagar,Kanpur Mandi,Wheat,HD-2967,2147.89,2422.09,2284.99,130
2026-08-31,Uttar Pradesh,Kanpur Nagar,Kanpur Mandi,Wheat,HD-2967,2142.86,2416.42,2279.64,130
2026-09-01,Uttar Pradesh,Kanpur Nagar,Kanpur Mandi,Wheat,HD-2967,2131.5,2403.6,2267.55,130
2026-09-02,Uttar Pradesh,Kanpur Nagar,Kanpur Mandi,Wheat,HD-2967,2129.28,2401.1,2265.19,130
2026-09-03,Uttar Pradesh,Kanpur Nagar,Kanpur Mandi,Wheat,HD-2967,2134.28,2406.74,2270.51,130
2026-09-04,Uttar Pradesh,Kanpur Nagar,Kanpur Mandi,Wheat,HD-2967,2126.81,2398.31,2262.56,130
2026-09-05,Uttar Pradesh,Kanpur Nagar,Kanpur Mandi,Wheat,HD-2967,2121.72,2392.58,2257.15,130
2026-09-06,Uttar Pradesh,Kanpur Nagar,Kanpur Mandi,Wheat,HD-2967,2122.91,2393.93,2258.42,130
2026-09-07,Uttar Pradesh,Kanpur Nagar,Kanpur Mandi,Wheat,HD-2967,2134.11,2406.55,2270.33,130
2026-09-08,Uttar Pradesh,Kanpur Nagar,Kanpur Mandi,Wheat,HD-2967,2128.25,2399.95,2264.1,130
2026-09-09,Uttar Pradesh,Kanpur Nagar,Kanpur Mandi,Wheat,HD-2967,2122.24,2393.16,2257.7,130
2026-09-10,Uttar Pradesh,Kanpur Nagar,Kanpur Mandi,Wheat,HD-2967,2123.75,2394.87,2259.31,130
2026-05-14,Uttar Pradesh,Lucknow,Lucknow Mandi,Wheat,HD-2967,2147.99,2422.21,2285.1,210
2026-05-15,Uttar Pradesh,Lucknow,Lucknow Mandi,Wheat,HD-2967,2147.35,2421.47,2284.41,210
2026-05-16,Uttar Pradesh,Lucknow,Lucknow Mandi,Wheat,HD-2967,2148.81,2423.13,2285.97,210
2026-05-17,Uttar Pradesh,Lucknow,Lucknow Mandi,Wheat,HD-2967,2155.09,2430.21,2292.65,210
2026-05-18,Uttar Pradesh,Lucknow,Lucknow Mandi,Wheat,HD-2967,2158.91,2434.51,2296.71,210
2026-05-19,Uttar Pradesh,Lucknow,Lucknow Mandi,Wheat,HD-2967,2154.33,2429.35,2291.84,210
2026-05-20,Uttar Pradesh,Lucknow,Lucknow Mandi,Wheat,HD-2967,2160.28,2436.06,2298.17,210
2026-05-21,Uttar Pradesh,Lucknow,Lucknow Mandi,Wheat,HD-2967,2161.67,2437.63,2299.65,210
2026-05-22,Uttar Pradesh,Lucknow,Lucknow Mandi,Wheat,HD-2967,2164.67,2441.01,2302.84,210
2026-05-23,Uttar Pradesh,Lucknow,Lucknow Mandi,Wheat,HD-2967,2171.01,2448.15,2309.58,210
2026-05-24,Uttar Pradesh,Lucknow,Lucknow Mandi,Wheat,HD-2967,2166.28,2442.82,2304.55,210
2026-05-25,Uttar Pradesh,Lucknow,Lucknow Mandi,Wheat,HD-2967,2166.16,2442.7,2304.43,210
2026-05-26,Uttar Pradesh,Lucknow,Lucknow Mandi,Wheat,HD-2967,2163.93,2440.17,2302.05,210
2026-05-27,Uttar Pradesh,Lucknow,Lucknow Mandi,Wheat,HD-2967,2157.23,2432.63,2294.93,210
2026-05-28,Uttar Pradesh,Lucknow,Lucknow Mandi,Wheat,HD-2967,2158.77,2434.35,2296.56,210
2026-05-29,Uttar Pradesh,Lucknow,Lucknow Mandi,Wheat,HD-2967,2169.6,2446.56,2308.08,210
2026-05-30,Uttar Pradesh,Lucknow,Lucknow Mandi,Wheat,HD-2967,2161.74,2437.7,2299.72,210
2026-05-31,Uttar Pradesh,Lucknow,Lucknow Mandi,Wheat,HD-2967,2161.64,2437.6,2299.62,210
2026-06-01,Uttar Pradesh,Lucknow,Lucknow Mandi,Wheat,HD-2967,2164.43,2440.75,2302.59,210
2026-06-02,Uttar Pradesh,Lucknow,Lucknow Mandi,Wheat,HD-2967,2165.01,2441.39,2303.2,210
2026-06-03,Uttar Pradesh,Lucknow,Lucknow Mandi,Wheat,HD-2967,2164.57,2440.89,2302.73,210
2026-06-04,Uttar Pradesh,Lucknow,Lucknow Mandi,Wheat,HD-2967,2159.02,2434.64,2296.83,210
2026-06-05,Uttar Pradesh,Lucknow,Lucknow Mandi,Wheat,HD-2967,2160.06,2435.82,2297.94,210
2026-06-06,Uttar Pradesh,Lucknow,Lucknow Mandi,Wheat,HD-2967,2156.86,2432.2,2294.53,210
2026-06-07,Uttar Pradesh,Lucknow,Lucknow Mandi,Wheat,HD-2967,2147.5,2421.64,2284.57,210
2026-06-08,Uttar Pradesh,Lucknow,Lucknow Mandi,Wheat,HD-2967,2152.67,2427.47,2290.07,210
2026-06-09,Uttar Pradesh,Lucknow,Lucknow Mandi,Wheat,HD-2967,2156.83,2432.17,2294.5,210
2026-06-10,Uttar Pradesh,Lucknow,Lucknow Mandi,Wheat,HD-2967,2157.09,2432.47,2294.78,210
2026-06-11,Uttar Pradesh,Lucknow,Lucknow Mandi,Wheat,HD-2967,2158.12,2433.62,2295.87,210
2026-06-12,Uttar Pradesh,Lucknow,Lucknow Mandi,Wheat,HD-2967,2162.78,2438.88,2300.83,210
2026-06-13,Uttar Pradesh,Lucknow,Lucknow Mandi,Wheat,HD-2967,2163.79,2440.01,2301.9,210
2026-06-14,Uttar Pradesh,Lucknow,Lucknow Mandi,Wheat,HD-2967,2167.72,2444.44,2306.08,210
2026-06-15,Uttar Pradesh,Lucknow,Lucknow Mandi,Wheat,HD-2967,2166.47,2443.05,2304.76,210
2026-06-16,Uttar Pradesh,Lucknow,Lucknow Mandi,Wheat,HD-2967,2172.16,2449.46,2310.81,210
2026-06-17,Uttar Pradesh,Lucknow,Lucknow Mandi,Wheat,HD-2967,2173.58,2451.06,2312.32,210
2026-06-18,Uttar Pradesh,Lucknow,Lucknow Mandi,Wheat,HD-2967,2174.45,2452.05,2313.25,210
2026-06-19,Uttar Pradesh,Lucknow,Lucknow Mandi,Wheat,HD-2967,2169.04,2445.94,2307.49,210
2026-06-20,Uttar Pradesh,Lucknow,Lucknow Mandi,Wheat,HD-2967,2170.32,2447.38,2308.85,210
2026-06-21,Uttar Pradesh,Lucknow,Lucknow Mandi,Wheat,HD-2967,2166.78,2443.4,2305.09,210
2026-06-22,Uttar Pradesh,Lucknow,Lucknow Mandi,Wheat,HD-2967,2164.09,2440.35,2302.22,210
2026-06-23,Uttar Pradesh,Lucknow,Lucknow Mandi,Wheat,HD-2967,2160.63,2436.45,2298.54,210
2026-06-24,Uttar Pradesh,Lucknow,Lucknow Mandi,Wheat,HD-2967,2156.09,2431.33,2293.71,210
2026-06-25,Uttar Pradesh,Lucknow,Lucknow Mandi,Wheat,HD-2967,2165.26,2441.68,2303.47,210
2026-06-26,Uttar Pradesh,Lucknow,Lucknow Mandi,Wheat,HD-2967,2171.02,2448.18,2309.6,210
2026-06-27,Uttar Pradesh,Lucknow,Lucknow Mandi,Wheat,HD-2967,2179.31,2457.53,2318.42,210
2026-06-28,Uttar Pradesh,Lucknow,Lucknow Mandi,Wheat,HD-2967,2174.11,2451.65,2312.88,210
2026-06-29,Uttar Pradesh,Lucknow,Lucknow Mandi,Wheat,HD-2967,2174.45,2452.05,2313.25,210
2026-06-30,Uttar Pradesh,Lucknow,Lucknow Mandi,Wheat,HD-2967,2168.94,2445.82,2307.38,210
2026-07-01,Uttar Pradesh,Lucknow,Lucknow Mandi,Wheat,HD-2967,2165.99,2442.51,2304.25,210
2026-07-02,Uttar Pradesh,Lucknow,Lucknow Mandi,Wheat,HD-2967,2162.09,2438.11,2300.1,210
2026-07-03,Uttar Pradesh,Lucknow,Lucknow Mandi,Wheat,HD-2967,2167.46,2444.16,2305.81,210
2026-07-04,Uttar Pradesh,Lucknow,Lucknow Mandi,Wheat,HD-2967,2165.81,2442.29,2304.05,210
2026-07-05,Uttar Pradesh,Lucknow,Lucknow Mandi,Wheat,HD-2967,2170.43,2447.51,2308.97,210
2026-07-06,Uttar Pradesh,Lucknow,Lucknow Mandi,Wheat,HD-2967,2173.07,2450.49,2311.78,210
2026-07-07,Uttar Pradesh,Lucknow,Lucknow Mandi,Wheat,HD-2967,2183.02,2461.7,2322.36,210
2026-07-08,Uttar Pradesh,Lucknow,Lucknow Mandi,Wheat,HD-2967,2176.7,2454.58,2315.64,210
2026-07-09,Uttar Pradesh,Lucknow,Lucknow Mandi,Wheat,HD-2967,2182.15,2460.73,2321.44,210
2026-07-10,Uttar Pradesh,Lucknow,Lucknow Mandi,Wheat,HD-2967,2187.13,2466.33,2326.73,210
2026-07-11,Uttar Pradesh,Lucknow,Lucknow Mandi,Wheat,HD-2967,2182.98,2461.66,2322.32,210
2026-07-12,Uttar Pradesh,Lucknow,Lucknow Mandi,Wheat,HD-2967,2187.35,2466.59,2326.97,210
2026-07-13,Uttar Pradesh,Lucknow,Lucknow Mandi,Wheat,HD-2967,2188.84,2468.26,2328.55,210
2026-07-14,Uttar Pradesh,Lucknow,Lucknow Mandi,Wheat,HD-2967,2187.91,2467.21,2327.56,210
2026-07-15,Uttar Pradesh,Lucknow,Lucknow Mandi,Wheat,HD-2967,2184.41,2463.27,2323.84,210
2026-07-16,Uttar Pradesh,Lucknow,Lucknow Mandi,Wheat,HD-2967,2181.36,2459.84,2320.6,210
2026-07-17,Uttar Pradesh,Lucknow,Lucknow Mandi,Wheat,HD-2967,2190.21,2469.81,2330.01,210
2026-07-18,Uttar Pradesh,Lucknow,Lucknow Mandi,Wheat,HD-2967,2190.26,2469.86,2330.06,210
2026-07-19,Uttar Pradesh,Lucknow,Lucknow Mandi,Wheat,HD-2967,2193.66,2473.7,2333.68,210
2026-07-20,Uttar Pradesh,Lucknow,Lucknow Mandi,Wheat,HD-2967,2190.3,2469.92,2330.11,210
2026-07-21,Uttar Pradesh,Lucknow,Lucknow Mandi,Wheat,HD-2967,2187.0,2466.2,2326.6,210
2026-07-22,Uttar Pradesh,Lucknow,Lucknow Mandi,Wheat,HD-2967,2191.69,2471.49,2331.59,210
2026-07-23,Uttar Pradesh,Lucknow,Lucknow Mandi,Wheat,HD-2967,2185.93,2464.99,2325.46,210
2026-07-24,Uttar Pradesh,Lucknow,Lucknow Mandi,Wheat,HD-2967,2184.19,2463.03,2323.61,210
2026-07-25,Uttar Pradesh,Lucknow,Lucknow Mandi,Wheat,HD-2967,2184.38,2463.24,2323.81,210
2026-07-26,Uttar Pradesh,Lucknow,Lucknow Mandi,Wheat,HD-2967,2184.91,2463.83,2324.37,210
2026-07-27,Uttar Pradesh,Lucknow,Lucknow Mandi,Wheat,HD-2967,2184.17,2463.01,2323.59,210
2026-07-28,Uttar Pradesh,Lucknow,Lucknow Mandi,Wheat,HD-2967,2185.92,2464.98,2325.45,210
2026-07-29,Uttar Pradesh,Lucknow,Lucknow Mandi,Wheat,HD-2967,2188.94,2468.38,2328.66,210
2026-07-30,Uttar Pradesh,Lucknow,Lucknow Mandi,Wheat,HD-2967,2192.15,2471.99,2332.07,210
2026-07-31,Uttar Pradesh,Lucknow,Lucknow Mandi,Wheat,HD-2967,2187.95,2467.27,2327.61,210
2026-08-01,Uttar Pradesh,Lucknow,Lucknow Mandi,Wheat,HD-2967,2186.77,2465.93,2326.35,210
2026-08-02,Uttar Pradesh,Lucknow,Lucknow Mandi,Wheat,HD-2967,2191.95,2471.77,2331.86,210
2026-08-03,Uttar Pradesh,Lucknow,Lucknow Mandi,Wheat,HD-2967,2195.83,2476.15,2335.99,210
2026-08-04,Uttar Pradesh,Lucknow,Lucknow Mandi,Wheat,HD-2967,2189.97,2469.55,2329.76,210
2026-08-05,Uttar Pradesh,Lucknow,Lucknow Mandi,Wheat,HD-2967,2191.53,2471.31,2331.42,210
2026-08-06,Uttar Pradesh,Lucknow,Lucknow Mandi,Wheat,HD-2967,2183.07,2461.77,2322.42,210
2026-08-07,Uttar Pradesh,Lucknow,Lucknow Mandi,Wheat,HD-2967,2183.32,2462.04,2322.68,210
2026-08-08,Uttar Pradesh,Lucknow,Lucknow Mandi,Wheat,HD-2967,2191.52,2471.28,2331.4,210
2026-08-09,Uttar Pradesh,Lucknow,Lucknow Mandi,Wheat,HD-2967,2187.48,2466.74,2327.11,210
2026-08-10,Uttar Pradesh,Lucknow,Lucknow Mandi,Wheat,HD-2967,2183.95,2462.75,2323.35,210
2026-08-11,Uttar Pradesh,Lucknow,Lucknow Mandi,Wheat,HD-2967,2187.27,2466.49,2326.88,210
2026-08-12,Uttar Pradesh,Lucknow,Lucknow Mandi,Wheat,HD-2967,2180.69,2459.07,2319.88,210
2026-08-13,Uttar Pradesh,Lucknow,Lucknow Mandi,Wheat,HD-2967,2178.01,2456.05,2317.03,210
2026-08-14,Uttar Pradesh,Lucknow,Lucknow Mandi,Wheat,HD-2967,2180.61,2458.99,2319.8,210
2026-08-15,Uttar Pradesh,Lucknow,Lucknow Mandi,Wheat,HD-2967,2177.93,2455.97,2316.95,210
2026-08-16,Uttar Pradesh,Lucknow,Lucknow Mandi,Wheat,HD-2967,2176.96,2454.88,2315.92,210
2026-08-17,Uttar Pradesh,Lucknow,Lucknow Mandi,Wheat,HD-2967,2180.2,2458.52,2319.36,210
2026-08-18,Uttar Pradesh,Lucknow,Lucknow Mandi,Wheat,HD-2967,2182.06,2460.62,2321.34,210
2026-08-19,Uttar Pradesh,Lucknow,Lucknow Mandi,Wheat,HD-2967,2183.24,2461.96,2322.6,210
2026-08-20,Uttar Pradesh,Lucknow,Lucknow Mandi,Wheat,HD-2967,2181.83,2460.37,2321.1,210
2026-08-21,Uttar Pradesh,Lucknow,Lucknow Mandi,Wheat,HD-2967,2183.47,2462.21,2322.84,210
2026-08-22,Uttar Pradesh,Lucknow,Lucknow Mandi,Wheat,HD-2967,2182.98,2461.66,2322.32,210
2026-08-23,Uttar Pradesh,Lucknow,Lucknow Mandi,Wheat,HD-2967,2184.98,2463.92,2324.45,210
2026-08-24,Uttar Pradesh,Lucknow,Lucknow Mandi,Wheat,HD-2967,2182.9,2461.56,2322.23,210
2026-08-25,Uttar Pradesh,Lucknow,Lucknow Mandi,Wheat,HD-2967,2182.15,2460.73,2321.44,210
2026-08-26,Uttar Pradesh,Lucknow,Lucknow Mandi,Wheat,HD-2967,2177.94,2455.98,2316.96,210
2026-08-27,Uttar Pradesh,Lucknow,Lucknow Mandi,Wheat,HD-2967,2177.84,2455.86,2316.85,210
2026-08-28,Uttar Pradesh,Lucknow,Lucknow Mandi,Wheat,HD-2967,2174.39,2451.97,2313.18,210
2026-08-29,Uttar Pradesh,Lucknow,Lucknow Mandi,Wheat,HD-2967,2169.65,2446.63,2308.14,210
2026-08-30,Uttar Pradesh,Lucknow,Lucknow Mandi,Wheat,HD-2967,2170.81,2447.93,2309.37,210
2026-08-31,Uttar Pradesh,Lucknow,Lucknow Mandi,Wheat,HD-2967,2171.76,2449.0,2310.38,210
2026-09-01,Uttar Pradesh,Lucknow,Lucknow Mandi,Wheat,HD-2967,2175.17,2452.85,2314.01,210
2026-09-02,Uttar Pradesh,Lucknow,Lucknow Mandi,Wheat,HD-2967,2173.36,2450.8,2312.08,210
2026-09-03,Uttar Pradesh,Lucknow,Lucknow Mandi,Wheat,HD-2967,2175.15,2452.83,2313.99,210
2026-09-04,Uttar Pradesh,Lucknow,Lucknow Mandi,Wheat,HD-2967,2177.57,2455.55,2316.56,210
2026-09-05,Uttar Pradesh,Lucknow,Lucknow Mandi,Wheat,HD-2967,2179.52,2457.76,2318.64,210
2026-09-06,Uttar Pradesh,Lucknow,Lucknow Mandi,Wheat,HD-2967,2176.02,2453.8,2314.91,210
2026-09-07,Uttar Pradesh,Lucknow,Lucknow Mandi,Wheat,HD-2967,2176.7,2454.58,2315.64,210
2026-09-08,Uttar Pradesh,Lucknow,Lucknow Mandi,Wheat,HD-2967,2178.31,2456.39,2317.35,210
2026-09-09,Uttar Pradesh,Lucknow,Lucknow Mandi,Wheat,HD-2967,2178.38,2456.48,2317.43,210
2026-09-10,Uttar Pradesh,Lucknow,Lucknow Mandi,Wheat,HD-2967,2169.45,2446.41,2307.93,210
2026-05-14,Uttar Pradesh,Mathura,Mathura Mandi,Wheat,HD-2967,1940.07,2187.73,2063.9,55
2026-05-15,Uttar Pradesh,Mathura,Mathura Mandi,Wheat,HD-2967,1930.48,2176.92,2053.7,55
2026-05-16,Uttar Pradesh,Mathura,Mathura Mandi,Wheat,HD-2967,1935.46,2182.54,2059.0,55
2026-05-17,Uttar Pradesh,Mathura,Mathura Mandi,Wheat,HD-2967,1936.8,2184.06,2060.43,55
2026-05-18,Uttar Pradesh,Mathura,Mathura Mandi,Wheat,HD-2967,1932.17,2178.83,2055.5,55
2026-05-19,Uttar Pradesh,Mathura,Mathura Mandi,Wheat,HD-2967,1928.05,2174.19,2051.12,55
2026-05-20,Uttar Pradesh,Mathura,Mathura Mandi,Wheat,HD-2967,1934.58,2181.54,2058.06,55
2026-05-21,Uttar Pradesh,Mathura,Mathura Mandi,Wheat,HD-2967,1930.96,2177.46,2054.21,55
2026-05-22,Uttar Pradesh,Mathura,Mathura Mandi,Wheat,HD-2967,1926.53,2172.47,2049.5,55
2026-05-23,Uttar Pradesh,Mathura,Mathura Mandi,Wheat,HD-2967,1930.97,2177.47,2054.22,55
2026-05-24,Uttar Pradesh,Mathura,Mathura Mandi,Wheat,HD-2967,1932.32,2179.0,2055.66,55
2026-05-25,Uttar Pradesh,Mathura,Mathura Mandi,Wheat,HD-2967,1928.73,2174.95,2051.84,55
2026-05-26,Uttar Pradesh,Mathura,Mathura Mandi,Wheat,HD-2967,1929.6,2175.94,2052.77,55
2026-05-27,Uttar Pradesh,Mathura,Mathura Mandi,Wheat,HD-2967,1925.67,2171.51,2048.59,55
2026-05-28,Uttar Pradesh,Mathura,Mathura Mandi,Wheat,HD-2967,1929.97,2176.35,2053.16,55
2026-05-29,Uttar Pradesh,Mathura,Mathura Mandi,Wheat,HD-2967,1934.12,2181.02,2057.57,55
2026-05-30,Uttar Pradesh,Mathura,Mathura Mandi,Wheat,HD-2967,1936.22,2183.4,2059.81,55
2026-05-31,Uttar Pradesh,Mathura,Mathura Mandi,Wheat,HD-2967,1937.65,2185.01,2061.33,55
2026-06-01,Uttar Pradesh,Mathura,Mathura Mandi,Wheat,HD-2967,1944.51,2192.75,2068.63,55
2026-06-02,Uttar Pradesh,Mathura,Mathura Mandi,Wheat,HD-2967,1944.54,2192.78,2068.66,55
2026-06-03,Uttar Pradesh,Mathura,Mathura Mandi,Wheat,HD-2967,1940.01,2187.67,2063.84,55
2026-06-04,Uttar Pradesh,Mathura,Mathura Mandi,Wheat,HD-2967,1941.79,2189.67,2065.73,55
2026-06-05,Uttar Pradesh,Mathura,Mathura Mandi,Wheat,HD-2967,1949.9,2198.82,2074.36,55
2026-06-06,Uttar Pradesh,Mathura,Mathura Mandi,Wheat,HD-2967,1946.01,2194.43,2070.22,55
2026-06-07,Uttar Pradesh,Mathura,Mathura Mandi,Wheat,HD-2967,1944.65,2192.91,2068.78,55
2026-06-08,Uttar Pradesh,Mathura,Mathura Mandi,Wheat,HD-2967,1946.3,2194.76,2070.53,55
2026-06-09,Uttar Pradesh,Mathura,Mathura Mandi,Wheat,HD-2967,1946.13,2194.57,2070.35,55
2026-06-10,Uttar Pradesh,Mathura,Mathura Mandi,Wheat,HD-2967,1942.37,2190.33,2066.35,55
2026-06-11,Uttar Pradesh,Mathura,Mathura Mandi,Wheat,HD-2967,1946.75,2195.27,2071.01,55
2026-06-12,Uttar Pradesh,Mathura,Mathura Mandi,Wheat,HD-2967,1955.76,2205.44,2080.6,55
2026-06-13,Uttar Pradesh,Mathura,Mathura Mandi,Wheat,HD-2967,1956.56,2206.34,2081.45,55
2026-06-14,Uttar Pradesh,Mathura,Mathura Mandi,Wheat,HD-2967,1953.1,2202.44,2077.77,55
2026-06-15,Uttar Pradesh,Mathura,Mathura Mandi,Wheat,HD-2967,1947.14,2195.72,2071.43,55
2026-06-16,Uttar Pradesh,Mathura,Mathura Mandi,Wheat,HD-2967,1948.19,2196.89,2072.54,55
2026-06-17,Uttar Pradesh,Mathura,Mathura Mandi,Wheat,HD-2967,1952.49,2201.75,2077.12,55
2026-06-18,Uttar Pradesh,Mathura,Mathura Mandi,Wheat,HD-2967,1954.37,2203.87,2079.12,55
2026-06-19,Uttar Pradesh,Mathura,Mathura Mandi,Wheat,HD-2967,1954.4,2203.9,2079.15,55
2026-06-20,Uttar Pradesh,Mathura,Mathura Mandi,Wheat,HD-2967,1952.16,2201.38,2076.77,55
2026-06-21,Uttar Pradesh,Mathura,Mathura Mandi,Wheat,HD-2967,1947.97,2196.65,2072.31,55
2026-06-22,Uttar Pradesh,Mathura,Mathura Mandi,Wheat,HD-2967,1951.24,2200.34,2075.79,55
2026-06-23,Uttar Pradesh,Mathura,Mathura Mandi,Wheat,HD-2967,1954.81,2204.37,2079.59,55
2026-06-24,Uttar Pradesh,Mathura,Mathura Mandi,Wheat,HD-2967,1948.87,2197.67,2073.27,55
2026-06-25,Uttar Pradesh,Mathura,Mathura Mandi,Wheat,HD-2967,1955.06,2204.64,2079.85,55
2026-06-26,Uttar Pradesh,Mathura,Mathura Mandi,Wheat,HD-2967,1957.32,2207.2,2082.26,55
2026-06-27,Uttar Pradesh,Mathura,Mathura Mandi,Wheat,HD-2967,1962.78,2213.34,2088.06,55
2026-06-28,Uttar Pradesh,Mathura,Mathura Mandi,Wheat,HD-2967,1957.63,2207.53,2082.58,55
2026-06-29,Uttar Pradesh,Mathura,Mathura Mandi,Wheat,HD-2967,1952.38,2201.62,2077.0,55
2026-06-30,Uttar Pradesh,Mathura,Mathura Mandi,Wheat,HD-2967,1951.83,2201.01,2076.42,55
2026-07-01,Uttar Pradesh,Mathura,Mathura Mandi,Wheat,HD-2967,1953.83,2203.25,2078.54,55
2026-07-02,Uttar Pradesh,Mathura,Mathura Mandi,Wheat,HD-2967,1960.81,2211.13,2085.97,55
2026-07-03,Uttar Pradesh,Mathura,Mathura Mandi,Wheat,HD-2967,1963.58,2214.26,2088.92,55
2026-07-04,Uttar Pradesh,Mathura,Mathura Mandi,Wheat,HD-2967,1962.68,2213.24,2087.96,55
2026-07-05,Uttar Pradesh,Mathura,Mathura Mandi,Wheat,HD-2967,1958.75,2208.81,2083.78,55
2026-07-06,Uttar Pradesh,Mathura,Mathura Mandi,Wheat,HD-2967,1963.55,2214.21,2088.88,55
2026-07-07,Uttar Pradesh,Mathura,Mathura Mandi,Wheat,HD-2967,1959.85,2210.05,2084.95,55
2026-07-08,Uttar Pradesh,Mathura,Mathura Mandi,Wheat,HD-2967,1966.19,2217.19,2091.69,55
2026-07-09,Uttar Pradesh,Mathura,Mathura Mandi,Wheat,HD-2967,1965.14,2216.0,2090.57,55
2026-07-10,Uttar Pradesh,Mathura,Mathura Mandi,Wheat,HD-2967,1971.32,2222.98,2097.15,55
2026-07-11,Uttar Pradesh,Mathura,Mathura Mandi,Wheat,HD-2967,1973.99,2225.99,2099.99,55
2026-07-12,Uttar Pradesh,Mathura,Mathura Mandi,Wheat,HD-2967,1973.5,2225.44,2099.47,55
2026-07-13,Uttar Pradesh,Mathura,Mathura Mandi,Wheat,HD-2967,1971.53,2223.21,2097.37,55
2026-07-14,Uttar Pradesh,Mathura,Mathura Mandi,Wheat,HD-2967,1970.25,2221.77,2096.01,55
2026-07-15,Uttar Pradesh,Mathura,Mathura Mandi,Wheat,HD-2967,1971.94,2223.68,2097.81,55
2026-07-16,Uttar Pradesh,Mathura,Mathura Mandi,Wheat,HD-2967,1972.28,2224.06,2098.17,55
2026-07-17,Uttar Pradesh,Mathura,Mathura Mandi,Wheat,HD-2967,1970.02,2221.52,2095.77,55
2026-07-18,Uttar Pradesh,Mathura,Mathura Mandi,Wheat,HD-2967,1969.42,2220.84,2095.13,55
2026-07-19,Uttar Pradesh,Mathura,Mathura Mandi,Wheat,HD-2967,1969.76,2221.22,2095.49,55
2026-07-20,Uttar Pradesh,Mathura,Mathura Mandi,Wheat,HD-2967,1961.56,2211.98,2086.77,55
2026-07-21,Uttar Pradesh,Mathura,Mathura Mandi,Wheat,HD-2967,1963.38,2214.02,2088.7,55
2026-07-22,Uttar Pradesh,Mathura,Mathura Mandi,Wheat,HD-2967,1959.63,2209.79,2084.71,55
2026-07-23,Uttar Pradesh,Mathura,Mathura Mandi,Wheat,HD-2967,1955.2,2204.8,2080.0,55
2026-07-24,Uttar Pradesh,Mathura,Mathura Mandi,Wheat,HD-2967,1948.71,2197.49,2073.1,55
2026-07-25,Uttar Pradesh,Mathura,Mathura Mandi,Wheat,HD-2967,1941.81,2189.7,2065.75,55
2026-07-26,Uttar Pradesh,Mathura,Mathura Mandi,Wheat,HD-2967,1936.61,2183.83,2060.22,55
2026-07-27,Uttar Pradesh,Mathura,Mathura Mandi,Wheat,HD-2967,1933.9,2180.78,2057.34,55
2026-07-28,Uttar Pradesh,Mathura,Mathura Mandi,Wheat,HD-2967,1941.49,2189.35,2065.42,55
2026-07-29,Uttar Pradesh,Mathura,Mathura Mandi,Wheat,HD-2967,1939.5,2187.1,2063.3,55
2026-07-30,Uttar Pradesh,Mathura,Mathura Mandi,Wheat,HD-2967,1940.23,2187.91,2064.07,55
2026-07-31,Uttar Pradesh,Mathura,Mathura Mandi,Wheat,HD-2967,1941.81,2189.71,2065.76,55
2026-08-01,Uttar Pradesh,Mathura,Mathura Mandi,Wheat,HD-2967,1942.36,2190.32,2066.34,55
2026-08-02,Uttar Pradesh,Mathura,Mathura Mandi,Wheat,HD-2967,1942.1,2190.02,2066.06,55
2026-08-03,Uttar Pradesh,Mathura,Mathura Mandi,Wheat,HD-2967,1937.51,2184.85,2061.18,55
2026-08-04,Uttar Pradesh,Mathura,Mathura Mandi,Wheat,HD-2967,1943.17,2191.23,2067.2,55
2026-08-05,Uttar Pradesh,Mathura,Mathura Mandi,Wheat,HD-2967,1950.2,2199.16,2074.68,55
2026-08-06,Uttar Pradesh,Mathura,Mathura Mandi,Wheat,HD-2967,1943.72,2191.86,2067.79,55
2026-08-07,Uttar Pradesh,Mathura,Mathura Mandi,Wheat,HD-2967,1939.8,2187.44,2063.62,55
2026-08-08,Uttar Pradesh,Mathura,Mathura Mandi,Wheat,HD-2967,1938.76,2186.26,2062.51,55
2026-08-09,Uttar Pradesh,Mathura,Mathura Mandi,Wheat,HD-2967,1935.07,2182.09,2058.58,55
2026-08-10,Uttar Pradesh,Mathura,Mathura Mandi,Wheat,HD-2967,1937.06,2184.34,2060.7,55
2026-08-11,Uttar Pradesh,Mathura,Mathura Mandi,Wheat,HD-2967,1934.29,2181.22,2057.75,55
2026-08-12,Uttar Pradesh,Mathura,Mathura Mandi,Wheat,HD-2967,1942.7,2190.7,2066.7,55
2026-08-13,Uttar Pradesh,Mathura,Mathura Mandi,Wheat,HD-2967,1947.34,2195.94,2071.64,55
2026-08-14,Uttar Pradesh,Mathura,Mathura Mandi,Wheat,HD-2967,1948.21,2196.91,2072.56,55
2026-08-15,Uttar Pradesh,Mathura,Mathura Mandi,Wheat,HD-2967,1952.21,2201.43,2076.82,55
2026-08-16,Uttar Pradesh,Mathura,Mathura Mandi,Wheat,HD-2967,1956.53,2206.31,2081.42,55
2026-08-17,Uttar Pradesh,Mathura,Mathura Mandi,Wheat,HD-2967,1954.39,2203.89,2079.14,55
2026-08-18,Uttar Pradesh,Mathura,Mathura Mandi,Wheat,HD-2967,1951.27,2200.37,2075.82,55
2026-08-19,Uttar Pradesh,Mathura,Mathura Mandi,Wheat,HD-2967,1951.61,2200.75,2076.18,55
2026-08-20,Uttar Pradesh,Mathura,Mathura Mandi,Wheat,HD-2967,1954.98,2204.56,2079.77,55
2026-08-21,Uttar Pradesh,Mathura,Mathura Mandi,Wheat,HD-2967,1955.56,2205.2,2080.38,55
2026-08-22,Uttar Pradesh,Mathura,Mathura Mandi,Wheat,HD-2967,1949.49,2198.37,2073.93,55
2026-08-23,Uttar Pradesh,Mathura,Mathura Mandi,Wheat,HD-2967,1946.43,2194.91,2070.67,55
2026-08-24,Uttar Pradesh,Mathura,Mathura Mandi,Wheat,HD-2967,1946.19,2194.63,2070.41,55
2026-08-25,Uttar Pradesh,Mathura,Mathura Mandi,Wheat,HD-2967,1945.93,2194.35,2070.14,55
2026-08-26,Uttar Pradesh,Mathura,Mathura Mandi,Wheat,HD-2967,1953.6,2203.0,2078.3,55
2026-08-27,Uttar Pradesh,Mathura,Mathura Mandi,Wheat,HD-2967,1948.27,2196.99,2072.63,55
2026-08-28,Uttar Pradesh,Mathura,Mathura Mandi,Wheat,HD-2967,1950.27,2199.24,2074.75,55
2026-08-29,Uttar Pradesh,Mathura,Mathura Mandi,Wheat,HD-2967,1956.06,2205.78,2080.92,55
2026-08-30,Uttar Pradesh,Mathura,Mathura Mandi,Wheat,HD-2967,1964.9,2215.74,2090.32,55
2026-08-31,Uttar Pradesh,Mathura,Mathura Mandi,Wheat,HD-2967,1963.37,2214.01,2088.69,55
2026-09-01,Uttar Pradesh,Mathura,Mathura Mandi,Wheat,HD-2967,1965.31,2216.21,2090.76,55
2026-09-02,Uttar Pradesh,Mathura,Mathura Mandi,Wheat,HD-2967,1967.55,2218.73,2093.14,55
2026-09-03,Uttar Pradesh,Mathura,Mathura Mandi,Wheat,HD-2967,1968.35,2219.63,2093.99,55
2026-09-04,Uttar Pradesh,Mathura,Mathura Mandi,Wheat,HD-2967,1968.0,2219.24,2093.62,55
2026-09-05,Uttar Pradesh,Mathura,Mathura Mandi,Wheat,HD-2967,1969.73,2221.19,2095.46,55
2026-09-06,Uttar Pradesh,Mathura,Mathura Mandi,Wheat,HD-2967,1959.98,2210.18,2085.08,55
2026-09-07,Uttar Pradesh,Mathura,Mathura Mandi,Wheat,HD-2967,1962.64,2213.2,2087.92,55
2026-09-08,Uttar Pradesh,Mathura,Mathura Mandi,Wheat,HD-2967,1963.18,2213.8,2088.49,55
2026-09-09,Uttar Pradesh,Mathura,Mathura Mandi,Wheat,HD-2967,1962.35,2212.87,2087.61,55
2026-09-10,Uttar Pradesh,Mathura,Mathura Mandi,Wheat,HD-2967,1970.32,2221.84,2096.08,55
